r,l,t
0.61,18,0.440833
0.83,14,0.45144
0.59,22,0.468895
0.41,18,0.482318
0.29,24,0.500439
0.22,14,0.510869
0.19,20,0.525713
0.78,14,0.535968
0.58,28,0.563831
0.51,20,0.57855
0.29,14,0.588801
0.32,14,0.599019
0.09,30,0.620523
0.62,24,0.63777
0.44,14,0.647985
0.41,24,0.66495
0.34,32,0.68839
0.39,16,0.701651
0.6,14,0.713407
0.56,18,0.726507
0.37,16,0.739127
0.51,16,0.751876
0.42,28,0.772943
0.22,30,0.79483
0.46,20,0.81001
0.12,28,0.849227
0.48,16,0.861064
0.47,22,0.877393
0.19,18,0.896724
0.32,16,0.909033
0.47,18,0.923115
0.39,32,0.949497
0.31,26,0.969175
0.24,32,0.993692
0.38,14,1.004604
0.34,30,1.02667
0.61,18,1.040092
0.43,14,1.050769
0.29,32,1.090073
0.29,24,1.121682
0.36,18,1.142576
0.33,22,1.174598
0.49,18,1.200507
0.32,26,1.230117
0.51,14,1.246528
0.59,16,1.266196
0.33,18,1.288041
0.44,16,1.306137
0.34,32,1.462144
0.27,18,1.475665
0.34,28,1.497105
0.43,14,1.508069
0.44,26,1.527197
0.51,18,1.544694
0.53,14,1.555444
0.34,20,1.580503
0.49,16,1.594499
0.34,18,1.608167
0.3,26,1.627659
0.49,22,1.643896
0.71,22,1.660077
0.44,26,1.679151
0.63,18,1.692683
0.41,14,1.703471
0.09,16,1.715646
0.46,14,1.730356
0.41,16,1.742568
0.36,24,1.765255
0.58,24,1.784551
0.34,26,1.803697
0.42,18,1.821325
0.26,28,1.842108
0.32,18,1.855937
0.58,16,1.867857
0.27,14,1.878439
0.33,28,1.901023
0.52,32,1.926361
0.49,16,1.938898
0.29,18,1.953126
0.54,14,1.964242
0.55,16,1.976591
0.12,20,1.991461
0.44,26,2.010588
0.51,18,2.024382
0.41,24,2.041855
0.46,20,2.056549
0.51,20,2.07185
0.19,22,2.08798
0.6,14,2.099865
0.19,16,2.111992
0.31,32,2.14051
0.71,20,2.155094
0.51,24,2.17217
0.19,16,2.184304
0.34,18,2.197524
0.51,14,2.208791
0.39,32,2.232896
0.36,14,2.259082
0.23,22,2.274772
0.22,21,3.466672
0.68,16,3.478787
0.32,22,3.495108
0.69,16,3.507169
0.53,24,3.524786
0.57,18,3.538342
0.63,18,3.551944
0.69,18,3.565402
0.63,16,3.577625
0.53,18,3.590847
0.64,14,3.601327
0.47,14,3.614547
0.59,22,3.636061
0.42,16,3.648071
0.54,22,3.664181
0.32,20,3.678916
0.63,16,3.690912
0.44,20,3.7059
0.81,24,3.723474
0.19,16,3.735442
0.58,24,3.75289
0.32,16,3.764663
0.51,16,3.776565
0.62,20,3.791071
0.54,14,3.80142
0.59,16,3.813308
0.44,18,3.826374
0.29,22,3.848692
0.36,24,3.866404
0.62,18,3.879821
0.46,16,3.893824
0.23,14,3.904341
0.36,16,3.916869
0.41,18,3.931663
0.59,14,3.942811
0.66,16,3.954844
0.51,18,3.968112
0.46,20,3.982857
0.34,14,3.993507
0.56,14,4.004066
0.56,28,4.024012
0.61,22,4.040957
0.44,14,4.05185
0.34,18,4.065844
0.12,18,4.078993
0.44,20,4.094606
0.56,14,4.109841
0.19,16,4.122319
0.61,14,4.132826
0.56,26,4.151937
0.47,16,4.163688
0.54,14,4.174098
0.37,16,4.186249
0.46,16,4.224046
0.63,16,4.242444
0.43,22,4.266392
0.66,14,4.283093
0.41,22,4.308987
0.33,16,4.326408
0.31,18,4.346242
0.44,18,4.366427
0.46,28,4.409558
0.66,18,4.481732
0.32,20,4.529925
0.26,20,4.553914
0.42,20,4.578712
0.64,16,4.60064
0.58,22,4.645311
0.81,18,4.707866
0.22,18,4.727723
0.51,16,4.763427
0.4,14,4.797023
0.57,20,4.838674
0.56,24,4.875568
0.46,18,4.924161
0.51,18,4.949089
0.44,20,5.0145
0.83,24,5.04616
0.39,18,5.070336
0.36,16,5.109569
0.34,20,5.131329
0.51,26,5.160272
0.22,20,5.182424
0.68,26,5.210428
0.44,22,5.233352
0.61,20,5.254724
0.34,18,5.274088
0.59,20,5.295037
0.34,14,5.311628
0.63,22,5.33838
0.57,14,5.355043
0.58,22,5.378796
0.51,24,5.40628
0.12,18,5.462466
0.43,24,5.529715
0.66,18,5.563524
0.51,32,5.702919
0.34,20,5.796533
0.16,20,5.877935
0.41,16,5.919693
0.65,22,5.970048
0.39,18,5.990666
0.53,28,6.03249
0.44,20,6.098205
0.57,14,6.124267
0.6,14,6.139236
0.71,14,6.154544
0.46,22,6.178174
0.36,18,6.200733
0.59,18,9.4258
0.38,32,9.468056
0.32,20,9.49143
0.54,20,9.513583
0.46,20,9.53602
0.49,22,9.582935
0.56,18,9.603389
0.34,18,9.628715
0.56,16,9.646213
0.69,18,9.679434
0.44,20,9.728884
0.44,16,9.74813
0.41,16,9.766207
0.54,18,9.785376
0.83,22,9.857372
0.42,16,9.885888
0.32,32,9.924208
0.53,18,9.947703
0.22,24,9.978169
0.54,18,10.011418
0.32,26,10.139359
0.58,14,10.166314
0.32,22,10.2047
0.58,18,10.247736
0.41,24,10.307443
0.55,14,10.36015
0.59,16,10.392376
0.59,16,10.420075
0.58,20,10.484434
0.6,16,10.535528
0.34,14,10.577489
0.49,14,10.599797
0.48,14,10.615935
0.38,18,10.646979
0.56,20,10.681901
0.61,18,10.723034
0.63,20,10.744528
0.56,18,10.764183
0.51,18,10.800327
0.22,20,10.824037
0.51,14,10.841328
0.49,22,10.867608
0.56,16,10.908413
0.59,20,10.945995
0.51,16,10.96656
0.51,14,10.982273
0.55,14,10.997594
0.57,24,11.063092
0.69,24,11.123892
0.46,18,11.144063
0.62,30,11.175689
0.62,14,11.190886
0.47,14,11.206512
0.76,16,11.224344
0.56,16,11.241658
0.41,20,11.263522
0.76,14,11.279302
0.56,14,11.301343
0.46,18,11.321429
0.51,16,11.354328
0.62,14,11.386818
0.42,14,11.418167
0.76,20,11.440447
0.47,14,11.456089
0.32,20,11.478471
0.44,20,11.509642
0.51,18,11.529472
0.56,22,11.552617
0.56,26,11.579406
0.32,18,11.609086
0.32,18,11.629447
0.42,14,11.652092
0.61,22,11.676724
0.76,14,11.696394
0.41,32,11.768488
0.51,16,11.785821
0.67,20,11.807197
0.62,28,11.845218
0.19,20,11.884591
0.49,22,11.908807
0.76,16,11.925974
0.42,16,11.950292
0.29,14,12.004672
0.6,16,12.060859
0.37,22,12.094701
0.54,14,12.127645
0.48,16,12.144663
0.57,18,12.169811
0.46,16,12.20117
0.41,20,12.224664
0.44,24,12.258356
0.46,22,12.297458
0.54,20,12.346251
0.7,14,12.365386
0.61,18,12.384805
0.66,22,12.409123
0.63,20,12.431072
0.47,24,12.45797
0.66,18,12.494439
0.38,28,12.565043
0.22,16,12.583122
0.41,22,12.639049
0.46,18,12.66654
0.51,16,12.742465
0.49,18,12.777293
0.36,18,12.798591
0.47,16,12.824127
0.6,24,12.858714
0.32,32,15.337937
0.54,18,15.35133
0.44,18,15.365174
0.44,14,15.375857
0.49,16,15.387695
0.66,16,15.399657
0.69,16,15.412033
0.61,16,15.423884
0.49,16,15.435833
0.81,20,15.450536
0.76,16,15.462446
0.55,18,15.475786
0.54,28,15.496067
3.16,16,15.508164
0.6,16,15.520072
0.34,14,15.530647
0.41,14,15.544846
0.39,24,15.562989
0.51,16,15.574886
0.63,16,15.586807
0.68,22,15.602834
0.49,18,15.616843
0.74,20,15.631551
0.57,20,15.64724
0.62,22,15.666559
0.46,30,15.688091
0.61,14,15.698735
0.33,14,15.709456
0.54,16,15.721387
0.57,14,15.731881
0.74,18,15.745556
0.47,14,15.756433
0.32,32,15.781129
0.62,16,15.793065
0.76,24,15.810505
0.46,14,15.821011
0.83,14,15.831459
0.54,14,15.841833
0.44,20,15.856426
0.64,16,15.868572
0.39,21,15.88391
0.58,16,15.895804
0.61,16,15.914175
0.56,18,15.929325
0.41,16,15.942018
0.71,14,15.953271
0.44,20,15.971424
0.69,18,15.996405
0.48,20,16.03001
0.49,16,16.041895
0.43,14,16.052377
0.44,16,16.064142
0.66,18,16.077397
0.63,16,16.089363
0.54,22,16.109107
0.29,16,16.124265
0.53,18,16.141219
3.16,20,16.158508
0.37,20,16.173182
0.61,14,16.184701
0.61,14,16.195615
0.65,20,16.211098
0.44,24,16.233507
0.56,16,16.245729
0.76,20,16.260999
0.49,16,16.27551
0.64,16,16.288424
0.19,22,16.304533
0.59,22,16.320692
0.62,18,16.333995
0.51,26,16.352646
0.41,16,16.364957
0.6,16,16.377012
0.47,18,16.390571
0.6,24,16.408414
0.76,20,16.423023
0.69,18,16.436307
0.62,14,16.446764
0.62,20,16.461335
0.59,14,16.471776
0.29,32,16.496152
0.44,18,16.509983
0.42,16,16.521712
0.62,16,16.53353
0.49,14,16.544589
0.56,22,16.561078
0.63,16,16.572868
0.58,14,16.583248
0.34,18,16.596413
0.56,26,16.615231
0.6,22,16.631128
0.54,18,16.644377
0.56,16,16.65616
0.63,18,16.669345
0.61,18,16.682443
0.62,14,16.695614
0.6,22,16.716886
0.68,18,16.731458
0.6,32,16.756875
0.59,26,16.775888
0.63,22,16.792615
0.51,22,16.834801
0.54,20,16.85182
0.53,30,16.875871
0.81,22,16.89253
0.47,24,16.910462
0.55,20,16.928459
0.54,16,16.941036
0.59,20,16.956438
0.58,20,16.979867
0.66,14,18.195572
0.68,20,18.21189
0.54,14,18.22297
0.61,24,18.240286
0.69,26,18.258964
0.69,22,18.274868
0.63,14,18.285379
0.74,24,18.302497
0.56,17,18.315302
0.6,18,18.329058
0.61,14,18.339355
0.68,14,18.349842
0.76,20,18.364518
0.37,16,18.376238
0.47,18,18.389277
0.56,22,18.405438
0.19,18,18.41838
0.61,22,18.434099
0.71,14,18.444395
0.44,24,18.465523
0.63,16,18.477343
3.21,14,18.48783
0.53,18,18.501465
0.36,26,18.520127
0.68,18,18.533906
0.68,14,18.544293
0.71,26,18.563191
0.43,32,18.586917
0.56,26,18.605909
0.49,16,18.617779
0.74,18,18.636877
0.59,14,18.64818
3.21,18,18.661425
0.83,18,18.674511
0.71,26,18.693108
0.76,20,18.707761
0.83,14,18.718246
0.76,24,18.737531
0.09,18,18.750853
0.6,20,18.765779
0.57,26,18.784518
0.61,16,18.801677
0.69,18,18.836431
3.21,12,18.845659
0.76,18,18.85944
0.46,20,18.874345
0.68,14,18.885032
0.46,16,18.897125
0.62,18,18.910412
0.6,20,18.926603
0.54,18,18.941905
0.59,32,18.966685
0.66,24,18.984368
0.59,14,18.995267
0.62,14,19.00616
0.56,16,19.023211
3.16,14,19.034084
0.69,28,19.065163
0.54,14,19.076153
0.44,14,19.086837
0.46,24,19.107398
3.21,12,19.117026
0.48,14,19.128264
0.64,16,19.140206
0.76,22,19.156363
0.65,14,19.167151
0.76,26,19.186147
0.63,16,19.198503
0.29,18,19.212157
0.62,22,19.228301
0.71,14,19.239399
0.46,20,19.254328
0.54,16,19.266171
0.54,14,19.276616
0.78,16,19.28869
0.69,30,19.310348
0.39,20,19.326485
0.63,18,19.341827
0.68,14,19.353471
0.56,20,19.368328
0.81,14,19.380143
0.51,18,19.393438
0.76,14,19.404045
0.32,20,19.418869
0.76,14,19.429278
0.49,18,19.442558
0.55,16,19.454544
0.4,18,19.467935
0.69,20,19.482481
0.81,20,19.49803
0.61,16,19.510603
0.67,14,19.521435
0.46,22,19.538147
0.65,16,19.550621
0.54,16,19.562964
0.76,16,19.574996
0.57,18,19.588451
0.65,14,19.599824
0.78,20,19.633935
0.63,14,19.644713
0.67,24,19.662536
0.63,18,19.675722
0.56,14,19.686083
0.69,20,19.700691
0.51,20,19.715565
0.57,16,19.727236
0.46,18,19.741151
0.54,16,19.753815
0.78,16,19.766054
0.66,16,19.777778
0.44,18,19.791152
0.74,14,19.801985
0.44,18,21.031536
0.69,18,21.045514
0.44,16,21.057541
0.57,22,21.073668
0.6,20,21.088209
0.63,16,21.109349
0.66,18,21.124209
0.53,14,21.134679
0.58,18,21.147879
0.56,16,21.16008
0.69,24,21.177865
0.44,26,21.196646
0.44,16,21.209335
0.46,20,21.225444
0.59,18,21.23903
0.53,18,21.252331
0.49,20,21.26696
0.66,22,21.283193
0.51,18,21.296431
0.6,16,21.308549
0.53,16,21.320481
0.74,18,21.333799
0.76,18,21.347654
0.66,20,21.362557
0.74,32,21.386968
0.69,24,21.405015
0.56,14,21.41565
0.61,14,21.426147
0.78,18,21.439456
0.46,26,21.459504
0.49,18,21.473417
0.56,16,21.485303
0.41,14,21.495862
3.16,12,21.50511
0.56,14,21.515554
0.71,18,21.528829
0.71,24,21.546226
0.81,16,21.557984
0.66,18,21.571527
0.71,14,21.581925
0.81,22,21.602991
0.62,28,21.631078
0.61,14,21.647355
0.66,14,21.658173
0.81,18,21.671416
0.76,24,21.689121
0.76,20,21.705255
0.69,24,21.722454
0.68,14,21.732841
0.56,16,21.744693
3.21,18,21.75803
0.37,18,21.771784
0.69,28,21.791613
0.71,14,21.802216
0.78,18,21.817164
0.59,18,21.834977
0.78,16,21.850316
0.56,14,21.863633
0.76,24,21.886082
0.44,16,21.901294
0.58,18,21.920266
0.61,14,21.932604
0.71,22,21.949942
0.57,16,21.962079
0.59,26,21.981572
0.71,20,21.997048
0.6,24,22.014924
0.76,20,22.030134
0.56,16,22.042373
0.74,22,22.059102
0.56,22,22.07539
0.74,20,22.090367
0.51,18,22.106917
0.69,32,22.138941
0.67,14,22.150439
0.62,20,22.165523
0.39,14,22.176595
3.21,12,22.186131
0.69,30,22.208323
0.74,20,22.222995
0.78,14,22.233779
0.61,18,22.247424
0.69,30,22.276557
3.16,12,22.287976
0.74,22,22.305099
0.83,20,22.324182
0.56,18,22.337618
0.81,14,22.352798
0.49,14,22.36347
0.63,14,22.374193
0.76,20,22.389288
0.32,20,22.405078
0.68,20,22.420868
0.81,16,22.441135
0.81,20,22.455863
0.63,16,22.468447
0.63,18,22.482274
0.46,16,22.495351
0.66,20,22.51147
0.54,14,22.522784
0.62,22,22.538831
3.16,14,22.549824
0.71,14,22.560211
0.61,16,22.57247
0.55,16,22.584301
0.38,16,22.596095
0.6,22,22.612082
0.69,18,22.628065
0.59,18,22.646235
0.74,22,22.663129
0.69,24,23.886352
0.78,18,23.900104
0.81,20,23.914663
0.47,18,23.928434
0.63,18,23.942717
0.71,28,23.962967
0.76,18,23.976271
0.74,18,23.989463
0.69,16,24.00151
0.63,14,24.012121
0.56,14,24.022426
0.69,30,24.044539
0.78,14,24.055351
0.81,18,24.069341
0.6,16,24.084009
0.69,20,24.099238
0.49,18,24.115921
0.67,14,24.126425
0.38,16,24.1384
3.16,20,24.152935
0.54,14,24.165816
0.63,20,24.186207
0.68,18,24.199825
0.76,14,24.210553
0.58,16,24.222369
0.62,14,24.232834
0.63,14,24.243209
0.62,26,24.261725
0.68,16,24.273507
3.16,16,24.285285
0.46,14,24.296113
0.74,32,24.319949
3.16,12,24.329043
3.16,16,24.341554
0.74,20,24.358255
0.71,16,24.370858
0.59,18,24.384856
0.69,16,24.396914
0.78,14,24.408228
0.61,18,24.440178
0.46,16,24.452638
0.56,18,24.466288
0.69,20,24.481821
0.63,14,24.493383
0.61,16,24.505535
3.21,12,24.514637
0.54,18,24.532472
0.74,16,24.544287
0.69,32,24.568496
0.66,14,24.579989
0.7,14,24.590499
0.81,16,24.602428
0.74,32,24.626825
0.54,14,24.637474
3.16,12,24.646619
0.78,14,24.660543
0.62,16,24.672553
0.64,22,24.688648
0.68,20,24.704456
0.53,16,24.716506
0.74,14,24.726995
0.76,14,24.737572
0.55,14,24.748142
0.58,14,24.758845
0.44,20,24.778191
3.16,16,24.794045
0.61,20,24.808593
0.56,14,24.819223
0.65,22,24.835201
0.68,14,24.845611
0.6,16,24.857505
0.76,14,24.868194
0.56,14,24.87882
0.76,14,24.889692
0.63,14,24.900216
0.56,14,24.910602
0.56,16,24.922385
0.41,14,24.935251
0.6,18,24.94923
3.16,18,24.963175
3.16,12,24.972847
0.61,14,24.983597
0.68,18,24.998181
0.81,14,25.009233
0.56,14,25.019866
0.76,24,25.037929
0.61,14,25.048847
0.53,20,25.063615
0.69,30,25.087381
0.76,18,25.100729
0.6,20,25.117715
0.69,20,25.132207
0.53,20,25.146668
0.61,16,25.158367
0.81,14,25.168869
0.54,14,25.179563
0.57,28,25.207501
0.56,18,25.220711
0.69,18,25.253353
0.65,16,25.265432
0.56,20,25.279966
0.56,16,25.291825
0.69,24,25.309467
0.56,14,25.319827
0.76,16,25.331635
3.16,16,25.343373
0.6,18,25.356518
3.21,16,25.368379
3.16,12,25.377662
0.74,22,25.393509
0.65,18,25.406851
0.76,16,25.418552
0.59,14,25.428964
0.76,16,25.444892
0.76,16,25.456693
0.6,14,25.467057
0.56,16,25.478841
0.69,20,25.493922
0.53,14,26.686031
0.6,14,26.69738
0.63,14,26.708158
0.44,18,26.721804
3.16,14,26.733241
0.56,14,26.744181
0.78,16,26.756681
0.6,14,26.772024
3.16,14,26.783931
0.59,32,26.80924
0.62,16,26.822417
0.69,28,26.842321
0.65,24,26.859546
0.59,14,26.869953
3.16,14,26.880504
3.16,14,26.890861
0.62,14,26.901168
0.63,16,26.912987
3.21,12,26.922244
0.61,14,26.934343
0.56,14,26.946347
0.66,28,26.966576
0.51,30,26.988506
0.83,16,27.000621
3.21,18,27.018275
0.58,14,27.028975
3.21,12,27.03919
0.53,24,27.059469
0.63,14,27.070355
0.63,16,27.082383
0.63,18,27.095869
0.67,16,27.110202
3.16,14,27.120847
0.68,14,27.13182
3.16,12,27.141167
0.63,14,27.15181
0.68,18,27.165414
0.63,14,27.176522
3.16,14,27.187095
3.16,12,27.196427
3.16,14,27.226884
0.78,14,27.241644
0.56,14,27.256059
3.21,14,27.267008
0.78,14,27.277818
0.76,28,27.298405
3.21,12,27.308104
0.69,24,27.32567
0.65,16,27.340693
0.76,18,27.354334
3.16,14,27.365204
0.74,14,27.37655
0.56,16,27.388708
0.56,14,27.400269
0.81,14,27.41608
0.56,16,27.429352
0.68,14,27.44025
0.68,14,27.453855
0.76,20,27.469862
0.63,16,27.482703
0.62,22,27.499428
3.16,12,27.508944
3.16,12,27.518196
0.83,22,27.534424
0.61,14,27.545665
3.16,18,27.559765
0.62,28,27.581435
3.21,14,27.592943
3.16,12,27.602168
0.66,14,27.613548
0.46,20,27.629235
0.65,18,27.64298
0.63,16,27.6554
0.56,22,27.676439
0.69,24,27.694876
3.16,16,27.70734
0.62,18,27.720942
0.53,14,27.731545
0.69,24,27.750423
0.63,16,27.762477
3.16,12,27.771832
0.76,14,27.782808
3.16,14,27.793705
0.83,14,27.804484
0.53,18,27.819647
0.81,20,27.83609
3.16,16,27.849355
3.16,18,27.863318
0.63,14,27.874195
3.16,22,27.890367
3.16,14,27.901179
3.21,14,27.912461
0.6,16,27.925445
0.61,14,27.938631
3.16,14,27.953183
3.21,12,27.964653
0.81,18,27.982109
0.76,16,27.997537
3.21,14,28.010923
3.21,14,28.023428
0.59,20,28.039206
0.61,14,28.068845
0.56,20,28.083906
0.74,28,28.10718
3.16,12,28.116781
0.65,24,28.1346
0.55,14,28.148118
0.62,24,28.166117
0.64,14,28.177068
0.46,14,28.187559
3.16,12,28.196708
0.68,18,28.210077
0.56,14,28.220586
0.62,14,28.230994
0.6,24,28.251188
0.68,14,28.269936
3.21,20,28.286129
0.71,16,28.298161
0.76,22,28.314543
3.16,12,28.323664
0.53,20,28.338468
0.6,16,28.350198
0.76,16,28.362221
0.71,20,29.531849
3.16,14,29.542401
0.76,22,29.558866
0.76,18,29.572143
0.78,14,29.582909
0.61,14,29.593727
0.62,26,29.612971
3.16,12,29.622088
3.16,14,29.632686
0.76,14,29.643923
3.16,22,29.660312
0.68,14,29.671173
3.21,16,29.683151
3.21,12,29.692494
0.65,22,29.708967
3.21,12,29.718481
3.21,12,29.727855
3.21,18,29.741361
0.68,14,29.752291
0.76,18,29.76597
0.76,18,29.784608
0.6,16,29.797662
3.21,24,29.815448
0.78,16,29.827597
0.56,16,29.840446
0.81,16,29.852667
3.21,12,29.861917
0.69,26,29.880971
0.66,17,29.893912
3.16,12,29.903337
3.16,12,29.912624
3.16,14,29.923336
3.16,16,29.936597
3.16,16,29.950159
0.6,16,29.962237
0.62,26,29.982088
3.16,20,30.016469
3.21,12,30.025812
3.16,12,30.035077
0.43,18,30.048927
0.74,32,30.073247
0.66,14,30.084189
3.16,14,30.097813
0.81,16,30.112637
3.21,18,30.125883
0.76,14,30.136897
0.78,14,30.147712
0.65,16,30.159483
0.76,24,30.176948
0.81,16,30.188726
0.81,14,30.199359
0.78,14,30.214703
3.16,14,30.225158
3.16,14,30.236247
0.76,22,30.25258
0.83,16,30.264307
3.16,16,30.276025
0.66,24,30.293498
0.6,18,30.312403
0.78,18,30.328797
0.56,14,30.339867
0.81,14,30.351129
0.61,14,30.361993
0.65,18,30.375593
0.54,14,30.387256
3.16,14,30.398535
3.21,12,30.408409
3.16,14,30.419534
3.21,16,30.431791
3.16,16,30.443651
0.6,16,30.455593
0.74,18,30.468837
3.16,16,30.480829
0.76,22,30.496996
0.76,32,30.524169
0.78,14,30.534612
0.54,14,30.545139
3.21,12,30.554157
0.61,14,30.56472
3.16,14,30.575061
3.21,16,30.586963
0.81,14,30.597916
3.16,24,30.616641
3.16,12,30.62615
3.16,18,30.63987
0.76,22,30.655895
0.63,16,30.667687
3.16,16,30.67933
0.76,14,30.693974
0.63,22,30.7098
0.61,14,30.720348
0.71,24,30.742399
0.63,14,30.752883
0.65,24,30.770171
0.59,16,30.782848
3.16,12,30.792131
0.69,32,30.835825
3.16,14,30.84641
0.76,16,30.858376
0.76,16,30.870325
0.78,14,30.882267
0.83,16,30.894438
3.16,14,30.904808
0.69,22,30.92137
0.68,14,30.933483
3.16,20,30.949833
0.6,18,30.963217
3.16,14,30.973655
3.21,16,30.986154
0.62,16,31.005181
3.21,16,31.025061
0.66,32,31.057558
0.76,20,31.073013
0.74,22,31.089874
0.76,18,31.104846
3.16,12,31.118371
0.61,14,31.129697
3.21,22,31.146037
0.46,16,31.157928
3.21,12,31.16701
3.16,14,31.178329
3.21,12,32.416511
3.16,16,32.428959
3.16,12,32.438201
0.74,32,32.463447
3.16,16,32.475893
0.76,14,32.48674
0.56,18,32.499917
3.21,12,32.509399
0.74,22,32.52555
0.6,26,32.544362
3.16,12,32.553553
3.16,12,32.562633
0.81,18,32.575954
0.69,32,32.600286
3.21,12,32.609568
0.74,16,32.621488
0.65,16,32.633468
3.16,12,32.64273
3.16,18,32.655914
0.68,14,32.669408
3.16,12,32.679596
3.21,14,32.690156
3.16,12,32.699284
3.16,14,32.709853
3.21,12,32.719376
3.16,12,32.728436
0.61,16,32.740664
0.53,18,32.754046
0.56,18,32.767269
0.78,16,32.779125
3.16,16,32.795419
3.16,20,32.809701
0.61,16,32.8232
0.62,18,32.837019
3.21,12,32.846093
3.16,16,32.877045
0.6,14,32.887465
0.62,14,32.89834
0.63,14,32.908861
0.76,28,32.930946
0.76,14,32.942042
0.67,20,32.958507
3.16,20,32.977528
3.16,14,32.988516
0.83,18,33.002815
0.63,14,33.013704
3.16,12,33.022923
3.21,16,33.034862
3.16,16,33.046929
0.56,20,33.066593
3.16,16,33.078783
3.21,16,33.091177
3.16,20,33.108221
3.21,18,33.122077
3.21,12,33.131343
0.56,18,33.14486
3.16,12,33.154495
0.61,18,33.167871
3.16,12,33.176978
0.62,26,33.195965
3.21,12,33.205059
0.78,14,33.215806
0.76,14,33.226202
0.53,16,33.238874
0.57,26,33.258083
0.68,14,33.270979
0.69,32,33.295851
3.21,16,33.307681
0.57,22,33.323379
3.16,18,33.336819
3.16,20,33.351484
3.21,12,33.360427
3.16,16,33.37576
0.53,14,33.390784
0.57,24,33.408379
3.16,16,33.420353
0.56,16,33.431985
3.16,12,33.440969
0.56,22,33.457822
0.81,18,33.471438
0.71,22,33.488164
0.76,16,33.503964
3.16,12,33.513396
3.16,16,33.525582
3.16,12,33.534961
3.16,16,33.547255
3.16,12,33.556697
0.61,16,33.568956
3.16,12,33.578328
3.16,18,33.59224
0.78,14,33.602976
0.69,26,33.626174
0.56,18,33.639889
3.16,18,33.653589
3.16,18,33.686925
0.58,16,33.702325
0.56,18,33.716142
0.76,14,33.726973
3.21,12,33.737404
3.16,14,33.748465
3.21,18,33.762381
0.63,20,33.777362
3.21,14,33.788315
3.16,12,33.797777
0.74,22,33.814367
3.21,14,33.824974
0.78,16,33.837239
0.74,20,33.851899
3.16,12,33.860935
3.21,12,33.877193
3.16,16,33.891114
3.21,12,33.90054
3.16,14,33.911163
3.16,18,33.924548
3.21,12,33.934769
3.16,12,33.944499
0.78,14,33.956635
3.21,14,33.96789
0.69,32,33.99418
0.61,20,34.010412
0.81,18,34.023951
0.63,16,34.035856
0.58,14,34.046313
0.63,16,34.058176
3.21,16,35.273612
3.21,12,35.282804
0.69,24,35.300096
3.16,12,35.309291
0.66,18,35.322398
0.64,28,35.342209
3.21,18,35.355386
3.16,12,35.364367
3.16,14,35.374829
0.59,24,35.392879
0.63,16,35.405725
0.56,16,35.421581
3.16,14,35.436619
3.21,12,35.445834
0.65,16,35.458023
3.21,12,35.467204
3.16,12,35.476388
3.21,16,35.488278
0.83,22,35.504646
0.76,18,35.518159
3.21,14,35.528665
3.21,16,35.540516
3.16,14,35.550922
0.66,32,35.57642
3.16,12,35.586002
3.16,16,35.597891
3.16,12,35.607091
3.16,20,35.622187
3.16,16,35.634685
0.69,14,35.645386
3.16,16,35.657311
3.16,14,35.687096
3.16,18,35.700464
0.76,16,35.712515
0.76,16,35.724533
3.16,14,35.735243
3.16,22,35.7516
0.78,14,35.762168
3.16,18,35.775393
3.21,18,35.794577
3.16,14,35.809721
3.21,12,35.819058
3.16,12,35.828619
3.21,12,35.837849
3.21,12,35.846935
0.63,14,35.857462
0.53,16,35.869303
3.16,16,35.881166
3.21,16,35.893102
0.65,22,35.909339
3.16,14,35.919905
0.61,14,35.931709
0.61,16,35.944298
3.21,14,35.954848
0.51,14,35.966154
3.21,12,35.975274
3.16,14,35.985943
3.21,12,35.995615
3.21,16,36.00789
0.78,20,36.023007
0.63,16,36.035219
3.16,12,36.047253
0.69,18,36.061064
3.16,12,36.070178
3.16,12,36.079364
0.69,16,36.091256
3.21,14,36.101965
0.76,16,36.116828
3.21,12,36.126657
3.16,14,36.137466
0.68,14,36.148103
3.16,12,36.157411
3.16,12,36.166542
3.16,12,36.175823
3.16,14,36.187295
0.76,18,36.201228
3.16,14,36.211986
0.76,14,36.222635
3.21,18,36.235887
3.16,16,36.247851
0.46,16,36.259925
3.16,14,36.270427
3.21,16,36.282303
3.16,14,36.292763
3.16,14,36.303231
3.16,14,36.313986
3.21,12,36.323145
0.63,14,36.333664
0.69,30,36.358547
0.83,14,36.369043
3.16,12,36.378108
3.21,12,36.387492
3.16,16,36.399355
0.56,18,36.413488
3.21,12,36.422635
0.68,16,36.434461
3.16,16,36.451638
3.16,12,36.462826
3.16,16,36.494284
0.78,14,36.504853
3.16,14,36.515302
0.56,14,36.525842
0.81,16,36.537854
0.68,18,36.551292
3.16,16,36.563116
3.21,14,36.57359
0.76,14,36.584303
3.16,14,36.595086
3.21,12,36.604176
3.21,14,36.615076
3.21,16,36.626832
3.21,16,36.638785
3.21,12,36.647823
0.63,16,36.660046
0.81,16,36.671914
3.16,12,36.684583
3.16,12,36.693892
3.16,12,36.70391
3.16,16,36.721547
3.16,16,36.733928
3.16,12,36.742947
3.16,14,36.753305
0.78,24,36.770868
3.21,14,36.781156
0.68,14,36.792077
3.16,18,36.80513
3.16,14,36.81577
3.16,12,36.824716
0.58,14,36.835185
3.16,14,36.845498
3.21,14,36.855896
3.21,12,36.864912
3.16,16,36.876648
0.56,14,36.88713
3.16,12,36.896281
3.16,14,38.1117
0.58,20,38.128714
3.16,12,38.138778
3.16,12,38.148326
3.16,12,38.158644
3.21,16,38.171326
3.16,12,38.180312
3.16,16,38.194336
3.16,12,38.204596
3.21,14,38.215484
3.21,12,38.224523
3.16,12,38.233586
3.16,14,38.244874
3.16,20,38.260111
3.16,12,38.269143
3.16,16,38.280961
3.21,14,38.291256
3.16,14,38.30294
3.21,12,38.314827
3.16,12,38.326164
3.16,12,38.337329
3.16,16,38.349117
3.16,14,38.359387
3.21,14,38.370098
3.16,12,38.379011
3.21,16,38.390932
0.74,32,38.415029
3.21,14,38.425362
3.21,12,38.434255
0.69,20,38.448548
0.63,14,38.459038
3.21,22,38.501194
3.21,12,38.510791
3.21,12,38.51963
0.67,14,38.530071
3.16,16,38.541703
3.16,14,38.552094
3.16,12,38.560979
3.21,12,38.569846
3.16,14,38.580233
3.16,12,38.589524
3.16,14,38.600008
3.21,12,38.60907
3.21,18,38.627898
3.16,14,38.640102
0.76,18,38.653168
3.16,12,38.662228
0.78,20,38.677102
3.16,14,38.68743
0.53,16,38.699245
3.16,16,38.711126
3.21,12,38.720152
3.16,12,38.72913
3.21,12,38.738141
3.16,12,38.747135
3.21,12,38.75628
0.61,16,38.767956
0.76,16,38.779693
3.21,12,38.788837
3.16,12,38.797856
3.21,12,38.806887
3.16,14,38.823124
3.21,12,38.832148
3.16,14,38.842494
3.16,14,38.852848
3.21,14,38.863274
3.21,12,38.87302
3.21,12,38.882924
3.16,14,38.893844
0.71,14,38.904611
3.16,18,38.918156
0.81,18,38.932873
3.16,14,38.943496
3.21,14,38.954057
3.16,16,38.967148
0.66,16,38.979146
3.21,14,38.989826
3.16,12,38.999219
3.16,16,39.011218
3.16,12,39.020371
3.21,12,39.029474
3.16,16,39.041147
0.71,14,39.051476
3.21,16,39.063329
0.62,16,39.075016
3.21,14,39.086118
0.56,14,39.096782
3.21,12,39.108622
3.21,16,39.121173
3.16,14,39.131674
3.16,16,39.144307
3.16,14,39.156816
3.16,16,39.172124
3.21,12,39.183515
3.21,14,39.196923
3.21,16,39.21204
3.21,12,39.223447
3.21,18,39.242948
3.16,12,39.254289
3.21,12,39.265596
3.16,18,39.282871
3.16,22,39.302922
0.62,20,39.33864
3.21,14,39.349132
3.21,14,39.359885
3.16,12,39.369024
3.21,14,39.379515
3.16,12,39.388844
3.16,14,39.399487
3.16,12,39.408648
3.21,12,39.418442
3.16,14,39.428856
3.16,20,39.443533
3.16,14,39.456722
0.74,18,39.472129
3.16,18,39.48611
3.16,12,39.495608
3.16,12,39.507685
3.16,12,39.525651
3.16,12,39.535789
3.16,12,39.544985
3.21,12,39.554211
3.16,18,39.567291
3.21,18,39.580464
3.16,14,39.591232
0.63,14,39.602262
3.16,18,39.615827
3.16,12,39.624953
3.16,12,39.634084
3.21,12,39.643305
3.16,22,39.659632
3.21,12,39.668922
3.21,12,39.67807
3.16,12,39.687352
3.16,16,39.699326
3.16,18,39.712648
3.16,14,39.727372
3.16,14,39.737864
3.16,12,39.747007
3.16,16,39.758955
0.64,32,41.07827
3.21,12,41.111097
0.81,14,41.151152
3.21,16,41.178381
0.83,16,41.19687
3.21,12,41.21162
3.21,14,41.23946
0.74,20,41.292355
3.16,14,41.340936
3.16,14,41.375374
3.16,14,41.391064
3.21,12,41.417142
3.16,20,41.439417
3.16,12,41.452559
3.21,14,41.468019
0.58,16,41.488668
3.16,12,41.501801
3.21,12,41.515951
3.16,12,41.530844
3.16,12,41.545904
3.21,12,41.566692
3.16,14,41.583598
3.16,14,41.600687
3.21,12,41.614996
3.21,16,41.632877
3.16,16,41.651925
3.16,14,41.668832
3.16,12,41.682611
3.16,12,41.709478
3.21,16,41.728549
3.21,12,41.750635
3.16,12,41.806251
3.16,14,41.845843
3.16,16,41.886712
3.21,12,41.915439
3.21,14,41.95835
3.21,12,42.013723
3.16,12,42.040809
3.21,12,42.054429
0.74,26,42.083267
0.76,16,42.100572
3.21,14,42.13856
3.16,12,42.174661
3.16,14,42.19285
3.21,18,42.212706
3.21,14,42.228938
3.16,12,42.242319
3.16,16,42.259845
3.16,18,42.279449
0.56,14,42.295491
3.21,12,42.308944
3.21,14,42.323951
3.16,14,42.362578
3.21,12,42.427543
3.16,14,42.46834
3.16,14,42.504939
0.83,16,42.549417
3.21,16,42.599583
3.21,12,42.625619
3.16,12,42.662219
3.21,12,42.68434
3.21,12,42.699519
3.16,16,42.718764
3.21,12,42.741526
0.63,16,42.759378
3.16,12,42.772676
3.21,12,42.792857
3.21,14,42.812946
3.16,12,42.826459
3.16,14,42.842125
3.16,12,42.856311
3.21,14,42.872944
3.21,12,42.886383
3.16,12,42.89934
3.16,18,42.920672
3.16,12,42.966326
3.16,12,43.015945
3.21,14,43.03783
3.16,12,43.067249
3.16,12,43.121803
3.16,14,43.167576
3.16,12,43.214974
3.16,12,43.254575
0.76,14,43.304064
3.16,12,43.341162
0.63,14,43.38651
3.16,12,43.433442
3.21,12,43.497236
3.21,14,43.557016
3.16,12,43.570811
3.16,12,43.583794
3.16,12,43.599167
0.68,16,43.654956
3.16,14,43.670865
3.21,12,43.685526
3.21,12,43.699466
0.61,14,43.715045
3.16,12,43.732077
3.21,14,43.755218
3.21,12,43.768305
0.74,16,43.787887
3.21,12,43.802222
3.21,12,43.815766
0.76,16,43.833709
3.21,12,43.846942
3.16,14,43.894453
0.56,14,43.909822
3.21,14,43.925186
3.16,12,43.940087
3.16,16,43.958865
0.76,16,43.978999
3.21,12,43.993477
3.16,12,44.007732
3.21,12,44.022019
3.16,16,44.039504
3.16,12,44.080651
3.16,14,44.096111
3.16,14,44.127778
3.21,12,44.157505
3.16,12,44.170378
3.16,14,44.185073
3.16,16,44.200955
3.21,12,44.21015
3.16,12,44.219194
3.16,12,44.228227
3.16,16,44.240119
3.21,12,44.249312
3.21,14,44.259628
3.21,12,44.269057
3.21,12,44.27809
3.21,12,44.287102
3.16,12,44.296138
3.16,14,44.306629
3.16,12,44.315676
3.16,12,44.324716
3.16,14,44.337918
3.16,14,44.348891
3.16,18,44.362208
0.56,14,44.373269
3.21,12,44.38241
3.16,14,44.396047
3.21,14,44.425502
3.21,12,44.439302
3.21,14,44.454972
3.16,12,44.47073
3.16,14,44.486825
3.16,14,44.502988
3.16,12,44.517187
0.83,14,44.537995
0.76,16,44.557605
3.21,12,44.571967
3.21,12,46.867777
3.21,12,46.877077
3.16,16,46.889092
3.16,12,46.898054
3.16,14,46.908452
3.16,14,46.918813
3.16,12,46.928522
3.16,12,46.938278
3.16,12,46.947556
3.16,12,46.95724
3.21,16,46.969183
3.21,12,46.978312
3.21,12,46.988301
3.21,14,46.999156
3.21,14,47.010183
3.21,14,47.02083
3.16,16,47.032641
3.21,16,47.044862
3.16,12,47.054019
0.56,14,47.064646
3.21,14,47.075116
0.68,16,47.086966
3.21,16,47.098814
3.16,12,47.112304
3.16,16,47.124027
3.21,16,47.135844
3.21,12,47.144898
3.21,12,47.154005
0.78,18,47.175094
3.16,18,47.188448
3.16,12,47.198662
3.16,16,47.210848
3.21,12,47.220091
0.56,14,47.230946
3.21,14,47.241526
3.16,14,47.25224
3.21,12,47.261644
3.16,14,47.272195
3.16,12,47.281459
3.21,12,47.290626
3.16,12,47.2997
0.66,32,47.323768
3.21,12,47.33292
3.21,14,47.343345
3.16,12,47.352513
3.16,14,47.362962
3.21,12,47.376692
3.16,12,47.385964
3.21,14,47.396477
3.21,12,47.405879
0.61,16,47.418247
3.16,12,47.427613
3.16,12,47.436732
3.21,12,47.446032
0.61,16,47.457937
3.21,12,47.467054
3.16,12,47.47614
3.21,12,47.485314
3.16,14,47.496431
3.16,12,47.505725
3.16,12,47.515011
0.69,32,47.539352
3.21,12,47.548597
3.16,12,47.557992
3.21,14,47.568435
3.16,14,47.579126
3.21,12,47.588223
3.16,14,47.60096
3.21,12,47.611553
3.16,14,47.622073
3.16,12,47.631289
3.16,12,47.640445
3.16,14,47.651178
3.16,14,47.663389
3.21,14,47.674456
3.16,14,47.685345
0.81,14,47.696399
3.16,12,47.705711
3.16,14,47.716612
3.16,14,47.729585
3.21,16,47.752366
3.21,16,47.764848
0.81,14,47.77549
3.16,14,47.786379
3.21,12,47.795905
3.21,12,47.805492
3.16,12,47.815093
3.16,12,47.824346
3.21,14,47.835083
3.16,20,47.850152
3.21,12,47.862584
3.16,12,47.871812
3.16,14,47.882268
3.16,12,47.89148
3.16,14,47.903315
3.16,18,47.916783
3.16,12,47.926507
3.16,14,47.937999
3.21,12,47.947358
3.21,14,47.958367
3.21,12,47.989516
3.21,12,48.002437
3.21,12,48.011954
3.21,12,48.02127
0.74,28,48.042041
3.16,16,48.054173
3.21,12,48.063703
3.16,16,48.075953
3.21,14,48.087322
3.16,16,48.099651
3.16,14,48.113301
3.16,14,48.124558
3.16,12,48.134631
3.16,12,48.143857
3.16,16,48.156184
0.78,14,48.167145
3.16,12,48.180228
3.21,12,48.189623
3.21,12,48.199229
3.16,12,48.208716
3.16,12,48.218106
3.21,12,48.227505
3.16,14,48.238281
3.16,12,48.247603
3.16,14,48.262616
3.21,14,48.277982
3.21,12,48.289484
3.21,12,48.29886
3.16,12,48.308298
3.16,12,48.317496
3.21,12,48.32673
3.21,14,48.337806
3.16,12,48.347069
3.16,12,48.356295
3.16,12,48.365565
3.21,14,48.376276
3.16,12,48.385524
3.16,16,48.397568
3.16,14,48.408626
3.16,12,48.417875
3.16,12,48.427449
3.21,12,48.436797
3.16,12,48.446131
3.21,12,48.455491
3.21,12,48.465057
3.21,12,48.474396
3.16,16,48.486648
3.16,16,48.49883
3.16,12,48.50828
3.16,12,48.51749
3.21,12,50.190148
3.16,12,50.204527
3.16,12,50.218325
3.16,12,50.232846
3.16,12,50.24714
3.16,12,50.268165
3.21,12,50.287009
3.16,12,50.300413
3.21,12,50.314673
3.16,14,50.330963
3.16,12,50.35468
3.16,14,50.370833
3.21,14,50.389614
3.21,12,50.406461
0.81,14,50.423321
3.16,12,50.43644
3.16,14,50.451467
3.21,16,50.476551
3.16,14,50.510526
3.16,18,50.532072
3.21,12,50.544775
3.21,14,50.574925
3.21,12,50.608241
3.21,14,50.624558
3.21,12,50.638931
3.16,12,50.654346
3.16,12,50.706281
3.21,12,50.719591
3.21,14,50.735615
3.16,12,50.749452
3.21,12,50.763963
0.76,14,50.787519
3.16,20,50.837949
3.16,14,50.859706
3.16,12,50.894068
3.16,14,50.911258
3.21,14,50.931213
3.21,12,50.946828
3.16,14,50.963398
3.16,14,50.981018
3.16,12,50.995787
3.16,12,51.009936
3.21,12,51.024332
3.16,14,51.041013
3.21,12,51.055149
3.16,16,51.087042
3.21,14,51.129501
0.68,14,51.177042
3.16,12,51.196413
3.16,12,51.211038
3.21,12,51.22469
3.21,12,51.238409
3.16,12,51.251268
3.16,16,51.26913
3.21,16,51.28616
3.21,12,51.309979
0.69,20,51.397421
3.21,14,51.433327
3.21,12,51.459664
3.21,12,51.492219
3.21,12,51.536705
3.16,12,51.553956
3.21,16,51.571848
0.81,14,51.606228
3.16,12,51.626664
3.21,12,51.672227
3.16,12,51.697686
3.16,12,51.707832
3.16,16,51.719426
3.16,12,51.728876
0.48,16,51.740896
3.16,12,51.749821
3.16,12,51.758801
3.16,14,51.76944
3.16,14,51.783605
3.16,12,51.792824
3.21,12,51.802034
3.16,12,51.815976
3.16,12,51.825031
3.21,14,51.838518
3.21,12,51.851805
0.71,16,51.864234
3.21,12,51.873482
3.16,12,51.882698
3.21,12,51.89207
3.21,12,51.901335
3.21,14,51.911958
3.21,12,51.922652
3.21,12,51.934624
3.16,12,51.943872
3.21,14,51.954606
3.21,12,51.963762
3.21,12,51.972988
0.78,14,51.984238
3.21,14,51.996752
3.16,12,52.006239
3.21,14,52.01701
3.21,14,52.027601
3.16,12,52.036694
3.21,12,52.045848
3.16,14,52.056841
3.16,12,52.066
3.21,12,52.083607
3.16,12,52.092758
3.16,14,52.105102
3.21,16,52.117573
3.21,12,52.127171
3.16,12,52.13641
3.16,12,52.145541
3.21,14,52.156087
3.16,12,52.167095
3.16,14,52.178287
3.16,12,52.187414
3.21,16,52.199827
3.16,12,52.209339
3.16,12,52.218503
3.16,14,52.228965
3.21,14,52.239404
3.16,14,52.249822
3.16,12,52.259069
3.21,12,52.268519
3.21,14,52.28436
3.21,12,52.293689
3.16,14,52.304325
3.16,12,52.313426
3.16,14,52.324027
3.21,14,52.334921
3.21,12,52.344095
3.16,12,52.357055
3.16,12,52.370977
3.16,12,52.380343
0.62,20,52.394936
0.83,14,52.405823
3.21,12,52.414915
3.21,12,52.424727
3.16,12,52.433882
3.16,12,52.443024
3.16,12,52.452219
3.16,14,52.462814
3.16,12,52.472179
3.16,12,52.481332
3.16,12,52.490564
3.16,12,52.499799
3.21,12,52.509003
3.21,16,52.521826
3.16,12,52.533615
3.21,12,52.542806
3.21,12,52.55193
3.16,12,52.561063
3.16,12,52.570238
3.21,12,52.579364
3.21,12,52.588616
3.16,12,52.597987
3.16,12,52.607289
3.16,14,52.618136
3.21,12,52.627193
3.16,12,52.636676
3.16,12,52.645813
3.21,12,53.8217
3.21,12,53.831421
3.16,12,53.840418
3.21,12,53.849471
3.16,16,53.861338
3.16,12,53.870418
3.21,12,53.881626
3.16,12,53.896972
3.16,12,53.911417
3.16,12,53.920474
3.16,12,53.930582
0.58,20,53.945507
3.16,18,53.959314
3.21,12,53.968387
0.56,14,53.978971
3.21,12,53.988241
3.16,14,54.000327
3.16,12,54.010187
3.16,12,54.019582
3.21,12,54.028864
3.16,12,54.038097
3.16,12,54.055539
3.21,12,54.064974
3.21,12,54.074282
3.16,14,54.084901
3.16,12,54.094408
3.21,14,54.110785
3.16,12,54.122514
3.16,12,54.133973
3.16,12,54.145445
3.16,12,54.158929
3.16,12,54.172034
3.16,12,54.183615
3.16,12,54.195493
3.16,12,54.207806
3.16,12,54.219299
3.16,12,54.230603
3.16,12,54.242031
3.16,12,54.256402
3.21,16,54.272855
3.16,12,54.284223
3.16,12,54.295646
3.21,12,54.307665
3.21,12,54.319082
3.16,12,54.330502
3.21,14,54.343641
3.21,14,54.356865
3.16,12,54.368284
3.21,12,54.379861
3.21,14,54.393152
3.21,14,54.406399
3.16,14,54.419681
3.21,12,54.431482
3.21,14,54.444584
3.21,14,54.457858
3.21,12,54.469468
3.16,12,54.481054
3.21,12,54.492535
3.16,12,54.504449
3.16,18,54.521311
0.78,14,54.534573
3.21,12,54.545523
3.16,12,54.554989
3.21,12,54.5641
3.21,12,54.574866
3.16,20,54.590681
3.21,12,54.599899
3.16,12,54.609361
3.21,14,54.621708
3.16,12,54.630872
0.68,14,54.641562
3.16,12,54.650698
3.21,12,54.659762
3.21,12,54.668899
3.21,14,54.679301
3.16,14,54.690367
3.21,12,54.699523
3.16,14,54.710159
3.16,12,54.719402
3.16,12,54.728564
3.21,12,54.737725
3.16,12,54.746849
3.16,12,54.755841
3.16,12,54.765005
3.21,12,54.774298
3.16,12,54.78332
3.16,12,54.792531
3.21,12,54.803452
0.66,14,54.815666
3.16,12,54.824673
3.16,14,54.835041
3.16,12,54.844048
3.16,12,54.85356
0.63,14,54.864141
3.21,12,54.873206
3.16,14,54.883947
3.16,12,54.893146
3.16,14,54.903572
0.61,14,54.918335
3.16,14,54.941261
3.21,12,54.950548
3.16,14,54.960969
3.21,12,54.970009
3.16,12,54.979159
3.16,14,54.989664
3.21,12,54.999677
3.21,12,55.009403
3.16,12,55.01841
3.16,12,55.027418
3.21,12,55.036536
3.16,12,55.045584
3.21,14,55.056113
3.16,14,55.066607
3.21,12,55.075693
3.21,12,55.084834
3.21,12,55.093819
3.21,12,55.106007
3.16,12,55.11555
0.63,14,55.126186
3.16,14,55.136911
3.16,14,55.154651
3.21,12,55.163862
3.16,12,55.173177
3.16,12,55.182524
3.16,12,55.192212
3.16,14,55.203091
3.16,12,55.212545
3.21,14,55.223162
0.78,14,55.234969
3.21,12,55.24415
3.21,12,55.253443
3.16,12,55.262686
3.21,12,55.271872
3.21,14,55.282413
3.16,12,55.291682
3.21,12,55.300917
3.16,12,55.310337
3.21,12,55.319586
3.16,12,55.328642
3.21,12,55.337894
3.21,12,55.347005
3.16,12,55.356123
3.21,12,55.365227
3.21,12,55.374286
3.16,12,55.3835
3.16,14,55.393979
3.21,12,55.403427
3.21,12,55.41283
3.16,12,55.421988
3.16,12,55.431491
3.16,14,55.44187
3.21,12,55.450964
3.16,12,55.46012
3.16,14,55.470661
3.21,14,55.481246
3.16,12,55.492053
3.16,14,55.507014
3.16,12,55.516191
3.16,12,55.525339
3.16,12,55.5345
3.21,12,55.543764
3.21,12,56.753001
3.16,12,56.762325
3.21,12,56.771569
3.21,12,56.781446
3.21,12,56.79098
3.21,12,56.800225
3.21,12,56.809614
3.16,12,56.819036
3.21,12,56.828258
3.16,12,56.837413
3.16,12,56.846477
3.21,12,56.855538
3.21,12,56.864939
3.21,14,56.875391
3.21,14,56.88583
3.16,14,56.896259
3.16,12,56.905298
3.16,12,56.9181
3.16,12,56.928078
3.21,14,56.947523
3.21,14,56.964871
0.62,14,56.979684
3.16,12,56.989043
3.16,12,56.998364
3.16,12,57.009022
3.16,12,57.018578
3.16,12,57.027703
3.21,12,57.036958
3.16,12,57.046017
3.16,12,57.055038
3.21,16,57.067043
3.16,12,57.076709
3.16,12,57.085956
3.21,12,57.095443
3.16,16,57.110482
0.69,22,57.126579
3.16,12,57.13599
3.21,12,57.149484
3.21,12,57.158701
3.21,12,57.167826
3.16,12,57.180005
0.69,24,57.19768
3.16,12,57.207183
3.16,14,57.218397
3.16,12,57.227526
3.21,12,57.23665
3.16,14,57.248692
3.16,12,57.258705
0.65,16,57.270828
3.21,12,57.280076
3.16,12,57.289282
3.16,16,57.301343
3.21,12,57.310896
0.43,32,57.335155
3.16,14,57.345998
3.16,12,57.35554
3.21,12,57.364821
0.46,20,57.380212
3.16,12,57.390566
0.69,24,57.408338
3.21,12,57.417792
3.21,14,57.429024
3.16,14,57.439505
3.16,12,57.448876
3.16,12,57.458116
3.21,12,57.46728
3.16,12,57.476417
3.21,12,57.485636
3.16,12,57.494978
3.21,12,57.504342
3.16,12,57.514558
3.21,12,57.523984
3.16,12,57.535379
3.21,12,57.550916
3.16,14,57.561483
3.16,12,57.570611
3.16,12,57.57981
3.21,12,57.588888
3.16,14,57.599387
3.21,12,57.608572
0.62,22,57.625255
3.21,12,57.634365
3.16,12,57.643581
3.16,12,57.652651
3.16,12,57.66168
3.21,12,57.670789
3.21,12,57.680034
3.16,12,57.689156
3.16,12,57.69835
3.16,14,57.708958
3.21,14,57.719888
3.21,12,57.729729
3.21,12,57.739613
3.16,12,57.757318
3.16,12,57.766509
3.21,12,57.775671
3.16,12,57.78473
3.16,12,57.793831
3.21,12,57.803068
3.21,14,57.816499
3.16,16,57.828261
3.21,12,57.840618
3.21,12,57.850464
3.16,12,57.859785
3.21,12,57.869977
3.21,12,57.879482
3.16,14,57.890902
3.16,14,57.90142
3.21,12,57.910527
3.21,12,57.920416
3.16,16,57.933831
3.16,14,57.944541
3.21,12,57.958479
0.74,30,57.981406
3.16,14,57.997228
3.21,12,58.008848
3.21,12,58.018393
3.21,12,58.027522
3.16,12,58.036583
3.21,12,58.045549
3.21,14,58.056023
3.21,12,58.065228
3.16,16,58.077078
3.16,12,58.08603
3.16,14,58.096529
3.21,12,58.108572
3.21,12,58.118425
3.16,16,58.130503
3.16,12,58.140455
3.16,12,58.152454
0.76,16,58.16848
3.16,12,58.178318
3.21,14,58.189044
3.16,14,58.200461
3.16,12,58.209976
0.61,14,58.220937
3.21,12,58.230261
3.21,12,58.239455
3.16,14,58.250509
3.21,12,58.259662
3.21,12,58.269029
3.16,12,58.278334
0.68,16,58.290382
3.16,12,58.299639
3.16,12,58.309453
3.16,16,58.321414
3.16,16,58.333383
3.16,12,58.342344
3.21,12,58.35153
3.16,12,58.361192
3.16,12,58.371007
3.21,12,58.3804
3.16,12,58.390057
3.16,14,58.400819
3.21,12,59.636544
3.21,12,59.646281
3.16,12,59.655412
3.16,12,59.666488
3.21,12,59.675925
3.16,12,59.68496
3.21,12,59.694188
3.16,14,59.704587
3.16,12,59.714188
3.21,12,59.723575
3.21,12,59.732838
3.16,14,59.743442
3.21,12,59.752614
3.21,12,59.761929
3.21,12,59.771039
3.21,12,59.787542
3.21,14,59.798311
3.21,12,59.80744
3.16,12,59.816719
3.16,12,59.825947
3.21,12,59.835048
3.21,12,59.844121
3.16,16,59.855912
3.21,14,59.866325
3.21,14,59.876941
3.21,16,59.888724
3.16,12,59.897825
3.21,12,59.906823
3.16,12,59.915914
0.74,20,59.931978
3.16,12,59.941218
3.16,14,59.951818
3.16,12,59.960839
3.21,12,59.969939
3.16,12,59.979067
3.16,12,59.993519
3.21,14,60.004006
3.21,12,60.014402
3.16,12,60.023862
3.16,16,60.04002
0.68,18,60.057683
3.21,12,60.066932
3.21,12,60.077185
3.16,12,60.086483
3.16,14,60.098039
3.21,12,60.109679
3.21,14,60.120131
3.16,14,60.130648
3.16,12,60.139895
3.21,12,60.148947
3.21,14,60.159449
3.16,12,60.168619
3.16,12,60.177766
3.21,12,60.186846
3.21,12,60.196862
3.21,12,60.20647
3.21,12,60.215977
3.16,12,60.225825
3.21,12,60.235176
3.21,14,60.24588
3.21,12,60.255332
3.21,12,60.264779
3.21,14,60.275641
3.21,12,60.285005
3.16,12,60.296218
3.21,12,60.306768
3.21,12,60.316254
3.21,12,60.325493
3.16,12,60.334829
3.21,12,60.344001
3.21,12,60.353283
3.16,12,60.362473
3.21,12,60.371953
3.21,14,60.382687
3.21,12,60.391984
3.21,12,60.401317
3.21,14,60.412085
3.21,12,60.42139
3.21,12,60.431253
3.21,12,60.440466
3.21,12,60.449842
3.16,14,60.46042
3.16,14,60.471153
3.21,14,60.4817
3.21,12,60.49108
3.21,12,60.500422
3.16,12,60.509874
3.16,12,60.519135
3.21,12,60.528672
3.21,14,60.539392
3.21,14,60.550117
0.76,16,60.562425
3.21,12,60.571779
3.21,12,60.601076
3.21,14,60.612018
3.21,12,60.621411
3.16,12,60.63072
0.74,18,60.64447
3.16,12,60.653802
3.21,12,60.662919
3.21,16,60.674944
3.16,12,60.684205
3.16,14,60.695308
3.16,12,60.704597
3.21,12,60.713938
3.16,14,60.724587
3.21,12,60.733886
3.16,12,60.743245
3.21,12,60.752696
3.21,12,60.761905
3.21,12,60.771287
3.21,12,60.780466
3.16,12,60.794393
3.21,12,60.804077
3.16,12,60.813458
3.21,12,60.825827
3.21,12,60.836358
3.21,14,60.84697
3.16,12,60.856184
3.16,12,60.86527
3.21,14,60.875842
0.65,14,60.88628
3.16,14,60.896716
3.21,12,60.905816
3.16,12,60.914942
3.16,12,60.923996
3.21,12,60.934123
3.16,12,60.943173
3.21,12,60.952862
3.21,14,60.964099
3.16,12,60.974806
3.16,12,60.983824
3.21,14,60.994695
0.83,14,61.005057
3.21,12,61.015233
3.16,16,61.027124
3.21,14,61.037826
3.16,12,61.046849
3.16,12,61.058197
3.21,14,61.073534
3.21,12,61.083248
3.16,12,61.092517
3.21,12,61.101663
3.16,12,61.112999
3.16,12,61.122436
3.16,14,61.133173
3.16,12,61.14502
3.21,12,61.15408
3.21,14,61.16442
3.21,14,61.174854
3.21,14,61.185977
3.21,12,61.195292
3.21,12,61.205058
3.21,12,61.214823
3.16,12,61.225075
3.21,12,61.234246
3.21,12,61.243255
3.21,12,61.252254
3.21,12,61.261791
3.21,14,61.272314
3.21,14,61.282791
3.21,12,62.430384
3.21,12,62.439406
3.21,12,62.448431
3.16,12,62.457568
3.21,12,62.466686
3.21,12,62.475868
3.16,12,62.484925
3.21,14,62.495603
3.21,12,62.504728
3.16,14,62.515142
3.16,12,62.524248
3.21,14,62.542816
3.16,12,62.551775
3.21,12,62.560714
3.16,14,62.571253
3.21,12,62.580197
3.21,12,62.589193
3.21,14,62.599604
3.21,12,62.608799
3.21,12,62.617718
3.21,12,62.62683
3.16,12,62.64116
3.21,12,62.650365
3.21,12,62.65951
3.21,12,62.668649
3.21,14,62.67951
3.16,12,62.689009
3.16,12,62.698151
3.16,12,62.707163
3.21,12,62.716239
3.21,12,62.725291
3.21,12,62.734366
3.21,14,62.74938
3.16,12,62.758467
3.21,12,62.767555
3.21,12,62.77669
3.21,12,62.785717
3.21,12,62.795022
3.16,12,62.804209
3.21,12,62.813358
3.21,12,62.822644
3.16,14,62.83318
3.16,12,62.842529
3.21,12,62.851634
3.16,12,62.860842
3.21,12,62.869959
3.16,12,62.87998
3.16,12,62.889192
3.21,12,62.898561
3.21,12,62.907857
3.16,12,62.917117
3.16,12,62.92776
3.21,12,62.937587
3.21,12,62.949908
3.16,12,62.961849
3.21,12,62.976941
3.21,12,62.988621
3.21,12,63.000394
3.16,12,63.011878
0.56,16,63.02845
3.16,14,63.041854
3.16,12,63.053588
3.21,12,63.067702
0.76,14,63.086878
3.21,12,63.110623
3.21,12,63.136492
0.51,14,63.171521
3.21,12,63.185217
3.16,12,63.200238
3.16,12,63.217276
3.21,12,63.230912
3.16,14,63.246335
0.81,16,63.264269
3.16,12,63.281471
3.21,12,63.304091
3.21,12,63.317261
3.16,12,63.330509
3.21,14,63.35293
3.21,12,63.388631
3.21,12,63.428384
3.21,12,63.450671
3.21,12,63.482584
3.21,12,63.511317
3.16,12,63.524379
3.21,12,63.538175
3.16,12,63.557136
3.21,12,63.570255
3.16,14,63.610165
3.21,14,63.662449
3.21,16,63.680391
3.16,12,63.693817
3.21,12,63.719723
3.21,12,63.734446
3.16,12,63.750946
3.16,12,63.764583
3.16,12,63.777881
3.21,12,63.791555
3.16,12,63.804675
3.21,14,63.826859
3.21,12,63.850321
3.21,12,63.863955
3.16,12,63.878292
3.21,12,63.894327
3.21,12,63.909534
3.21,12,63.928157
3.21,12,63.942923
3.21,12,63.957057
3.21,12,63.971379
3.16,12,63.98666
3.16,14,64.006053
3.21,12,64.022934
3.21,14,64.045667
3.21,12,64.081383
3.16,12,64.109877
3.16,12,64.137581
3.21,12,64.166537
3.16,16,64.195647
3.16,12,64.224703
3.16,12,64.241866
3.16,16,64.260049
3.16,12,64.280537
3.16,16,64.316174
0.76,14,64.33201
3.21,12,64.353487
3.16,12,64.380114
3.21,12,64.393459
3.21,12,64.47248
3.21,12,64.50699
3.21,12,64.521037
3.16,12,64.534817
3.21,12,64.548289
3.21,12,64.562908
3.21,14,64.579861
3.21,12,64.594157
3.21,12,64.607608
0.57,24,64.634866
3.21,12,64.649101
3.21,12,64.663812
3.16,12,64.683883
3.16,14,64.700222
3.21,12,64.714726
3.21,12,64.729101
3.16,12,64.743688
3.16,12,64.75924
0.62,14,64.773935
0.68,14,64.784534
3.21,12,64.793945
0.81,16,64.806822
3.21,12,64.815921
3.16,12,64.825219
3.21,12,64.834483
3.21,14,64.844945
3.16,12,64.854091
3.21,12,64.863201
3.21,14,64.873993
3.21,12,64.883125
3.16,12,64.892369
0.68,14,64.902921
3.21,12,64.912331
3.21,12,64.921559
3.21,12,64.932011
3.16,12,64.94151
3.16,12,64.950812
3.16,12,66.13391
3.21,12,66.143193
3.16,12,66.152386
3.21,12,66.161762
3.21,12,66.171324
3.21,12,66.184478
3.21,12,66.197646
3.21,14,66.217286
3.16,12,66.226796
3.21,12,66.236104
0.59,14,66.246521
3.21,12,66.255711
3.21,16,66.268043
3.16,14,66.278637
3.21,14,66.289057
3.21,12,66.29829
3.21,14,66.308954
3.16,12,66.318048
3.16,12,66.327233
3.16,12,66.336393
3.21,12,66.345713
3.21,12,66.354852
3.21,12,66.363954
3.16,12,66.373192
3.21,14,66.38359
3.21,12,66.392895
3.16,12,66.40196
3.21,16,66.416311
3.16,12,66.427651
3.16,12,66.437091
3.16,14,66.447627
3.16,12,66.456724
3.21,12,66.466403
3.21,12,66.475642
3.16,12,66.484895
3.16,12,66.494474
3.21,14,66.504892
3.21,14,66.515628
3.21,12,66.524794
3.16,12,66.533892
3.16,12,66.543057
3.21,12,66.5522
3.21,12,66.561285
3.21,14,66.572275
3.21,12,66.581355
3.21,12,66.590487
3.21,12,66.59961
3.21,12,66.608927
3.21,12,66.61815
3.21,12,66.627474
3.16,12,66.636607
3.16,12,66.645843
3.21,12,66.655229
3.16,12,66.66428
3.16,12,66.67339
3.16,14,66.683877
3.16,12,66.693065
3.16,12,66.702237
3.16,12,66.71236
3.16,12,66.721429
3.16,14,66.731931
3.16,12,66.74093
3.21,12,66.750076
3.21,14,66.760868
3.21,14,66.773454
0.81,14,66.783775
3.21,14,66.794142
3.21,12,66.803173
3.21,12,66.812297
3.16,12,66.821217
3.16,12,66.83033
3.21,12,66.839328
3.21,14,66.849648
3.16,12,66.858726
3.21,12,66.868558
0.81,14,66.881598
3.21,12,66.890669
3.16,12,66.899582
3.21,12,66.908454
3.21,12,66.919789
3.16,14,66.931498
3.21,12,66.940994
3.16,12,66.950211
3.16,12,66.959764
3.21,12,66.969062
3.21,12,66.978558
3.21,12,66.987848
3.21,12,67.005934
3.21,12,67.015604
3.21,12,67.025712
3.21,14,67.036505
3.21,12,67.045721
3.21,12,67.054932
3.16,12,67.064019
3.21,12,67.073514
0.81,14,67.084191
3.16,12,67.093448
3.21,12,67.103888
0.55,14,67.115322
3.21,12,67.124317
3.16,12,67.135887
3.21,12,67.145563
3.21,12,67.15458
3.16,12,67.163459
3.16,12,67.172702
3.21,12,67.181606
3.21,14,67.192331
3.21,12,67.208842
3.21,12,67.222182
3.21,12,67.232511
3.21,12,67.241929
3.21,12,67.251657
3.21,12,67.26097
3.21,12,67.270182
3.21,14,67.280868
3.21,12,67.290427
3.16,12,67.299691
3.21,14,67.310775
3.16,14,67.32142
0.56,14,67.33209
3.16,14,67.342614
3.21,14,67.353409
3.21,12,67.362503
3.21,12,67.371833
3.21,12,67.381027
3.21,12,67.390116
3.21,16,67.402079
0.59,14,67.412906
3.21,12,67.422206
3.21,12,67.431921
3.16,14,67.442386
3.21,12,67.451551
3.16,12,67.460822
3.21,12,67.469954
3.16,14,67.480915
3.16,12,67.490253
3.21,12,67.499475
3.21,14,67.510129
3.21,12,67.522042
3.16,12,67.531252
3.16,12,67.541023
3.21,12,67.550396
3.21,12,67.559694
3.21,12,67.568952
3.21,12,67.578156
3.21,12,67.587317
3.16,12,67.596965
3.21,12,67.606251
3.21,12,67.615929
3.16,12,67.625106
3.21,12,67.634366
3.21,12,67.643455
3.21,12,67.652556
3.21,12,67.661899
3.21,14,67.672529
3.21,16,67.684698
3.21,12,67.694013
3.21,12,67.703329
3.21,14,67.713948
3.16,14,67.724644
3.21,12,67.733835
3.21,12,67.743005
3.16,14,67.75368
3.21,12,68.997394
3.21,14,69.007865
3.21,12,69.017151
3.21,12,69.038304
3.21,12,69.047547
3.16,12,69.056674
3.21,14,69.067161
3.21,12,69.076634
3.21,14,69.087819
3.21,12,69.097444
3.21,18,69.113137
3.16,12,69.122075
3.16,14,69.132404
3.16,12,69.141518
3.21,12,69.150551
3.16,12,69.159553
3.21,12,69.168651
3.16,12,69.177696
3.16,12,69.186599
3.21,12,69.195605
3.21,12,69.204721
3.21,12,69.21401
3.21,12,69.223026
3.21,12,69.232222
3.21,12,69.245092
3.21,14,69.259693
3.21,12,69.272003
3.21,12,69.281246
3.21,12,69.290177
3.21,12,69.299263
3.21,12,69.308324
3.21,12,69.317211
3.16,12,69.326118
3.16,12,69.335096
3.21,12,69.347135
3.21,12,69.356137
3.21,12,69.365067
3.16,12,69.374074
3.21,12,69.382958
3.21,12,69.391958
0.68,16,69.403681
3.21,12,69.413376
3.21,12,69.422958
3.16,12,69.43286
3.21,12,69.441886
3.16,12,69.450889
3.16,12,69.460522
3.21,12,69.469627
3.21,12,69.47869
3.21,12,69.488304
0.2,32,69.512837
3.21,12,69.521899
3.21,12,69.530903
3.21,12,69.539819
3.21,12,69.548983
3.21,12,69.558729
3.16,12,69.567896
3.21,14,69.578886
3.21,14,69.589914
3.21,12,69.599374
3.16,12,69.608906
3.21,12,69.618521
3.21,12,69.630402
3.21,12,69.641869
3.16,12,69.652644
3.21,12,69.662601
3.21,12,69.671772
3.21,14,69.682624
0.83,14,69.693098
3.21,12,69.702296
3.21,12,69.711699
3.21,12,69.724637
3.21,14,69.735229
3.16,16,69.74713
3.21,12,69.756271
3.21,12,69.765438
3.16,12,69.77457
3.21,12,69.78358
3.21,14,69.794045
3.21,12,69.803172
3.21,14,69.813844
3.21,12,69.822915
3.21,12,69.853322
3.21,14,69.863871
3.16,12,69.872955
0.68,14,69.887462
3.21,12,69.896772
3.21,12,69.905887
3.21,12,69.915411
3.16,12,69.924509
3.21,12,69.934828
3.21,12,69.944167
3.16,12,69.953426
3.21,12,69.963386
3.21,12,69.972529
3.21,12,69.982644
3.16,12,69.997629
3.16,16,70.010087
3.21,12,70.020073
3.21,12,70.03061
3.21,14,70.045719
3.21,12,70.058465
3.21,12,70.067822
3.21,12,70.077296
3.21,12,70.086792
3.21,12,70.096282
3.16,12,70.109023
3.16,12,70.118651
3.21,12,70.127844
3.21,12,70.136929
3.16,12,70.14642
3.16,12,70.155466
3.21,12,70.164471
3.21,12,70.173554
3.21,12,70.182528
3.21,12,70.191896
3.16,12,70.200933
3.21,12,70.21012
3.21,12,70.219183
3.16,12,70.228086
3.16,12,70.237166
3.16,12,70.246078
3.21,14,70.256339
3.21,16,70.267958
3.21,12,70.280462
3.21,12,70.293101
0.81,14,70.303561
3.16,12,70.312968
3.16,12,70.321821
3.21,12,70.330647
3.21,12,70.339489
3.21,12,70.348389
3.16,12,70.357348
3.21,12,70.366496
3.21,12,70.375633
3.16,12,70.384643
3.16,12,70.393598
3.16,12,70.402508
3.21,12,70.411585
3.21,12,70.420477
3.16,12,70.429382
3.21,12,70.438607
3.21,12,70.447535
3.16,12,70.456444
3.21,12,70.465683
3.16,12,70.474637
3.21,12,70.483617
3.21,12,70.493346
3.21,12,70.502432
3.21,12,70.511621
3.21,12,70.520681
3.21,12,70.530346
3.21,16,70.542658
3.21,12,70.551871
3.16,12,70.561298
3.21,12,70.57058
3.16,14,70.581305
3.21,12,70.59048
3.21,12,70.599638
3.21,12,70.60895
3.21,12,70.618295
3.21,12,70.627443
3.21,12,70.636908
3.21,14,70.66735
3.21,12,71.870166
3.21,12,71.879164
3.21,12,71.888187
3.21,12,71.897439
3.21,12,71.90666
3.21,12,71.916483
3.21,12,71.92773
3.21,14,71.940653
3.21,14,71.951242
3.21,12,71.960372
3.16,12,71.969559
3.21,12,71.979048
3.21,12,71.988429
3.16,12,71.998327
3.21,12,72.007509
3.21,12,72.017209
0.65,18,72.030608
3.21,12,72.040867
3.21,12,72.050009
3.21,12,72.059139
3.21,14,72.069707
3.21,12,72.078898
0.69,16,72.091546
3.21,16,72.106287
3.21,12,72.119905
3.21,12,72.129248
3.21,12,72.138442
3.21,12,72.149414
3.21,12,72.158806
3.21,12,72.167972
3.21,12,72.177254
3.21,12,72.186442
3.21,12,72.195688
3.21,12,72.205184
0.74,24,72.223964
3.21,12,72.234242
3.21,12,72.245904
3.21,12,72.256587
3.21,12,72.268251
3.21,12,72.279871
3.21,12,72.291792
3.21,12,72.303363
0.76,14,72.317039
3.21,12,72.333172
3.21,12,72.353608
3.16,12,72.374127
3.21,14,72.391863
3.21,12,72.403292
3.16,12,72.415263
3.21,12,72.42695
3.21,12,72.438939
3.16,12,72.450461
3.21,12,72.462065
3.21,12,72.473654
3.21,12,72.485168
3.21,16,72.500347
3.21,12,72.512304
3.16,12,72.523852
3.21,12,72.53534
3.16,12,72.548058
3.21,12,72.56184
3.16,12,72.573373
3.21,12,72.584887
3.16,12,72.596688
3.21,12,72.608146
3.16,12,72.617683
3.21,12,72.626834
3.21,12,72.636042
3.21,12,72.645384
3.21,12,72.654504
3.21,14,72.665047
3.21,12,72.674339
3.21,12,72.683606
3.21,12,72.692837
3.21,12,72.701872
3.21,12,72.711359
3.21,12,72.720676
3.21,14,72.731237
3.21,12,72.740417
3.16,12,72.758513
3.21,12,72.767867
3.21,12,72.777051
3.21,12,72.786117
3.21,12,72.795244
0.74,16,72.807313
3.21,12,72.816489
3.21,12,72.82569
3.21,12,72.835081
3.16,12,72.844243
3.21,12,72.853708
3.21,12,72.863013
3.21,14,72.873944
3.16,12,72.883192
3.21,14,72.897804
3.21,12,72.908484
3.21,12,72.917614
3.21,12,72.927559
3.21,12,72.937258
3.21,12,72.946787
3.21,12,72.960097
3.21,12,72.969284
3.21,12,72.978527
3.21,12,72.98778
3.21,14,72.998622
3.21,16,73.010841
3.21,12,73.020448
3.21,12,73.029672
3.21,12,73.039845
3.21,12,73.049391
3.16,12,73.058534
3.21,12,73.067608
3.16,12,73.076609
3.21,12,73.085708
3.21,12,73.094841
3.16,12,73.106245
3.21,12,73.116302
3.21,14,73.127006
3.21,14,73.137822
3.16,12,73.147326
3.21,12,73.156595
3.21,12,73.165931
3.21,12,73.175267
3.21,12,73.184568
3.21,12,73.193854
3.21,12,73.203537
3.21,12,73.215026
3.21,12,73.225312
3.21,12,73.234599
3.21,12,73.244451
3.21,12,73.254205
3.21,12,73.264097
3.16,12,73.273508
3.21,14,73.284213
3.21,12,73.29355
3.21,14,73.304837
3.21,12,73.314914
3.21,14,73.325808
3.21,12,73.335141
3.21,12,73.344406
3.21,12,73.353683
3.21,12,73.365211
0.62,16,73.382688
3.21,12,73.392276
3.21,12,73.401446
3.21,12,73.411004
0.6,16,73.423112
3.21,12,73.432432
3.21,12,73.441798
3.21,12,73.451032
3.21,12,73.460296
3.21,12,73.469533
3.21,12,73.478827
3.21,12,73.488151
3.21,12,73.497959
3.21,12,73.507462
3.21,12,73.516723
3.21,12,73.525867
3.16,12,73.535242
3.21,12,73.54448
3.21,12,73.553881
3.21,12,73.583889
3.21,12,73.593203
3.21,14,73.603853
3.21,12,73.613337
3.21,12,74.868823
3.21,14,74.879991
3.21,12,74.888928
3.21,12,74.897904
3.21,12,74.906983
3.16,12,74.916226
3.16,12,74.925179
3.21,12,74.936486
3.21,12,74.946647
3.16,14,74.957116
3.16,12,74.966223
3.21,12,74.975225
3.16,12,74.98427
3.16,12,74.993425
3.16,12,75.002639
3.21,12,75.012167
3.21,12,75.021507
3.21,12,75.030719
3.21,16,75.043637
3.21,12,75.052966
3.21,12,75.062205
3.21,12,75.071393
3.21,16,75.083308
3.21,12,75.092342
3.21,12,75.102596
3.21,12,75.113851
3.21,12,75.123816
3.21,12,75.13354
3.16,12,75.143058
3.21,12,75.152282
3.21,12,75.16135
3.21,12,75.170571
3.21,12,75.179812
3.16,12,75.188911
3.21,12,75.198228
3.21,12,75.207427
3.21,12,75.216554
3.21,14,75.227711
3.16,12,75.237051
3.21,12,75.246418
3.21,12,75.255525
3.21,14,75.266057
3.21,12,75.275129
3.21,12,75.284167
3.21,12,75.293236
3.21,12,75.302577
3.21,12,75.311919
3.21,12,75.32094
3.21,12,75.330068
3.21,12,75.339108
3.21,12,75.348174
3.21,12,75.357244
3.21,12,75.366291
3.16,12,75.375345
3.16,12,75.3844
3.21,12,75.393484
3.21,12,75.402484
3.21,12,75.414966
3.21,12,75.428184
3.21,12,75.437466
3.21,12,75.446554
3.16,14,75.456964
3.21,14,75.46726
3.21,12,75.47633
3.21,12,75.48525
3.21,12,75.494438
3.21,12,75.503492
3.21,14,75.514204
3.21,12,75.523231
3.21,12,75.53228
3.21,12,75.541275
0.65,16,75.553111
3.16,12,75.562311
3.21,12,75.571341
3.21,12,75.580306
3.21,12,75.589423
3.16,12,75.598484
3.21,14,75.618412
3.21,12,75.6275
3.21,12,75.63658
3.16,12,75.645829
3.21,12,75.654923
3.21,12,75.663988
3.21,12,75.673105
3.21,12,75.682168
3.21,12,75.691255
3.21,12,75.700338
3.16,12,75.709444
3.21,12,75.718988
3.21,12,75.728125
0.56,14,75.738616
3.16,12,75.747725
3.21,12,75.756854
3.16,12,75.765998
3.16,12,75.775278
3.21,12,75.784362
3.21,12,75.793441
3.16,12,75.802519
3.16,12,75.81554
3.21,12,75.82538
3.21,12,75.834794
3.21,12,75.844133
3.21,12,75.853309
3.16,12,75.862956
3.21,12,75.872135
3.16,12,75.881389
3.21,12,75.890581
3.16,12,75.899848
3.16,12,75.914116
3.21,12,75.923326
3.21,12,75.933501
3.21,12,75.942809
3.21,12,75.952165
3.21,12,75.96135
3.21,12,75.970616
3.21,12,75.97971
3.16,12,75.988927
3.21,12,75.998273
3.21,12,76.00743
3.16,12,76.017198
3.21,12,76.026317
3.21,12,76.035618
3.16,12,76.045681
3.21,12,76.054906
3.21,12,76.066124
3.21,12,76.076012
3.21,12,76.085197
3.21,12,76.09437
3.21,12,76.104985
3.21,12,76.115019
3.21,12,76.124844
3.16,12,76.133947
3.16,12,76.143539
3.21,12,76.152627
3.21,12,76.161638
3.16,12,76.170641
3.16,12,76.179585
3.21,12,76.188556
3.21,12,76.197677
3.21,12,76.207206
3.21,12,76.216163
3.21,12,76.225148
3.21,12,76.234114
3.21,12,76.243141
3.21,12,76.252107
3.21,12,76.261092
3.16,12,76.270105
3.21,12,76.279135
3.21,12,76.288051
3.21,14,76.298371
3.16,14,76.308725
3.16,12,76.3182
3.21,12,76.327123
3.21,12,76.336094
3.21,12,76.34497
3.16,12,76.353949
3.21,12,76.362834
3.21,12,76.371868
3.16,12,76.383115
3.21,12,76.41236
3.16,12,76.421319
3.16,12,76.431591
3.21,12,76.444809
3.16,12,76.45568
3.16,12,76.464537
3.21,12,76.473458
3.21,12,76.482281
3.21,12,76.491294
3.21,12,77.691504
3.21,14,77.701942
3.21,12,77.713616
3.21,12,77.724102
3.21,12,77.733278
3.21,12,77.74256
3.21,12,77.751826
3.16,12,77.763201
3.21,12,77.772574
3.21,12,77.781843
3.21,12,77.791077
3.21,12,77.800161
3.21,14,77.81109
3.21,12,77.820529
3.21,12,77.829704
3.21,12,77.838956
3.21,14,77.849604
3.21,12,77.858801
3.21,12,77.867967
3.21,12,77.877188
3.21,12,77.886353
3.21,12,77.895535
3.21,12,77.904667
3.21,12,77.914289
3.21,12,77.924202
3.21,12,77.934629
3.21,16,77.949513
3.21,12,77.958853
3.21,12,77.96807
0.81,14,77.978642
3.21,12,77.987906
3.21,12,77.997234
3.21,12,78.006312
3.21,12,78.018289
3.21,12,78.027485
3.21,12,78.036612
3.21,14,78.047975
3.16,12,78.057408
3.21,14,78.068102
3.21,12,78.077197
3.21,12,78.086276
3.21,12,78.095317
3.21,12,78.106552
3.21,12,78.116107
3.21,12,78.125538
3.21,12,78.134919
3.21,12,78.144071
3.21,12,78.153248
3.21,12,78.162351
3.21,12,78.171432
3.21,12,78.180499
3.16,12,78.189645
3.21,12,78.198781
3.21,12,78.208007
3.21,12,78.217196
3.21,12,78.22633
3.21,12,78.235373
3.21,12,78.24452
3.21,12,78.25395
3.16,12,78.263105
3.21,12,78.272131
3.21,12,78.281156
3.21,12,78.290385
3.21,12,78.299394
3.21,12,78.30865
3.21,12,78.318408
3.21,12,78.327377
3.21,12,78.336346
3.21,12,78.345272
3.16,12,78.354246
3.21,12,78.363358
3.21,12,78.372532
3.16,12,78.381598
3.21,12,78.410798
3.21,12,78.42016
3.21,12,78.429257
3.21,12,78.438492
3.21,12,78.447664
3.21,12,78.456623
3.21,14,78.467075
3.21,12,78.477727
3.16,12,78.491268
3.21,12,78.502137
3.21,12,78.51139
3.21,12,78.520894
3.21,12,78.53
3.21,12,78.539203
3.21,12,78.548256
3.21,14,78.558706
3.21,14,78.569177
3.21,12,78.578227
3.21,12,78.587242
3.21,12,78.597919
0.81,14,78.610853
3.21,12,78.624251
3.21,12,78.634263
3.21,12,78.644253
3.21,12,78.653696
3.21,12,78.663094
3.21,12,78.672215
3.21,12,78.681467
3.21,12,78.690431
3.21,12,78.699459
3.21,12,78.708526
3.16,12,78.718112
3.21,12,78.72728
3.21,12,78.736479
3.21,12,78.745417
3.16,12,78.754619
3.21,14,78.76515
3.21,12,78.774291
3.21,14,78.784623
3.21,12,78.793843
3.21,12,78.802942
3.16,12,78.812005
3.16,12,78.821095
3.21,16,78.832981
3.21,12,78.842206
3.21,12,78.851333
3.21,12,78.860357
3.21,12,78.869666
3.21,12,78.878804
3.21,14,78.889326
3.21,12,78.898509
3.21,14,78.908984
3.21,12,78.918198
3.21,14,78.931921
3.21,12,78.942304
3.21,12,78.951602
3.21,12,78.960804
3.21,12,78.970271
3.21,12,78.97924
3.21,12,78.988517
3.21,12,78.998266
3.21,12,79.007382
3.21,12,79.016647
3.21,12,79.025976
3.21,12,79.035054
3.21,12,79.044439
3.21,12,79.05489
3.16,12,79.063958
3.21,12,79.073026
3.21,12,79.082484
3.21,12,79.092611
3.21,12,79.106152
3.21,12,79.115535
3.21,12,79.125575
3.16,14,79.136281
3.21,12,79.145866
3.21,12,79.154925
3.21,12,79.163929
3.21,12,79.172987
3.21,12,79.181951
3.16,12,79.191212
3.21,12,79.201261
3.21,12,79.233588
3.21,12,79.247111
3.21,12,79.256906
3.16,12,79.266032
3.21,14,79.276637
3.21,12,79.285838
3.21,12,79.294978
3.21,12,79.304269
3.16,12,79.31358
3.21,12,79.32421
3.21,12,79.333311
3.21,12,79.342386
3.21,12,80.554049
3.21,12,80.563897
3.21,12,80.573006
3.21,12,80.581955
3.16,12,80.591015
3.21,12,80.600059
3.21,12,80.609206
3.21,12,80.618347
3.21,12,80.62726
3.21,12,80.636249
3.21,12,80.645412
3.21,12,80.654672
3.21,12,80.664209
0.83,14,80.674781
3.21,12,80.68387
3.21,14,80.694307
3.21,12,80.70327
3.21,12,80.712484
3.21,12,80.721545
3.16,12,80.736008
3.21,12,80.745224
3.21,12,80.754272
0.81,14,80.764662
3.21,12,80.773886
3.21,12,80.783345
3.21,12,80.792673
3.21,12,80.801604
3.21,12,80.810692
3.21,12,80.819702
3.21,12,80.828839
3.21,12,80.83792
3.21,12,80.846986
3.16,12,80.856348
3.21,12,80.865371
3.16,12,80.874497
3.21,12,80.88345
3.21,12,80.892443
3.21,12,80.901343
3.21,12,80.910313
3.21,12,80.919441
3.21,12,80.930287
3.21,12,80.939945
3.21,12,80.949045
3.21,12,80.959516
3.21,12,80.969783
3.21,12,80.978711
3.21,12,80.987769
3.21,12,80.997001
3.21,12,81.005902
3.21,12,81.014899
3.21,12,81.023981
3.21,12,81.033155
3.21,14,81.043553
3.21,12,81.054151
3.21,12,81.06355
3.21,12,81.07267
3.21,12,81.081725
3.21,12,81.091446
3.21,12,81.100513
0.61,14,81.113836
3.21,12,81.122899
3.21,12,81.132072
3.21,12,81.141054
3.21,12,81.150263
3.21,12,81.159308
3.21,12,81.168392
3.21,12,81.177445
3.21,12,81.186401
3.21,12,81.195781
3.21,12,81.205011
3.21,12,81.223174
3.21,12,81.232188
3.21,12,81.241184
3.21,12,81.250323
3.21,12,81.259595
3.21,12,81.268549
3.21,12,81.277552
3.16,12,81.286572
3.21,12,81.295523
3.21,12,81.304609
3.21,12,81.313634
3.21,12,81.322808
3.21,12,81.332225
3.21,12,81.341279
3.21,12,81.350291
3.21,12,81.359192
3.21,12,81.368169
3.21,12,81.37723
3.16,12,81.386215
3.21,12,81.395156
3.21,12,81.404331
3.21,12,81.413446
3.21,12,81.427962
0.74,18,81.44314
3.21,12,81.452323
3.21,12,81.461332
3.21,12,81.47046
3.21,12,81.480087
3.16,12,81.489377
3.21,14,81.499832
3.21,12,81.508969
3.21,12,81.518057
3.21,12,81.5275
3.21,12,81.536497
3.21,12,81.54822
3.21,12,81.561666
3.21,12,81.571814
3.21,12,81.580913
3.21,12,81.590013
3.21,12,81.599131
0.66,18,81.612529
3.16,12,81.62172
3.21,12,81.63495
3.21,14,81.645496
3.16,12,81.654779
3.21,12,81.663693
3.21,12,81.672727
3.21,12,81.682458
3.21,12,81.691803
3.21,12,81.700912
3.21,12,81.713167
3.21,12,81.724574
3.21,12,81.734107
3.21,12,81.743375
3.21,12,81.752551
3.21,12,81.761606
3.21,12,81.771109
3.16,12,81.780837
3.21,12,81.789845
3.21,12,81.798933
3.16,12,81.807976
3.21,12,81.817103
3.21,12,81.826135
3.21,12,81.835404
3.21,12,81.844512
3.21,12,81.85373
3.16,12,81.862708
3.21,12,81.872258
3.21,12,81.88184
3.16,12,81.89104
3.16,12,81.900876
3.21,12,81.909981
3.21,12,81.919142
3.21,12,81.92919
3.21,12,81.938875
3.21,12,81.948033
3.21,12,81.957378
3.21,12,81.966404
3.21,12,81.97558
3.21,12,81.98465
3.21,12,81.994688
3.21,12,82.00636
3.21,12,82.025246
3.21,12,82.034999
3.21,12,82.044207
3.21,12,82.054719
3.21,12,82.064538
3.21,12,82.073689
3.21,12,82.082879
3.16,12,82.092026
3.21,12,82.101627
3.21,12,82.112529
3.21,12,82.121689
3.21,12,82.130924
3.16,12,82.140001
3.21,12,82.149299
3.21,12,82.158628
3.21,12,82.167964
3.21,12,82.177112
3.21,12,83.383917
3.21,14,83.394258
3.21,12,83.403198
3.21,12,83.412478
3.21,12,83.42143
3.21,12,83.430405
3.21,12,83.439848
3.21,14,83.4501
3.21,12,83.459226
3.21,12,83.468185
3.21,12,83.477362
3.21,12,83.486635
3.21,12,83.495679
3.21,12,83.504861
3.21,12,83.513892
3.21,12,83.522834
3.21,12,83.532077
3.21,12,83.541803
3.21,12,83.551032
3.21,12,83.560199
3.21,12,83.569419
3.21,12,83.578505
3.21,12,83.588081
3.16,12,83.604661
3.21,12,83.616814
3.21,12,83.626416
3.21,12,83.635928
3.21,12,83.645391
3.21,12,83.656218
3.21,12,83.665685
3.21,14,83.676395
3.21,12,83.685557
3.21,12,83.69483
3.21,12,83.703966
3.21,12,83.713441
3.21,12,83.722645
3.21,12,83.732609
3.21,12,83.750303
3.21,12,83.759432
3.21,12,83.76841
3.16,12,83.777477
3.21,12,83.786834
3.21,12,83.795833
3.21,12,83.80491
3.21,12,83.8139
3.21,12,83.822897
3.21,12,83.832109
3.16,12,83.841307
3.21,12,83.850208
3.21,12,83.85936
0.68,24,83.876584
3.16,12,83.885682
3.21,12,83.894695
3.16,12,83.903716
3.16,12,83.912689
3.21,14,83.923107
3.16,12,83.933556
3.21,12,83.943124
3.21,12,83.95251
3.21,12,83.961709
3.21,12,83.970939
3.21,12,83.979979
3.21,12,83.989345
3.21,12,83.998679
3.21,12,84.007711
3.16,12,84.025408
3.21,12,84.034566
3.16,12,84.044137
3.21,12,84.057066
3.21,12,84.06727
3.21,12,84.076538
3.21,12,84.085865
3.16,12,84.095185
3.21,12,84.106683
3.21,12,84.115859
3.21,12,84.125799
3.21,12,84.135252
3.21,12,84.144371
3.21,12,84.153428
3.16,12,84.162481
3.21,12,84.171584
3.21,12,84.180677
3.21,12,84.190013
3.16,12,84.199292
3.21,12,84.208557
3.21,12,84.220459
3.16,12,84.231373
3.16,12,84.240373
3.21,12,84.249608
3.21,12,84.258961
3.21,12,84.268478
3.21,12,84.277547
3.21,12,84.28666
3.21,12,84.295821
3.21,12,84.305019
3.16,12,84.314359
3.21,12,84.323352
3.21,12,84.332494
3.21,12,84.341764
3.21,14,84.352485
3.21,12,84.361468
3.21,12,84.370584
3.21,12,84.379821
3.21,12,84.3889
3.21,12,84.397938
3.21,12,84.407702
3.21,12,84.417015
3.21,12,84.426671
3.21,12,84.43608
3.21,12,84.445901
3.21,12,84.456839
3.21,12,84.465848
3.21,12,84.47491
3.21,12,84.483917
3.21,12,84.493028
3.21,12,84.50213
3.21,12,84.511302
0.68,14,84.521642
3.21,12,84.530637
3.21,12,84.539659
3.16,12,84.548588
3.21,12,84.557804
3.21,12,84.566863
3.21,12,84.575831
3.16,12,84.584862
3.21,12,84.593837
3.21,12,84.602805
3.21,12,84.613454
3.21,12,84.626678
3.21,12,84.63815
3.21,12,84.654197
3.21,12,84.663141
3.21,12,84.672153
3.21,12,84.681043
3.21,12,84.689956
3.16,12,84.699399
3.21,12,84.70848
3.21,12,84.717808
3.21,14,84.728332
3.21,12,84.737466
0.58,16,84.749855
3.21,12,84.758824
3.16,12,84.768377
3.21,12,84.77753
3.21,12,84.786531
3.21,12,84.795583
3.21,12,84.804608
3.21,12,84.822422
3.21,12,84.831433
3.21,12,84.840495
3.21,12,84.849593
3.21,12,84.858819
3.21,12,84.867716
3.21,12,84.876605
3.21,12,84.885483
3.21,12,84.894995
3.21,12,84.903978
3.21,12,84.913053
3.21,12,84.922039
3.21,12,84.932088
3.21,12,84.941131
3.21,12,84.950481
3.21,12,84.960358
3.21,12,84.969489
3.21,12,84.980507
3.21,12,84.990526
3.21,12,84.99979
3.21,12,85.008904
3.21,12,86.173563
3.21,12,86.182617
3.21,12,86.191661
3.21,12,86.201377
3.21,12,86.212972
3.21,12,86.22252
3.21,12,86.23242
3.21,12,86.241453
3.16,12,86.250443
3.21,12,86.259659
3.21,12,86.268653
3.21,12,86.277629
3.21,12,86.286622
3.21,12,86.295686
3.21,12,86.304854
3.21,12,86.314274
3.21,12,86.323402
3.21,12,86.332611
3.16,12,86.341598
3.16,12,86.350534
3.21,12,86.359471
3.21,12,86.368345
3.21,12,86.377365
3.21,12,86.386314
3.21,12,86.395267
3.21,12,86.404212
3.21,12,86.413302
3.21,12,86.422151
3.21,12,86.431096
3.21,12,86.440103
3.21,12,86.449322
3.21,12,86.458462
3.21,12,86.467377
3.21,12,86.476288
3.21,12,86.485229
3.21,12,86.494194
3.21,12,86.503042
3.21,12,86.512257
3.21,12,86.521158
3.21,12,86.530058
3.21,12,86.539203
3.21,12,86.548087
3.21,12,86.557008
3.21,12,86.565912
3.21,12,86.574911
3.16,12,86.583874
3.21,12,86.592804
3.21,12,86.601719
3.21,12,86.610816
3.21,12,86.619709
3.21,12,86.628569
3.21,12,86.637495
3.21,12,86.646537
3.21,14,86.657349
3.21,12,86.670576
3.21,12,86.682155
3.21,12,86.691183
3.21,12,86.700234
3.21,12,86.709393
3.21,12,86.718431
3.21,12,86.727438
3.21,12,86.737176
3.16,12,86.778199
3.21,12,86.787268
3.21,12,86.796376
3.21,12,86.80558
3.21,12,86.814862
3.21,12,86.824002
0.81,14,86.834798
3.21,12,86.843889
3.21,12,86.853004
3.21,12,86.862355
3.21,12,86.871474
3.21,12,86.880569
3.21,12,86.889652
3.21,12,86.898906
3.21,12,86.908025
3.21,12,86.917254
3.21,12,86.926672
3.21,12,86.936822
3.21,12,86.946037
3.21,12,86.955242
3.21,12,86.968931
3.21,12,86.978082
3.21,12,86.98713
3.21,12,86.996448
3.21,12,87.005722
3.21,12,87.014851
3.21,12,87.026146
3.21,12,87.036341
3.21,12,87.045392
3.21,12,87.054564
3.21,12,87.064638
3.21,12,87.074868
3.21,12,87.083944
3.21,12,87.093664
3.21,12,87.105159
3.21,12,87.114262
3.21,12,87.12326
3.21,12,87.133222
3.21,12,87.142389
3.21,14,87.152901
3.21,12,87.161849
3.21,12,87.170915
3.21,12,87.179906
3.21,12,87.188927
3.21,12,87.198813
3.21,14,87.209349
3.21,12,87.218315
3.21,12,87.227525
3.21,12,87.236634
3.21,12,87.246511
3.21,12,87.255886
3.21,12,87.265089
3.21,14,87.276019
3.21,12,87.285285
3.21,12,87.294372
3.21,12,87.30382
3.21,12,87.312808
3.21,12,87.321856
3.21,12,87.332957
3.21,12,87.342787
3.21,12,87.351709
3.21,12,87.361082
3.21,12,87.37069
3.21,12,87.380012
3.21,12,87.388986
3.21,12,87.398163
3.21,12,87.407324
3.21,12,87.416613
3.21,12,87.425711
3.21,12,87.435095
3.21,12,87.444215
3.21,12,87.453273
3.21,12,87.462427
3.21,12,87.471449
3.21,12,87.480457
3.21,12,87.489522
3.21,12,87.499085
3.21,14,87.509648
3.21,12,87.518707
3.21,12,87.527726
3.21,12,87.536894
3.21,12,87.54596
3.21,12,87.555029
3.21,12,87.584086
3.21,12,87.593007
3.21,14,87.603285
3.21,12,87.612435
3.21,12,87.621293
3.21,12,87.630385
3.21,12,87.639363
3.21,12,87.648498
3.21,12,87.657619
3.21,12,87.669902
3.21,12,87.679361
3.21,12,87.692569
3.21,12,87.704186
3.21,14,87.714962
3.21,12,87.724115
3.21,12,87.73338
0.51,18,87.746574
3.21,12,87.755666
3.21,12,87.766365
3.16,12,87.777687
3.21,12,87.786814
3.21,12,87.79587
3.21,14,87.806224
3.21,12,89.005833
3.21,12,89.015031
3.21,12,89.02423
3.21,12,89.036141
3.21,12,89.046563
3.21,12,89.055686
3.21,12,89.065126
3.21,12,89.075127
3.21,12,89.084098
3.21,12,89.093125
3.21,12,89.102662
3.21,12,89.114666
3.21,12,89.12389
3.21,12,89.133203
3.21,12,89.142877
3.21,12,89.154379
3.21,12,89.163978
3.21,12,89.173086
3.21,12,89.182287
3.21,12,89.191361
3.21,12,89.200721
3.21,12,89.210841
3.21,12,89.220055
3.21,12,89.229265
3.21,12,89.238825
3.21,12,89.248684
3.21,12,89.258097
3.21,12,89.267467
3.21,12,89.276706
3.21,12,89.286589
3.21,12,89.29585
3.21,12,89.304925
3.21,12,89.314882
3.21,12,89.324304
3.21,12,89.333791
3.21,12,89.342955
3.21,12,89.35256
3.21,12,89.36452
3.16,12,89.374388
3.21,12,89.385319
3.21,12,89.396727
3.21,12,89.406189
3.21,12,89.415632
3.21,12,89.424944
3.21,12,89.434348
3.21,12,89.443634
3.21,12,89.453097
3.21,12,89.463067
3.21,12,89.472386
3.21,12,89.481595
3.21,12,89.490897
3.21,12,89.502087
3.21,12,89.512473
3.21,12,89.521551
3.21,12,89.530927
3.21,12,89.540496
3.21,12,89.549712
3.21,12,89.559087
3.21,12,89.568305
3.21,12,89.586811
3.21,12,89.596461
3.21,12,89.60556
3.21,12,89.615013
3.21,12,89.624114
3.21,12,89.633244
3.21,12,89.642558
3.21,12,89.651705
3.21,12,89.660932
3.21,12,89.669939
3.21,12,89.678993
3.21,12,89.688253
3.21,12,89.697477
3.21,12,89.706682
3.21,12,89.716114
3.21,12,89.72628
3.21,12,89.739821
3.21,12,89.751367
3.21,12,89.760554
3.21,12,89.77307
3.21,12,89.784405
3.21,12,89.795623
3.21,12,89.804841
3.21,12,89.815581
3.21,12,89.824863
3.21,12,89.83471
3.21,12,89.843842
3.21,12,89.852998
3.21,12,89.862378
3.21,12,89.871559
3.21,12,89.88071
3.21,12,89.890432
3.21,12,89.90006
3.21,12,89.909203
3.21,12,89.918262
3.21,12,89.927961
3.21,14,89.938808
3.21,12,89.947833
3.21,12,89.956884
3.21,12,89.965889
3.21,12,89.975012
3.21,12,89.983979
3.21,12,89.993536
3.21,12,90.002436
3.21,12,90.011416
3.21,12,90.020554
3.21,12,90.029702
3.21,12,90.038689
3.21,12,90.047686
3.21,12,90.056966
3.21,12,90.066314
3.21,12,90.078108
3.21,12,90.089678
3.21,12,90.106123
3.21,12,90.118435
3.21,12,90.129968
3.21,12,90.141171
3.21,12,90.150453
3.16,12,90.159591
3.21,12,90.168993
3.21,12,90.178195
3.21,12,90.187272
3.21,12,90.196365
3.21,12,90.205851
3.21,12,90.214928
3.21,12,90.224064
3.21,12,90.233238
3.21,12,90.242366
3.21,12,90.251479
3.21,12,90.260637
3.21,12,90.269785
3.16,12,90.278865
3.21,12,90.287889
3.21,12,90.296977
3.21,12,90.306137
3.21,12,90.315208
3.21,12,90.324208
3.21,12,90.333897
3.21,12,90.34318
3.21,12,90.3525
3.21,12,90.361796
3.21,12,90.371342
3.21,12,90.38051
3.21,12,90.413148
3.21,12,90.422487
3.21,12,90.431771
3.21,14,90.442766
3.21,12,90.451949
3.21,12,90.461411
3.21,14,90.472085
3.21,12,90.481313
3.21,12,90.490807
3.21,12,90.500069
3.16,12,90.509385
3.21,12,90.518669
3.21,12,90.528032
3.21,12,90.537564
3.21,12,90.546831
3.21,12,90.556076
3.21,12,90.565448
3.21,12,90.574763
3.21,12,90.584013
3.21,12,90.593494
3.21,12,90.607674
3.21,12,90.617197
3.21,12,90.626701
3.21,12,90.636101
3.21,12,90.645826
3.21,12,90.656002
3.21,12,90.665565
3.21,12,90.677783
3.21,12,90.686786
3.21,12,91.864955
3.21,12,91.879599
3.21,12,91.889436
3.21,12,91.898695
3.21,12,91.907816
3.21,12,91.917012
3.21,12,91.927346
3.21,12,91.937404
3.21,12,91.946515
3.16,12,91.955696
3.21,12,91.964828
3.21,12,91.974251
3.21,12,91.983535
3.21,12,91.993115
3.21,12,92.002151
3.21,12,92.011361
3.21,12,92.020451
3.21,12,92.02954
3.21,12,92.038562
3.21,12,92.047514
3.21,12,92.056768
3.21,12,92.066019
3.21,12,92.075291
3.21,12,92.085192
3.21,12,92.094277
3.21,12,92.105082
3.21,12,92.114693
3.21,12,92.124246
3.21,12,92.133476
3.21,12,92.143709
3.21,12,92.156436
3.21,12,92.166468
3.21,12,92.1762
3.21,12,92.18603
3.21,12,92.195765
3.21,12,92.205134
3.21,12,92.214321
3.21,12,92.223465
3.21,12,92.232616
3.21,12,92.242002
3.21,12,92.251264
3.21,12,92.261672
3.21,12,92.272846
3.21,12,92.28213
3.21,12,92.291197
3.21,12,92.300281
3.21,14,92.31073
0.61,14,92.321166
3.21,12,92.330206
3.21,12,92.339473
3.21,12,92.348629
3.21,12,92.358166
3.21,12,92.367301
3.21,12,92.377227
3.21,12,92.396242
3.21,12,92.405472
3.21,12,92.414469
3.21,12,92.423556
3.21,12,92.432587
3.21,12,92.44195
3.21,12,92.451055
3.21,12,92.460384
3.21,12,92.469528
3.21,12,92.478948
3.16,12,92.48811
3.21,12,92.497155
3.21,12,92.506257
3.21,12,92.515397
3.21,12,92.524372
3.21,12,92.533403
3.21,12,92.549375
3.21,12,92.558406
3.21,12,92.567423
3.21,12,92.576468
3.21,12,92.585876
3.21,12,92.598598
3.21,12,92.607835
3.21,12,92.616841
3.21,12,92.625841
3.21,12,92.634845
3.21,12,92.644413
3.21,12,92.653408
3.21,12,92.66238
3.21,12,92.671381
3.21,12,92.680489
3.21,12,92.689412
3.21,14,92.699849
3.21,12,92.709061
3.21,12,92.71817
3.21,12,92.727345
3.21,12,92.736481
3.21,12,92.745542
3.16,12,92.754662
3.21,12,92.763668
3.21,12,92.775295
3.21,12,92.785853
3.21,12,92.797197
3.21,12,92.81046
3.21,12,92.820737
3.21,12,92.829844
3.21,12,92.839018
3.21,12,92.848049
3.21,12,92.858009
3.21,12,92.869483
3.21,12,92.878646
3.21,12,92.887881
3.21,12,92.896977
3.21,12,92.906
3.21,12,92.915056
3.21,12,92.924517
3.21,12,92.93472
3.21,12,92.943948
3.21,12,92.953029
3.21,12,92.962082
3.21,12,92.97111
3.21,12,92.980258
3.21,12,92.993251
3.21,12,93.002465
3.21,12,93.011775
3.21,12,93.021147
3.21,12,93.030303
3.21,12,93.039422
3.21,12,93.048563
3.21,12,93.05771
3.21,12,93.067912
3.21,12,93.077573
3.21,12,93.088513
3.21,12,93.097701
3.21,12,93.109344
3.21,12,93.118353
3.21,12,93.127432
3.21,12,93.136449
3.21,14,93.147234
3.21,12,93.156236
3.21,12,93.165781
3.16,12,93.177323
3.21,12,93.18635
3.21,12,93.204994
3.21,12,93.214938
3.21,12,93.224357
3.21,12,93.233558
3.21,12,93.242855
3.21,12,93.252162
3.21,14,93.262698
3.21,12,93.272331
3.21,12,93.281463
3.21,12,93.290835
3.21,12,93.300116
3.21,12,93.309384
3.21,12,93.3185
3.21,12,93.327795
3.21,12,93.337131
3.21,12,93.346238
3.21,12,93.355412
3.21,12,93.364906
3.21,12,93.374009
3.21,12,93.383332
3.21,12,93.392401
3.21,12,93.406336
3.21,12,93.415534
3.21,12,93.424604
3.21,12,93.433821
3.21,12,93.44363
3.21,12,93.453093
3.21,12,93.462164
3.21,12,93.471597
3.21,12,93.480851
3.21,12,93.49008
3.21,12,93.499814
3.21,12,94.801353
3.21,12,94.81077
3.21,12,94.819794
3.21,12,94.828726
3.21,12,94.83858
3.21,12,94.851905
3.21,12,94.863516
3.21,12,94.873342
3.21,12,94.885982
3.21,12,94.895185
3.21,12,94.90428
3.21,12,94.913361
3.21,12,94.92243
3.21,12,94.934529
3.21,12,94.944882
3.21,12,94.954903
3.21,12,94.964292
3.21,12,94.974176
3.16,12,94.983347
3.21,12,94.992846
3.21,12,95.002006
3.21,12,95.011207
3.21,12,95.020725
3.21,12,95.029965
3.21,12,95.039318
3.21,12,95.048909
3.21,12,95.058673
3.21,12,95.068512
3.21,12,95.077626
3.21,12,95.08754
3.21,12,95.096601
3.21,12,95.108184
3.21,12,95.117228
3.21,12,95.126377
3.21,12,95.135979
3.21,12,95.145271
3.21,12,95.154377
3.21,12,95.163459
3.21,12,95.172681
3.21,12,95.181894
3.21,12,95.191221
3.21,12,95.20032
3.21,12,95.212452
3.21,12,95.221677
3.21,12,95.231086
3.21,12,95.240642
3.21,12,95.249852
3.21,12,95.25901
3.21,12,95.268343
3.21,12,95.277467
3.21,12,95.286497
3.21,12,95.304685
3.21,12,95.313792
3.21,12,95.322834
3.21,12,95.331926
3.21,12,95.340983
3.21,12,95.350031
3.21,12,95.359257
3.21,12,95.368375
3.21,12,95.377488
3.21,12,95.386589
3.21,12,95.395702
3.21,12,95.404822
3.21,12,95.413943
3.21,12,95.423223
3.21,12,95.432275
3.21,12,95.44129
3.21,12,95.450705
3.21,12,95.459768
3.21,12,95.469008
3.21,12,95.478186
3.21,12,95.488013
3.21,12,95.497119
3.21,12,95.513617
3.21,12,95.523106
3.21,12,95.532731
3.21,12,95.542456
3.21,12,95.552484
3.21,12,95.562119
3.21,12,95.571507
3.21,12,95.58108
3.21,12,95.591477
3.21,12,95.601158
3.21,12,95.61059
3.21,12,95.619617
3.21,12,95.628805
3.21,12,95.63794
3.21,12,95.647161
3.21,12,95.656237
3.21,12,95.665394
3.21,12,95.674544
3.21,12,95.683601
3.21,12,95.693149
3.21,12,95.702294
3.21,12,95.711435
3.21,12,95.72062
3.21,12,95.730016
3.21,12,95.739271
3.21,12,95.748674
3.21,12,95.757879
3.21,12,95.766986
3.21,12,95.77605
3.21,12,95.787819
3.21,12,95.798075
3.21,12,95.809173
3.21,12,95.818865
0.56,32,95.84293
3.21,12,95.85211
3.21,12,95.862144
3.21,12,95.876109
3.21,12,95.887287
3.21,12,95.896688
3.21,12,95.905867
3.21,12,95.915057
3.21,12,95.924093
3.21,12,95.934721
3.21,12,95.94408
3.21,12,95.953226
3.21,12,95.962243
3.21,12,95.971382
3.16,12,95.980358
3.21,12,95.989889
3.21,12,95.999089
3.21,12,96.008123
3.21,12,96.017232
3.21,12,96.026261
3.21,12,96.035304
3.21,12,96.046449
3.21,12,96.05724
3.21,12,96.066173
3.21,12,96.075312
3.21,12,96.084448
3.21,12,96.094922
3.21,12,96.114841
3.21,12,96.123986
3.21,12,96.133139
3.21,14,96.146068
3.21,12,96.156303
3.21,12,96.16544
3.21,12,96.174562
3.21,12,96.183678
3.21,12,96.192804
3.21,12,96.202353
3.21,12,96.211761
3.21,12,96.221512
3.21,12,96.231164
3.21,12,96.240776
3.21,12,96.250049
3.21,12,96.259263
3.21,12,96.26868
3.21,12,96.277835
3.21,12,96.286965
3.21,12,96.296062
3.21,12,96.305267
3.21,12,96.318392
3.21,12,96.327538
3.21,12,96.336631
3.21,14,96.34736
3.21,12,96.362674
3.21,12,96.371832
3.21,12,96.380931
3.21,12,96.390526
3.21,12,96.399723
3.21,12,96.410043
3.21,12,96.419684
3.21,12,96.429086
3.21,12,96.43844
3.21,12,96.448443
3.21,12,96.459391
3.21,12,100.284624
3.21,12,100.298154
3.21,12,100.312982
3.21,12,100.327965
3.21,12,100.342572
0.44,14,100.357933
3.21,12,100.372116
3.21,12,100.386374
3.21,12,100.40149
3.21,12,100.415938
3.21,12,100.430155
3.21,12,100.443391
3.21,12,100.458469
3.21,12,100.472802
3.21,12,100.487893
3.21,12,100.503497
3.21,12,100.518517
3.21,12,100.540626
3.21,12,100.555917
3.21,12,100.570805
3.21,12,100.584396
3.21,12,100.602491
3.21,12,100.617708
3.21,12,100.638526
3.21,12,100.671402
3.21,12,100.684999
3.21,12,100.698518
3.21,12,100.71328
3.21,12,100.72798
3.21,12,100.742784
3.21,12,100.757832
0.81,16,100.784033
3.21,12,100.799066
3.21,12,100.813694
3.21,12,100.828434
3.21,12,100.843713
3.21,12,100.858956
3.21,12,100.874315
3.21,12,100.886999
3.21,12,100.90157
3.21,12,100.916345
3.21,12,100.932897
3.21,14,100.950321
3.21,12,100.965195
3.21,12,100.979797
3.21,12,100.993111
3.21,12,101.023402
3.21,12,101.068917
3.21,12,101.090285
3.21,12,101.115725
3.21,12,101.13002
3.21,12,101.143823
3.21,12,101.157413
3.21,12,101.171014
3.21,12,101.185661
3.21,12,101.200231
3.21,12,101.22106
3.21,12,101.23716
3.21,12,101.251858
0.68,14,101.26837
3.21,12,101.281863
0.81,14,101.297354
3.21,12,101.310837
3.21,12,101.324443
3.21,12,101.340037
3.21,12,101.355037
3.21,12,101.36964
3.21,12,101.38409
3.21,12,101.39783
3.21,12,101.411777
3.21,12,101.426135
3.21,12,101.440635
3.21,12,101.454852
3.21,12,101.470895
3.21,12,101.485685
3.21,12,101.500415
3.21,12,101.531644
3.21,12,101.546314
3.21,12,101.560894
3.21,12,101.578623
3.21,12,101.593375
3.21,12,101.608254
3.21,12,101.62297
3.21,12,101.637697
3.21,12,101.652268
3.21,12,101.681561
3.21,12,101.73165
3.21,12,101.758843
3.21,12,101.77603
3.21,12,101.806981
3.21,12,101.854705
3.21,12,101.89988
3.21,12,101.944483
3.21,12,101.988997
3.21,12,102.034167
3.21,12,102.091156
3.21,12,102.135579
3.21,12,102.190268
3.21,12,102.237182
3.21,14,102.257367
3.21,12,102.293828
3.21,12,102.324328
3.21,12,102.347082
3.21,12,102.375092
3.21,12,102.384204
3.21,12,102.393404
3.21,12,102.402814
3.21,12,102.41195
3.21,12,102.421373
3.21,12,102.430532
3.21,12,102.43983
3.21,12,102.449049
3.21,12,102.458122
3.21,12,102.467161
3.21,12,102.476722
3.21,12,102.48577
3.21,12,102.495061
3.21,12,102.504164
0.59,32,102.528526
3.21,12,102.53777
3.21,12,102.54695
3.21,12,102.556
3.21,12,102.573843
3.21,12,102.586711
3.21,12,102.600411
3.21,12,102.609877
3.21,12,102.619515
3.21,12,102.637427
3.21,12,102.64683
3.21,12,102.655962
0.66,14,102.666431
3.21,12,102.675782
3.21,12,102.684868
3.21,12,102.694001
3.21,12,102.703104
3.21,12,102.712212
3.21,12,102.721551
3.21,12,102.736935
3.21,12,102.747107
3.21,12,102.756161
3.21,12,102.765408
3.21,12,102.77641
3.21,12,102.786931
3.21,12,102.796391
3.21,12,102.805411
3.21,12,102.814438
3.21,12,102.82341
3.21,12,102.832411
3.21,12,102.841679
3.21,12,102.850719
3.21,12,102.859725
3.21,12,102.868703
3.21,12,102.87797
3.21,12,102.887139
3.21,12,102.896162
3.21,12,102.905306
3.21,12,102.914365
3.21,14,102.925022
3.21,12,102.935412
3.21,12,102.94487
3.21,12,102.954084
3.21,12,102.963318
3.21,12,102.972552
3.21,12,102.981812
3.21,12,102.991081
3.21,12,103.00059
3.21,12,103.012914
3.21,12,103.022978
3.21,12,104.212641
3.21,12,104.222887
3.21,12,104.231993
3.21,14,104.242624
3.21,12,104.251605
3.21,12,104.260602
3.21,12,104.26953
3.21,12,104.278917
3.21,12,104.287899
3.21,12,104.297023
3.21,12,104.30613
3.21,12,104.315173
3.21,12,104.324145
3.21,12,104.333123
3.21,12,104.342051
3.21,12,104.351084
3.21,12,104.360129
3.21,12,104.36912
3.21,12,104.378173
3.21,12,104.387177
3.21,12,104.396249
3.21,12,104.405368
3.21,12,104.414366
3.21,12,104.42344
3.21,12,104.432527
3.21,12,104.441499
3.21,12,104.454563
3.21,12,104.465991
3.21,12,104.475127
3.21,12,104.484347
3.21,12,104.493565
3.21,12,104.50261
3.21,12,104.511875
3.21,12,104.521064
3.21,12,104.530318
3.21,12,104.539592
3.21,12,104.548646
3.21,12,104.557862
3.21,12,104.566905
3.21,12,104.576013
3.21,12,104.585348
3.21,12,104.594457
3.21,12,104.613198
3.21,12,104.622309
3.21,12,104.635259
3.21,12,104.648524
3.21,12,104.661793
3.21,12,104.67462
3.21,12,104.683868
3.21,12,104.692946
3.21,12,104.70436
3.21,12,104.718417
3.21,12,104.7438
3.21,12,104.757679
3.21,12,104.795972
3.21,12,104.829189
3.21,12,104.867274
3.21,12,104.903709
3.21,12,104.946172
3.21,12,104.978347
3.21,12,104.998288
3.21,12,105.011192
3.21,12,105.024054
3.21,12,105.036773
3.21,12,105.046159
3.21,12,105.055565
3.21,12,105.064697
3.21,12,105.074136
3.21,12,105.083284
3.21,12,105.092363
3.21,12,105.105817
3.21,12,105.118063
3.21,12,105.131414
3.21,12,105.142719
3.21,12,105.151865
3.21,12,105.160984
3.21,12,105.170165
3.21,12,105.179357
3.21,14,105.190453
3.21,12,105.199707
3.21,12,105.209062
3.21,12,105.218294
3.21,12,105.227474
3.21,12,105.236521
3.21,12,105.249173
3.21,12,105.26314
3.21,12,105.28777
3.21,12,105.300474
3.21,12,105.315175
3.21,12,105.327928
3.21,12,105.342519
3.21,12,105.357001
3.21,12,105.375877
3.21,12,105.385112
3.21,12,105.394276
3.21,12,105.403626
3.21,12,105.412888
3.21,12,105.422326
3.21,12,105.431512
3.21,12,105.440832
3.21,12,105.450063
3.21,12,105.459251
3.21,12,105.468451
3.21,12,105.480076
3.21,12,105.489686
3.21,12,105.498815
3.21,12,105.507985
3.21,12,105.5172
3.21,12,105.52628
3.21,12,105.535335
3.21,12,105.544396
3.21,12,105.553397
3.21,12,105.562593
3.21,12,105.571796
3.21,12,105.580829
3.21,12,105.595855
3.21,12,105.610032
3.16,12,105.624094
3.21,12,105.637471
3.21,12,105.651899
3.21,12,105.665253
3.21,12,105.678164
3.21,12,105.691013
3.21,12,105.703516
3.21,12,105.71957
3.21,12,105.806941
3.21,12,105.842631
3.21,14,105.896025
3.21,12,105.911516
3.16,12,105.927382
3.21,12,105.942546
3.21,12,105.963724
3.21,12,105.979625
3.21,12,105.994048
3.21,12,106.006917
3.21,12,106.020185
3.21,12,106.047501
3.21,12,106.065357
3.21,12,106.07995
3.21,12,106.093352
3.21,12,106.11274
3.21,12,106.126399
3.21,12,106.142697
3.21,12,106.157128
3.21,12,106.185707
3.21,12,106.200027
3.21,12,106.281171
3.21,12,106.314298
3.21,12,106.350662
3.21,12,106.364376
3.21,12,106.377867
3.21,12,106.391206
3.21,12,106.404773
3.21,12,106.419217
3.21,12,106.434223
3.21,12,106.449249
3.21,12,106.483938
3.21,12,106.535976
3.21,12,106.571786
3.16,12,106.600335
3.21,12,106.640666
3.21,12,106.677216
3.21,12,106.694257
3.21,12,106.707246
3.21,12,106.720318
3.21,12,106.734465
3.21,12,106.747561
3.21,12,106.769464
3.21,12,106.797649
3.21,12,106.833102
3.21,12,108.961155
3.21,12,108.970275
3.21,12,108.979309
3.21,12,108.98831
3.21,12,108.997501
3.21,12,109.006469
3.21,12,109.015588
3.21,12,109.024719
3.21,12,109.034299
3.21,12,109.046196
3.21,12,109.056847
3.21,14,109.067337
3.21,12,109.076369
3.21,12,109.085514
3.21,12,109.094851
3.21,12,109.107363
3.21,12,109.120457
3.21,12,109.131943
3.21,12,109.143455
3.21,12,109.152838
3.21,12,109.162104
3.21,12,109.171272
3.21,12,109.180455
3.21,12,109.189545
3.21,12,109.199123
3.21,14,109.20992
3.21,12,109.219203
3.21,12,109.229318
3.21,12,109.238466
3.21,12,109.249516
3.21,12,109.26303
0.66,14,109.274944
3.21,12,109.284388
3.21,12,109.293602
3.21,12,109.302693
3.21,12,109.311922
3.21,12,109.322644
3.21,12,109.331795
3.21,12,109.353271
3.21,12,109.362968
3.21,12,109.372156
3.21,12,109.382927
3.21,12,109.39244
3.21,12,109.402081
3.21,12,109.41153
3.21,12,109.420634
3.21,12,109.429788
3.21,12,109.439118
3.21,12,109.448286
3.21,12,109.457533
3.21,12,109.466846
3.21,12,109.476053
3.21,12,109.486366
3.21,12,109.495858
3.21,12,109.505145
3.21,12,109.514275
3.21,12,109.523385
3.21,12,109.532698
3.21,12,109.541882
3.21,12,109.555218
3.21,12,109.564517
3.21,12,109.573609
3.21,12,109.582654
3.21,12,109.597121
3.21,12,109.60757
3.21,12,109.616701
3.21,12,109.625864
3.21,12,109.635205
3.21,12,109.644341
3.21,12,109.655464
3.21,12,109.665394
3.21,12,109.674367
3.21,12,109.683353
3.21,12,109.692688
3.21,12,109.701831
3.21,12,109.710794
3.21,12,109.720192
3.21,12,109.729308
3.21,12,109.738486
3.21,12,109.747607
3.21,12,109.756824
3.21,12,109.766262
3.21,12,109.77546
3.21,12,109.78513
3.21,12,109.794868
3.21,12,109.804569
3.21,12,109.815153
3.21,12,109.824499
3.21,12,109.833855
3.21,12,109.850563
3.21,12,109.865146
3.21,12,109.878122
3.21,12,109.918473
3.21,12,109.950944
3.21,12,109.965828
3.21,12,109.981613
3.21,12,109.995355
3.21,12,110.010798
3.21,12,110.024547
3.21,12,110.054147
3.21,12,110.072706
3.21,12,110.087561
3.21,12,110.125699
0.64,14,110.150992
3.21,12,110.202822
3.21,12,110.240125
3.21,12,110.253535
3.21,12,110.338822
3.21,12,110.355098
3.21,12,110.369922
3.21,12,110.3849
3.21,12,110.398909
3.21,12,110.42412
3.21,12,110.452626
3.21,12,110.489184
3.21,12,110.511219
3.21,12,110.524714
3.21,12,110.539229
3.21,14,110.556362
3.21,12,110.570626
3.21,12,110.585342
3.21,12,110.613334
3.21,12,110.627448
3.21,12,110.641509
3.21,12,110.660458
3.21,12,110.674401
3.21,12,110.688692
3.21,12,110.703019
3.21,12,110.717616
3.21,12,110.732319
3.21,12,110.746837
3.21,12,110.761783
3.21,12,110.779015
3.21,12,110.793869
3.21,12,110.81389
3.21,12,110.828607
3.21,12,110.843335
3.21,12,110.86744
3.21,12,110.886979
3.21,12,110.901705
3.21,12,110.916295
3.21,12,110.931226
3.21,12,110.94562
3.21,12,110.960118
3.21,12,110.974817
3.21,12,110.989346
3.21,12,111.002035
3.21,12,111.016389
3.21,12,111.030911
3.21,12,111.04546
3.21,12,111.059939
3.21,12,111.074545
3.21,12,111.090514
3.21,12,111.107671
3.21,12,111.122633
3.21,12,111.136672
3.21,12,111.149722
3.21,12,111.164313
3.21,12,111.178849
3.21,12,111.192254
3.21,12,111.211387
3.21,12,111.230175
3.21,12,111.24436
3.21,12,111.258783
3.21,12,111.273056
3.21,12,111.290552
3.21,12,111.326294
3.21,12,111.34079
3.21,12,111.354407
3.21,12,111.367866
3.21,12,112.635885
3.21,12,112.645106
3.21,12,112.654149
3.21,12,112.663067
3.21,12,112.678414
3.21,12,112.687395
3.21,12,112.696414
3.21,12,112.705442
3.21,12,112.714453
3.21,12,112.724081
3.21,12,112.7331
3.21,12,112.742208
3.21,12,112.751293
3.21,12,112.760241
3.21,12,112.769547
3.21,12,112.778544
3.21,12,112.787611
3.21,12,112.79671
3.21,12,112.806801
3.21,12,112.816608
3.21,12,112.826175
3.21,12,112.835481
3.21,12,112.844923
3.21,12,112.854231
3.21,12,112.864089
3.21,12,112.87357
3.21,12,112.882648
3.21,12,112.891674
3.21,12,112.900627
3.21,12,112.909533
3.21,12,112.918491
3.21,12,112.930918
3.21,12,112.940289
3.21,12,112.949666
3.21,12,112.981661
3.21,12,112.991201
3.21,12,113.000548
3.16,12,113.00975
3.21,12,113.018947
3.21,12,113.028691
3.21,12,113.037725
3.21,12,113.046824
3.21,12,113.055858
3.21,14,113.066165
3.21,12,113.075375
3.21,12,113.084425
3.21,12,113.09353
3.21,12,113.104215
3.21,12,113.114227
3.21,12,113.124607
3.21,12,113.1341
3.21,12,113.143323
3.21,12,113.15241
3.21,12,113.16158
3.21,12,113.175232
3.21,12,113.185114
3.21,12,113.19438
3.21,12,113.20376
3.21,12,113.213063
3.21,12,113.222725
3.21,12,113.231848
3.21,12,113.241379
3.21,12,113.250494
3.21,12,113.260455
3.21,12,113.269668
3.21,14,113.280997
3.21,12,113.290408
3.21,12,113.299723
3.21,12,113.309187
3.21,12,113.3183
3.21,12,113.327672
3.21,12,113.336817
3.21,12,113.345896
3.21,12,113.359663
3.21,12,113.372151
3.21,12,113.381387
3.21,12,113.390442
3.21,12,113.399561
3.21,12,113.408798
3.21,12,113.417882
3.21,12,113.426969
3.21,12,113.436088
3.21,12,113.449048
3.21,12,113.459078
3.21,12,113.468627
3.21,12,113.477841
3.21,12,113.487023
3.21,12,113.496315
3.21,12,113.505424
3.21,12,113.51444
3.21,12,113.523611
3.21,12,113.532781
3.21,12,113.541851
3.21,12,113.550866
3.21,12,113.560192
3.16,12,113.569412
3.21,12,113.578911
3.21,12,113.587977
3.21,12,113.597061
3.21,12,113.606216
3.21,12,113.615667
3.21,12,113.625129
3.21,12,113.634197
3.21,12,113.643312
3.21,12,113.652421
3.21,12,113.661397
3.21,12,113.670387
3.21,12,113.679377
3.21,12,113.688487
3.21,12,113.697834
3.21,12,113.706988
3.21,12,113.716046
3.21,12,113.72508
3.21,12,113.734128
3.21,12,113.743213
3.21,12,113.752476
3.21,12,113.76155
3.21,12,113.779244
3.21,12,113.78829
3.21,12,113.797441
3.21,12,113.80677
3.21,12,113.815937
3.21,12,113.824898
3.21,12,113.833953
3.21,12,113.843098
3.21,12,113.852201
3.21,12,113.861828
3.21,12,113.870932
3.21,12,113.886514
3.21,12,113.896154
3.21,12,113.905612
3.21,12,113.914832
3.21,12,113.924186
3.21,12,113.934779
3.21,12,113.944432
3.21,12,113.954025
3.21,12,113.963241
3.21,12,113.972465
3.21,12,113.985439
3.21,12,113.99509
3.21,12,114.004281
3.21,12,114.013435
3.21,12,114.02273
3.21,12,114.03196
3.21,12,114.041179
3.21,12,114.050268
3.21,12,114.059378
3.21,12,114.068604
3.21,12,114.078562
3.21,12,114.087913
3.21,12,114.097432
3.21,12,114.10904
3.21,12,114.118464
3.21,12,114.129002
3.21,12,114.139076
3.21,12,114.148762
3.21,12,114.158209
3.21,12,114.169793
3.21,12,114.17971
3.21,12,114.189411
3.21,12,114.198842
3.21,12,114.208255
3.21,12,114.217412
3.21,12,114.226776
3.21,12,114.236663
3.21,12,114.245904
3.21,12,114.25509
3.21,12,114.26413
3.21,12,114.27366
3.21,12,114.282662
3.21,12,115.564671
3.21,12,115.573982
3.21,12,115.583153
3.21,12,115.592448
3.21,12,115.60167
3.21,12,115.611184
3.21,12,115.620426
3.21,12,115.629721
3.21,12,115.638912
3.21,12,115.64817
3.21,12,115.657396
3.21,12,115.666562
3.21,12,115.675872
3.21,12,115.688276
3.21,12,115.697594
3.21,12,115.706738
3.21,12,115.716005
3.21,12,115.725531
3.21,12,115.7351
3.21,12,115.744253
3.21,12,115.753588
3.21,12,115.762747
3.21,12,115.772002
3.21,12,115.781202
3.21,12,115.790525
3.21,12,115.799783
3.21,12,115.809057
3.21,12,115.818309
3.21,12,115.827468
3.21,12,115.83666
3.21,12,115.845881
3.21,12,115.864007
3.21,12,115.873394
3.21,12,115.882695
3.21,12,115.894127
3.21,12,115.904032
3.21,12,115.913152
3.21,12,115.922309
3.21,12,115.933106
3.21,12,115.942511
3.21,12,115.951681
3.21,12,115.960795
3.21,12,115.969929
3.21,12,115.979136
3.21,12,115.988634
3.21,12,115.998202
3.21,12,116.007236
3.21,12,116.016372
3.21,12,116.025859
3.21,12,116.034936
3.21,12,116.044142
3.21,12,116.053269
3.21,12,116.067211
3.21,14,116.077722
3.16,12,116.086982
3.21,12,116.096501
3.21,12,116.108454
3.21,12,116.117568
3.21,12,116.128464
3.21,12,116.138196
3.21,12,116.147474
3.21,12,116.156778
0.62,32,116.181475
3.21,12,116.191226
3.21,12,116.20056
3.21,12,116.210024
3.21,12,116.219287
3.21,12,116.228506
3.21,12,116.237578
3.21,12,116.246995
3.21,12,116.256231
3.21,12,116.265415
3.21,12,116.274556
3.21,14,116.28546
3.21,12,116.294908
3.21,12,116.304803
3.21,12,116.314849
3.21,12,116.326878
3.21,12,116.336298
3.21,12,116.345471
3.21,12,116.354805
3.21,12,116.36416
3.21,12,116.373684
3.21,12,116.386025
3.21,12,116.396689
3.21,12,116.405981
3.21,12,116.416019
3.21,12,116.429729
3.21,12,116.442098
3.21,12,116.451634
3.21,12,116.46091
3.21,12,116.470091
3.21,12,116.479266
3.21,12,116.488423
3.21,12,116.497762
3.21,12,116.507107
3.21,12,116.516296
3.21,12,116.525695
3.21,12,116.534837
3.21,12,116.544131
3.21,12,116.553274
3.21,12,116.562317
3.21,12,116.571471
3.21,12,116.580609
3.21,12,116.590064
3.21,12,116.599015
3.21,12,116.608268
3.21,12,116.617351
3.21,12,116.630517
3.21,12,116.640262
3.21,12,116.649907
3.21,12,116.659119
3.21,12,116.678157
3.21,12,116.687295
3.21,12,116.696821
3.21,12,116.706092
3.21,12,116.715225
3.21,12,116.724373
3.21,12,116.733542
3.21,12,116.742825
3.21,12,116.752099
3.21,12,116.761144
3.21,12,116.770249
3.21,12,116.779418
3.21,12,116.788579
3.21,12,116.797774
3.21,12,116.807208
3.21,12,116.816408
3.21,12,116.825622
3.21,12,116.834767
3.21,12,116.844043
3.21,12,116.853194
3.21,12,116.862295
3.21,12,116.873756
3.21,12,116.888283
3.21,12,116.897669
3.21,12,116.906898
3.21,12,116.916133
3.21,12,116.92811
3.21,12,116.938922
3.21,12,116.948323
3.21,12,116.958334
3.21,12,116.967932
3.21,12,116.977211
3.21,12,116.986552
3.21,12,116.995952
3.21,12,117.005271
3.21,12,117.014433
3.21,12,117.023729
3.21,12,117.032922
3.21,12,117.042032
3.21,12,117.051285
3.21,12,117.060462
3.21,12,117.069554
3.21,12,117.078825
3.21,12,117.087968
3.21,12,117.097178
3.21,12,117.108741
3.21,12,117.118082
3.21,12,117.127276
3.21,12,117.140903
3.21,12,117.150414
3.21,12,117.159682
3.21,12,117.169143
3.21,12,117.178546
3.21,12,117.188296
3.21,12,117.198077
3.21,12,117.207645
3.21,12,117.216939
3.21,12,118.434796
3.21,12,118.443834
3.21,12,118.453875
3.21,12,118.463316
3.21,12,118.476159
3.21,12,118.489252
3.21,12,118.498675
3.21,12,118.50803
3.21,12,118.517485
3.21,12,118.526634
3.21,12,118.535917
3.21,12,118.545185
3.21,12,118.554417
3.21,12,118.563576
3.21,12,118.572954
3.21,12,118.582226
3.21,12,118.591397
3.21,12,118.600515
3.21,12,118.610366
3.21,12,118.61995
3.21,12,118.62908
3.21,12,118.638319
3.21,12,118.648088
3.21,12,118.657448
3.21,12,118.667077
3.21,12,118.676329
3.21,12,118.70005
3.21,12,118.710553
3.21,12,118.719829
3.21,12,118.729487
3.21,12,118.738914
3.21,12,118.749317
3.21,12,118.758693
3.21,12,118.767854
3.21,14,118.778439
3.21,12,118.787855
3.21,12,118.797177
3.21,12,118.806342
3.21,12,118.815509
3.21,12,118.824647
3.21,12,118.833843
3.21,12,118.842934
3.21,12,118.852332
3.21,12,118.862258
3.21,12,118.872555
3.21,12,118.882344
3.21,12,118.897107
3.21,12,118.907145
3.21,12,118.917075
3.21,12,118.926667
3.21,12,118.937169
3.21,12,118.946659
3.21,12,118.95612
3.21,12,118.96561
3.21,12,118.976458
3.21,12,118.986953
3.21,12,118.996625
3.21,12,119.005827
3.21,12,119.015014
3.21,12,119.024393
3.21,12,119.033843
3.21,12,119.043088
3.21,12,119.052645
3.21,12,119.061977
3.21,12,119.071837
3.21,12,119.081007
3.21,12,119.090566
3.21,12,119.10025
3.21,12,119.112252
3.21,12,119.121368
3.21,12,119.130409
3.21,12,119.140311
3.21,12,119.149253
3.21,12,119.158314
3.16,12,119.167377
3.21,12,119.176429
3.21,12,119.185385
3.21,12,119.194997
3.21,12,119.204212
3.21,12,119.213572
3.21,12,119.222574
3.21,12,119.231776
3.21,12,119.241571
3.21,12,119.250859
3.21,12,119.2599
3.21,12,119.268944
3.21,12,119.278337
3.21,12,119.289699
3.21,12,119.299241
3.21,12,119.308403
3.21,12,119.317419
3.21,12,119.326666
3.21,12,119.335698
3.21,12,119.344849
3.21,12,119.353913
3.21,12,119.36286
3.21,12,119.372326
3.21,12,119.381269
3.21,12,119.390305
3.21,12,119.39931
3.21,12,119.408576
3.21,12,119.41767
3.21,12,119.426718
3.21,12,119.436035
3.21,12,119.445034
3.21,12,119.454257
3.21,12,119.463179
3.21,12,119.472194
3.21,12,119.481286
3.21,12,119.505603
3.21,12,119.520218
3.21,12,119.531288
3.21,12,119.540626
3.21,12,119.549948
3.21,12,119.559561
3.21,12,119.5693
3.21,12,119.578583
0.81,14,119.589709
3.21,12,119.599832
3.21,12,119.609477
3.21,12,119.618909
3.21,12,119.628491
3.21,12,119.637985
3.21,12,119.647308
3.21,12,119.656914
3.21,12,119.665922
3.21,12,119.67483
3.21,12,119.683728
3.21,12,119.692577
3.21,12,119.702936
3.21,12,119.714533
3.21,12,119.723718
3.21,12,119.732713
3.21,12,119.741779
3.21,12,119.75092
3.21,12,119.759974
3.21,12,119.769238
3.21,12,119.778299
3.21,12,119.78731
3.21,12,119.79764
3.21,12,119.806785
3.21,12,119.815984
3.21,12,119.824941
3.21,12,119.833964
3.21,12,119.843229
3.21,12,119.852373
3.21,12,119.861395
3.21,12,119.870788
3.21,12,119.879629
3.21,12,119.888567
3.21,12,119.902071
3.21,12,119.911237
3.21,12,119.92032
3.21,12,119.930361
3.21,12,119.940191
3.21,12,119.950615
3.21,12,119.960765
3.21,12,119.969913
3.21,12,119.979215
3.21,12,119.988897
3.21,12,119.998993
3.21,12,120.008406
3.21,12,120.017849
3.21,12,120.027406
3.21,12,120.03679
3.21,12,120.046068
3.21,12,120.055898
3.21,12,120.065261
3.21,12,120.074535
3.21,12,120.083681
3.21,12,121.783486
3.21,12,121.798295
3.21,12,121.810168
3.21,12,121.819324
3.21,12,121.828442
3.21,12,121.837538
3.21,12,121.846537
3.21,12,121.855656
3.21,12,121.864765
3.21,12,121.873842
3.21,12,121.882886
3.21,12,121.892036
3.21,12,121.90136
3.21,14,121.911939
3.21,12,121.920969
3.21,12,121.932207
3.21,12,121.944401
3.21,12,121.956225
3.21,12,121.965458
3.21,12,121.974711
3.21,12,121.984286
3.21,12,121.99414
3.21,12,122.012716
3.21,12,122.021987
3.21,12,122.031189
3.21,12,122.040373
3.21,12,122.04948
3.21,12,122.058822
3.21,12,122.067936
3.21,12,122.077047
3.21,12,122.086093
3.21,12,122.095059
3.21,12,122.106056
3.21,12,122.115254
3.21,12,122.124702
3.21,12,122.133902
3.21,12,122.144015
3.21,12,122.153343
3.21,12,122.162419
3.21,12,122.171424
3.21,12,122.180426
3.21,12,122.189348
3.21,12,122.198433
3.21,12,122.207565
3.21,12,122.219794
3.21,12,122.228857
0.66,24,122.246377
3.21,12,122.257929
3.21,12,122.267093
3.21,12,122.276101
3.21,12,122.285079
3.21,12,122.294133
3.21,12,122.303568
3.21,12,122.312845
3.21,12,122.321791
3.21,12,122.330706
3.21,12,122.340207
3.21,12,122.349216
3.21,12,122.358166
3.21,12,122.367118
3.21,12,122.37611
3.21,12,122.385136
3.21,12,122.394112
3.21,12,122.403022
3.21,12,122.412156
3.21,12,122.421154
3.21,12,122.430122
3.21,12,122.439117
3.21,12,122.448169
3.21,12,122.457421
3.21,12,122.466394
3.21,12,122.475379
3.21,12,122.484303
3.21,12,122.493388
3.21,12,122.502505
3.21,12,122.511874
3.21,12,122.521352
3.21,12,122.530634
3.21,12,122.53988
3.21,12,122.548965
3.21,12,122.561195
3.21,12,122.570473
3.21,12,122.583837
3.21,12,122.595611
3.21,12,122.605169
3.21,12,122.614371
3.21,12,122.623414
3.21,12,122.632514
3.21,12,122.64246
3.21,12,122.651925
3.21,12,122.661219
3.21,12,122.67072
3.21,12,122.680213
3.21,12,122.691201
3.21,12,122.700312
3.21,12,122.709467
3.21,12,122.718473
3.21,12,122.727359
3.21,12,122.736338
3.21,12,122.745306
3.21,12,122.7549
3.21,12,122.763984
3.21,12,122.77305
3.21,12,122.782027
3.21,12,122.791184
3.21,12,122.811056
3.21,14,122.821362
3.21,12,122.830412
3.21,12,122.839326
3.21,12,122.848259
3.21,12,122.857595
3.21,12,122.866589
3.21,12,122.875622
3.21,12,122.884523
3.21,12,122.893502
3.21,12,122.902558
3.21,12,122.917849
3.21,12,122.927931
3.21,12,122.9391
3.21,12,122.948357
3.21,12,122.958166
3.21,12,122.968193
3.21,12,122.980086
3.21,12,122.98947
3.21,12,122.998895
3.21,12,123.012836
3.21,12,123.022542
3.21,12,123.031876
3.21,12,123.041132
3.21,12,123.050552
3.21,12,123.059679
3.21,12,123.068771
3.21,12,123.078101
3.21,12,123.087128
3.21,12,123.096283
3.21,12,123.109684
3.21,12,123.121274
3.21,12,123.132679
3.21,12,123.144922
3.21,12,123.156397
3.21,12,123.167859
3.21,12,123.181572
3.21,12,123.191572
3.21,12,123.200704
3.21,12,123.210258
3.21,12,123.219262
3.21,12,123.229066
3.21,12,123.239041
3.21,12,123.248618
3.21,12,123.258521
3.21,12,123.267834
3.21,12,123.277148
3.21,12,123.286459
3.21,12,123.295841
3.21,12,123.305399
3.21,12,123.314648
3.21,12,123.323984
3.21,12,123.333266
0.74,14,123.343913
3.21,12,123.353214
3.21,12,123.362586
3.21,12,123.37227
3.21,12,123.381643
3.21,12,123.39117
3.21,12,123.400639
3.21,12,123.410189
3.21,12,123.419544
3.21,12,123.428802
3.21,12,123.438114
