#{"t_start": 1663527572.770394, "env_id": "SizeThreeSimpleGridRoadEnv-v0"}
r,l,t
0.07,16,0.027765
0.13,18,0.044404
-0.05,32,0.075133
0.08,32,0.105542
0.02,20,0.12399
0.16,24,0.145929
0.0,24,0.167878
-0.06,18,0.184768
0.07,16,0.199515
-0.04,16,0.21526
0.23,16,0.227324
0.15,14,0.237961
0.05,16,0.250241
-0.02,30,0.272251
0.04,32,0.302479
0.16,14,0.312929
0.01,22,0.328751
0.06,22,0.345279
-0.06,20,0.359994
0.01,24,0.37737
0.1,18,0.390615
0.23,22,0.406751
0.07,18,0.420029
-0.04,20,0.43489
0.11,20,0.455983
-0.02,16,0.468891
0.13,14,0.479464
0.04,22,0.49722
2.71,12,0.509726
0.07,28,0.530048
0.11,16,0.5419
0.12,14,0.55255
0.04,20,0.566997
0.06,16,0.579013
0.04,24,0.59959
0.03,30,0.626832
-0.02,16,0.641806
0.05,18,0.659223
0.14,14,0.673342
0.03,32,0.698797
0.03,16,0.711371
0.05,14,0.725064
-0.07,22,0.741478
0.03,14,0.752697
0.01,16,0.764837
0.07,20,0.780203
0.08,22,0.796621
0.18,16,0.808515
0.04,24,0.826319
0.05,18,0.841717
0.16,14,0.875257
0.07,22,0.891941
0.06,18,0.909331
0.1,18,0.922712
0.03,26,0.942272
0.04,18,0.955984
0.0,16,0.967867
0.0,30,0.993052
0.01,26,1.011891
0.13,22,1.027905
0.09,22,1.045069
-0.07,18,1.058576
0.07,16,1.070366
0.03,32,1.098578
-0.05,20,1.113329
0.06,14,1.12381
0.01,20,1.139014
0.13,20,1.154196
-0.02,16,1.166544
0.11,14,1.177147
0.11,20,1.191749
0.02,26,1.212486
0.13,18,1.230564
0.07,22,1.251522
0.13,14,1.264721
0.04,16,1.279867
0.06,28,1.310906
0.05,16,1.32577
-0.04,22,1.346244
0.14,18,1.36347
0.0,28,1.38733
0.05,32,1.411832
0.04,18,1.425339
0.13,24,1.44273
-0.06,24,1.460893
0.08,16,1.473258
0.07,14,1.484797
-0.05,14,1.495584
0.06,24,1.512773
0.02,32,1.536668
-0.01,18,1.550278
0.13,14,1.560676
0.1,14,1.57105
0.13,16,1.582974
0.15,16,1.594959
0.14,32,1.625869
0.03,18,1.639125
-0.02,18,1.658295
0.1,18,1.672122
0.09,14,1.689453
0.12,20,1.704767
0.03,14,1.715388
0.07,18,2.974795
0.15,22,2.990734
-0.07,16,3.002292
0.23,20,3.01676
0.01,16,3.028432
0.05,14,3.038833
0.18,18,3.05323
0.0,18,3.066853
-0.02,24,3.08476
0.07,14,3.095537
0.1,22,3.111544
-0.04,20,3.126124
0.1,18,3.139483
0.07,18,3.157728
0.0,24,3.177369
0.14,32,3.202347
0.07,20,3.219935
0.23,14,3.233181
0.09,14,3.24625
-0.07,24,3.26846
0.1,22,3.288588
0.15,14,3.301517
0.05,14,3.314466
0.1,16,3.328979
0.03,16,3.343712
0.07,30,3.369627
0.14,16,3.381862
0.04,26,3.401267
0.04,28,3.42539
0.1,14,3.43596
0.18,16,3.448043
0.05,16,3.460537
0.16,16,3.475275
0.05,18,3.488683
0.12,20,3.503778
0.14,16,3.516402
0.05,18,3.530096
0.03,24,3.547711
-0.06,30,3.569457
0.12,26,3.588469
0.08,16,3.600356
0.14,18,3.613637
-0.03,16,3.625388
0.07,14,3.635933
0.07,20,3.650756
0.11,22,3.666963
0.08,24,3.68567
0.07,20,3.700414
0.1,18,3.714666
0.08,28,3.741803
0.07,14,3.752318
0.1,16,3.771353
0.12,22,3.790156
0.03,24,3.808029
2.71,14,3.818485
0.1,18,3.832298
0.1,16,3.84472
0.04,16,3.859759
0.13,14,3.870454
0.1,20,3.88528
-0.02,22,3.901145
0.15,14,3.915507
0.07,18,3.93541
0.03,28,3.955823
0.14,24,3.973083
0.1,32,3.99736
0.1,18,4.010583
0.04,18,4.023736
0.05,14,4.034065
0.14,18,4.047139
0.1,20,4.062352
0.01,16,4.076245
0.15,24,4.094499
0.15,14,4.104956
0.0,20,4.119581
0.04,18,4.132743
0.06,30,4.154771
0.12,20,4.169625
-0.02,22,4.185805
0.07,16,4.198982
0.11,14,4.212091
2.71,16,4.224699
0.12,22,4.240631
0.06,14,4.254962
0.1,16,4.26932
0.08,18,4.283396
0.05,16,4.295616
0.02,22,4.311732
0.1,14,4.322276
0.0,24,4.340392
0.1,18,4.353759
2.71,20,4.374382
0.07,16,4.386502
-0.02,18,4.400089
0.1,16,4.413367
0.03,18,4.426919
0.14,14,4.437604
0.08,14,4.448635
0.06,14,4.459467
0.11,20,4.474484
0.07,22,4.490623
0.12,18,4.504064
0.05,14,4.514598
0.14,14,4.544846
0.15,32,4.569618
0.07,14,4.584505
0.15,20,4.602316
0.1,20,4.617141
0.05,16,5.790816
0.03,16,5.803707
0.05,14,5.814099
0.0,32,5.84006
0.06,22,5.860615
0.14,14,5.871819
0.0,14,5.882352
0.02,18,5.895536
0.06,14,5.90597
-0.06,18,5.919118
0.02,18,5.932238
0.07,28,5.952974
0.03,26,5.978461
0.1,14,5.989711
0.1,16,6.001785
0.1,18,6.015176
0.08,16,6.026947
0.03,24,6.048187
0.12,32,6.07374
0.01,32,6.097402
0.15,16,6.110583
0.04,20,6.12563
0.16,22,6.142621
0.1,14,6.153068
0.03,20,6.167762
0.23,20,6.182332
0.09,26,6.200937
0.15,18,6.214037
-0.02,18,6.228757
0.07,28,6.251067
0.1,24,6.268275
0.13,26,6.290774
0.13,20,6.305475
0.05,20,6.324062
0.1,22,6.341459
0.1,14,6.351917
0.0,30,6.373733
0.05,26,6.392282
0.03,30,6.414252
0.03,20,6.428683
0.13,22,6.444577
0.13,28,6.468565
0.09,18,6.483278
-0.04,14,6.500576
0.14,24,6.518445
0.22,14,6.5292
0.11,14,6.540086
0.16,16,6.552337
0.07,16,6.566201
0.23,30,6.591376
0.09,22,6.607916
0.13,18,6.621091
0.1,16,6.632891
0.15,24,6.650985
0.1,16,6.663083
0.13,16,6.676747
0.09,14,6.687326
0.03,32,6.715327
0.05,18,6.73063
0.03,26,6.751122
-0.01,22,6.767106
0.18,26,6.786156
0.08,20,6.801311
-0.05,18,6.81502
0.14,18,6.828314
0.17,16,6.840289
0.1,18,6.856567
0.06,20,6.871605
0.04,20,6.887315
0.05,32,6.96587
0.16,20,7.00246
0.16,14,7.024147
0.1,20,7.045874
0.03,16,7.072591
2.71,16,7.091448
0.03,18,7.111442
-0.05,32,7.172938
0.1,26,7.238349
0.1,14,7.270781
0.07,22,7.296287
-0.01,16,7.335992
0.07,24,7.396181
0.09,16,7.413508
0.03,22,7.436722
-0.06,32,7.472606
0.14,18,7.510569
0.13,16,7.564197
0.16,22,7.609
0.09,20,7.630686
0.15,26,7.65984
0.13,30,7.730086
0.12,32,7.784506
0.04,24,7.835224
-0.02,18,7.878353
0.03,24,7.904732
-0.04,18,7.924786
0.16,18,7.977833
0.04,22,8.004012
0.1,32,9.799217
0.1,22,9.817212
0.22,20,9.832179
-0.01,32,9.865539
0.15,24,9.89013
0.04,22,9.907015
0.04,16,9.9195
0.13,14,9.930098
0.14,24,9.947913
0.18,32,9.971807
0.04,24,9.988902
0.15,20,10.007956
2.71,16,10.019801
-0.05,32,10.043891
0.07,22,10.060269
0.1,20,10.082135
0.04,18,10.095853
0.09,22,10.115902
0.13,20,10.130743
0.1,16,10.142503
2.71,14,10.153007
0.1,20,10.167861
0.01,26,10.187345
0.07,30,10.209032
0.13,20,10.229234
0.1,20,10.247283
0.07,22,10.265215
0.22,22,10.282399
0.17,24,10.299756
0.07,26,10.319523
0.13,16,10.331298
0.13,24,10.348836
0.07,30,10.370585
0.15,18,10.383523
0.05,18,10.396761
0.17,18,10.413927
0.08,24,10.431122
0.05,32,10.458535
0.09,18,10.490085
0.05,30,10.512183
0.01,18,10.52526
0.16,20,10.539933
0.13,16,10.551733
0.01,32,10.575342
0.18,24,10.592626
0.1,30,10.614398
-0.06,16,10.62616
0.1,16,10.637946
0.08,22,10.653755
0.08,28,10.679404
0.16,14,10.689806
0.1,16,10.701726
0.18,24,10.719312
0.1,22,10.738477
0.09,16,10.750294
0.08,16,10.762045
2.71,14,10.772356
0.06,16,10.784085
0.07,28,10.805016
0.1,22,10.821743
0.08,32,10.847125
2.71,16,10.864214
0.23,24,10.886149
2.71,20,10.904498
2.71,12,10.915935
0.23,24,10.938039
0.15,20,10.956756
0.1,16,10.971591
0.01,32,11.00151
-0.07,22,11.018056
2.71,14,11.028459
0.07,20,11.043015
0.08,16,11.061396
0.05,28,11.081675
0.04,24,11.106805
0.1,22,11.12351
0.04,24,11.140825
0.03,20,11.155602
0.06,24,11.172945
0.03,18,11.186231
-0.02,22,11.202362
0.12,32,11.226738
0.14,26,11.247126
-0.05,18,11.260635
0.03,28,11.281072
0.1,26,11.320063
0.06,14,11.332116
0.07,24,11.349272
0.04,18,11.363103
0.04,20,11.377568
0.13,18,11.391775
0.13,14,11.402728
0.22,14,11.413216
-0.01,16,11.425163
0.23,16,11.441948
0.1,20,12.62107
0.22,14,12.631446
2.71,22,12.647248
0.03,22,12.663357
0.1,20,12.679374
0.03,16,12.691734
0.13,18,12.705589
0.07,28,12.726415
0.13,16,12.738605
0.1,20,12.754291
0.01,18,12.768034
0.05,20,12.783374
0.05,18,12.797186
0.07,20,12.812069
0.1,18,12.825984
0.07,16,12.838273
0.13,20,12.855137
0.16,14,12.865602
0.05,16,12.877878
2.71,22,12.893597
0.09,18,12.906736
0.13,24,12.923711
0.13,18,12.936754
0.1,26,12.955459
0.15,32,12.979153
0.16,18,12.992243
0.11,14,13.002861
0.1,16,13.014708
0.16,20,13.02892
0.1,18,13.044254
0.1,28,13.068698
0.15,14,13.079618
2.71,12,13.088842
2.71,22,13.105035
2.71,16,13.117484
0.04,28,13.142038
0.13,26,13.165065
0.07,16,13.177012
0.13,22,13.197592
0.1,22,13.213593
0.07,28,13.235348
0.08,16,13.26681
0.08,20,13.281688
2.71,16,13.293508
0.08,22,13.309865
0.07,24,13.327522
0.07,16,13.339598
0.1,14,13.350263
0.15,28,13.370626
0.13,16,13.38253
0.07,14,13.393233
0.13,32,13.421508
0.14,26,13.442605
0.12,24,13.464771
0.15,16,13.477541
0.15,20,13.492599
0.07,18,13.506131
0.11,32,13.53141
0.14,14,13.542406
0.12,30,13.564317
0.06,24,13.58307
0.08,20,13.597905
0.12,32,13.628298
-0.02,26,13.647806
0.22,26,13.668001
0.1,14,13.679924
0.15,30,13.70202
0.09,24,13.719987
0.22,18,13.737081
0.18,22,13.755206
0.14,18,13.768754
0.05,16,13.781341
0.1,30,13.804206
0.08,26,13.823908
0.11,18,13.837197
2.71,12,13.846575
0.08,32,13.872733
0.17,32,13.896631
0.1,16,13.908685
0.15,24,13.926035
0.1,16,13.937902
0.22,16,13.950662
0.23,28,13.971543
0.11,26,13.996531
-0.04,14,14.008136
0.1,25,14.026733
0.16,26,14.052462
0.1,14,14.06332
0.05,20,14.083086
0.07,16,14.098666
0.15,32,14.122927
0.16,20,14.137505
0.1,24,14.155755
0.09,20,14.177368
0.11,24,14.195037
0.04,26,14.214122
0.14,22,14.230133
0.1,18,14.244743
0.16,32,15.48051
0.13,26,15.499356
0.16,22,15.515229
2.71,20,15.534507
0.05,18,15.547897
0.13,26,15.566694
0.1,26,15.586292
0.15,32,15.610531
0.23,20,15.625258
0.15,30,15.648769
0.08,20,15.663556
0.15,26,15.68825
0.14,24,15.706001
0.08,16,15.718111
0.09,24,15.736692
2.71,14,15.747365
2.71,32,15.772292
0.23,16,15.784766
0.04,18,15.798642
0.15,16,15.811076
0.23,26,15.831603
0.17,14,15.844901
0.13,32,15.870861
0.01,32,15.894682
2.71,14,15.905077
0.01,32,15.929579
0.14,16,15.941551
0.13,32,15.965859
2.71,18,15.987067
2.71,20,16.004655
0.13,22,16.02167
2.71,16,16.033593
0.18,24,16.051306
0.18,16,16.08615
0.17,14,16.096699
0.16,20,16.111382
2.71,14,16.121889
0.07,32,16.146609
2.71,20,16.161414
0.07,32,16.185381
0.07,14,16.19596
0.1,16,16.211948
0.02,32,16.239584
0.16,18,16.253924
0.06,24,16.275817
0.13,24,16.293233
0.07,18,16.306733
0.07,22,16.323168
2.71,14,16.334213
2.71,16,16.346499
0.16,14,16.357354
0.02,18,16.376399
2.71,20,16.391295
0.07,24,16.40898
0.15,18,16.422248
0.07,20,16.441746
0.1,28,16.462817
0.09,32,16.487294
0.1,26,16.506463
2.71,12,16.515477
0.08,18,16.528789
0.08,18,16.542157
0.22,14,16.553136
2.71,12,16.562221
0.01,32,16.585747
2.71,14,16.596142
0.12,24,16.614028
0.13,32,16.637609
2.71,14,16.647844
0.07,18,16.660882
0.08,18,16.675469
0.13,22,16.696255
0.13,26,16.715586
0.08,18,16.730176
0.1,24,16.751884
0.01,28,16.772328
0.11,26,16.791532
0.13,24,16.809974
0.22,20,16.824905
0.11,32,16.851719
0.1,30,16.893552
0.23,24,16.911366
2.71,26,16.931732
0.07,30,16.959588
0.11,24,16.984767
0.15,16,16.999886
0.1,16,17.014846
0.06,18,17.031332
0.11,16,17.046453
0.13,22,17.069118
2.71,16,17.0809
0.13,16,17.092731
0.13,28,17.113246
0.14,32,18.337085
0.13,16,18.348845
0.11,32,18.372758
0.12,30,18.394
0.23,30,18.41548
0.13,18,18.42854
2.71,22,18.444306
0.1,14,18.454833
0.13,14,18.465134
2.71,14,18.475571
0.07,16,18.48718
2.71,20,18.501572
0.12,26,18.520438
2.71,26,18.541304
0.14,20,18.562526
0.13,20,18.577182
2.71,12,18.586051
2.71,16,18.598253
0.1,20,18.612737
0.14,26,18.631248
2.71,18,18.644206
0.14,14,18.654777
0.15,22,18.67077
0.15,30,18.692636
2.71,12,18.701538
2.71,16,18.713288
0.13,21,18.728402
2.71,14,18.738868
0.13,32,18.762989
2.71,12,18.771961
0.23,22,18.787756
2.71,12,18.796852
0.16,14,18.80732
2.71,16,18.821868
2.71,12,18.830857
0.13,18,18.843877
0.1,20,18.861143
2.71,14,18.889986
2.71,12,18.899292
0.13,30,18.920426
0.13,26,18.938859
2.71,14,18.949353
2.71,18,18.962348
2.71,24,18.98343
0.1,26,19.001898
0.07,26,19.02081
0.14,18,19.034012
0.22,18,19.047198
0.04,32,19.07458
0.16,18,19.087989
2.71,26,19.106788
2.71,14,19.117822
0.1,18,19.131756
2.71,12,19.140884
0.23,14,19.152208
0.23,30,19.173864
0.11,18,19.187042
2.71,12,19.196274
2.71,14,19.206736
2.71,24,19.223946
0.1,32,19.247872
0.23,16,19.260275
2.71,16,19.273045
0.23,20,19.297755
0.1,16,19.310318
0.13,28,19.330456
0.07,32,19.354508
0.03,26,19.373319
0.08,18,19.386316
0.07,16,19.398016
0.09,22,19.414
0.07,22,19.435437
0.15,16,19.451183
0.16,22,19.4694
0.1,18,19.482903
0.22,30,19.506074
2.71,14,19.516568
2.71,18,19.529823
0.1,18,19.543092
0.04,32,19.571417
0.09,24,19.588914
0.1,24,19.606358
0.03,32,19.630673
0.13,28,19.651212
0.13,16,19.684117
0.07,14,19.694969
0.14,32,19.718627
0.11,24,19.738257
0.12,14,19.749131
0.13,16,19.761336
2.71,20,19.779367
0.1,28,19.799817
0.13,28,19.819588
2.71,22,19.835225
0.1,22,19.852886
0.13,22,19.868764
0.23,30,19.889966
2.71,16,19.901488
2.71,24,19.918624
0.23,16,21.103459
2.71,12,21.113541
2.71,16,21.125319
0.14,18,21.138297
2.71,20,21.153166
0.11,30,21.174689
0.06,14,21.185042
2.71,18,21.19815
2.71,16,21.210019
2.71,32,21.234191
2.71,14,21.244616
0.03,18,21.259292
2.71,16,21.270896
2.71,16,21.282857
0.23,20,21.297267
2.71,18,21.310434
0.13,20,21.326365
0.13,14,21.341545
2.71,14,21.353559
0.18,20,21.368097
2.71,16,21.37974
2.71,12,21.388604
0.01,32,21.412207
2.71,18,21.425449
0.1,20,21.444465
0.23,24,21.46203
0.13,14,21.472387
2.71,18,21.486043
0.15,18,21.499145
0.15,32,21.522746
2.71,18,21.536802
2.71,14,21.547204
2.71,18,21.56612
0.12,30,21.58831
0.05,32,21.633482
0.1,26,21.652713
0.16,16,21.664695
2.71,14,21.678507
0.23,26,21.699465
0.13,32,21.723802
0.14,32,21.751121
0.18,20,21.766079
0.04,32,21.789676
0.1,16,21.801573
2.71,12,21.810614
0.13,20,21.825083
2.71,20,21.8395
2.71,14,21.852563
0.07,16,21.86514
2.71,16,21.876991
2.71,12,21.885878
2.71,16,21.897486
2.71,12,21.906338
0.12,18,21.919512
2.71,16,21.934438
2.71,16,21.947855
2.71,20,21.962431
2.71,16,21.974115
2.71,14,21.9849
2.71,16,21.998952
0.22,14,22.009956
2.71,18,22.023111
2.71,14,22.033332
0.14,18,22.046391
2.71,20,22.060686
0.16,14,22.070879
0.07,18,22.084462
2.71,12,22.093381
2.71,22,22.10917
0.1,16,22.120988
2.71,16,22.132587
0.15,32,22.156387
0.15,20,22.171089
0.23,30,22.192155
0.1,24,22.209264
2.71,12,22.218735
0.11,32,22.242618
2.71,14,22.253067
0.08,32,22.278177
0.13,14,22.28857
2.71,16,22.301675
2.71,12,22.311726
2.71,14,22.322179
2.71,20,22.336592
2.71,12,22.346247
0.16,16,22.368711
2.71,20,22.384892
2.71,16,22.397089
2.71,16,22.428196
0.15,32,22.451803
2.71,22,22.470981
0.23,16,22.483073
2.71,28,22.503142
0.1,16,22.515038
2.71,14,22.525276
2.71,12,22.534975
2.71,14,22.545385
0.23,18,22.558442
0.16,18,22.571557
0.07,24,22.58883
2.71,12,22.597854
2.71,24,22.617701
0.1,14,22.629737
0.23,26,22.648341
2.71,12,22.657258
2.71,12,22.666391
2.71,24,22.685323
2.71,16,22.696837
0.16,20,22.715236
0.13,22,23.891135
0.14,30,23.912635
0.15,24,23.929838
0.08,32,23.953732
0.13,14,23.9644
0.03,20,23.979318
2.71,16,23.991005
0.13,32,24.014524
2.71,18,24.027395
2.71,12,24.036277
2.71,16,24.047826
0.05,28,24.067617
2.71,12,24.076363
2.71,12,24.085265
2.71,12,24.094089
0.13,18,24.10684
2.71,18,24.120089
0.12,20,24.134368
0.23,20,24.148616
0.23,14,24.163965
2.71,16,24.17568
2.71,12,24.184486
2.71,22,24.200413
2.71,30,24.221614
2.71,24,24.238888
0.23,22,24.25475
0.13,18,24.269106
2.71,26,24.288008
0.1,20,24.302325
2.71,20,24.316747
2.71,14,24.326952
0.13,18,24.358551
2.71,14,24.36886
2.71,12,24.377742
2.71,14,24.390428
2.71,12,24.40163
2.71,12,24.414823
2.71,16,24.42781
0.07,32,24.451151
2.71,14,24.461441
0.13,22,24.477226
2.71,18,24.49016
2.71,18,24.503189
2.71,14,24.513394
2.71,14,24.523863
0.03,28,24.548301
0.07,24,24.569233
2.71,14,24.579808
0.13,32,24.604049
2.71,12,24.612955
0.07,26,24.631329
2.71,20,24.645624
2.71,16,24.657121
0.23,16,24.668864
2.71,12,24.679196
0.23,18,24.692244
0.1,26,24.710751
0.13,32,24.734741
2.71,18,24.747923
0.23,30,24.772241
0.23,16,24.783976
0.14,32,24.810603
0.13,16,24.823845
0.13,22,24.839568
0.13,22,24.858169
2.71,12,24.867928
0.13,18,24.881233
0.04,30,24.902364
0.15,30,24.923216
2.71,18,24.936235
0.13,22,24.952328
0.22,16,24.963862
0.09,30,24.985016
2.71,18,24.997916
2.71,20,25.012087
0.22,14,25.027002
2.71,12,25.035979
0.13,18,25.049263
2.71,14,25.0595
0.04,32,25.087121
0.13,14,25.097379
2.71,12,25.106194
2.71,22,25.129158
2.71,12,25.138093
2.71,12,25.147485
2.71,14,25.157824
2.71,18,25.1715
0.09,26,25.195309
2.71,14,25.205583
0.23,14,25.215865
0.13,14,25.226283
0.05,32,25.250607
2.71,12,25.259589
2.71,14,25.270993
0.13,16,25.283267
2.71,14,25.297383
0.07,14,25.308163
0.11,32,25.334318
2.71,12,25.343313
0.14,16,25.355165
2.71,12,25.364182
2.71,16,25.375847
0.05,22,25.391449
2.71,16,25.403243
2.71,12,25.41247
2.71,12,25.423278
2.71,16,25.441135
2.71,12,25.453049
2.71,12,25.46219
0.23,22,26.646057
0.13,16,26.658396
2.71,14,26.669189
0.07,22,26.688033
2.71,24,26.705187
0.13,14,26.715478
0.07,18,26.728394
2.71,14,26.73882
0.1,16,26.751229
2.71,14,26.761835
0.15,30,26.783559
0.13,20,26.798808
2.71,14,26.809406
0.13,18,26.823637
2.71,16,26.835377
2.71,12,26.844296
0.16,14,26.85721
0.13,26,26.875857
0.13,14,26.887005
2.71,20,26.901801
0.23,16,26.913879
2.71,12,26.92281
2.71,14,26.932986
2.71,12,26.942042
2.71,12,26.951198
2.71,12,26.960212
2.71,20,26.975137
0.16,14,26.986207
2.71,20,27.001168
2.71,12,27.01019
2.71,12,27.019215
2.71,12,27.028251
2.71,16,27.040228
0.1,28,27.060808
0.12,14,27.079061
2.71,12,27.08815
2.71,12,27.097123
0.09,32,27.120837
2.71,14,27.131083
2.71,12,27.140039
0.07,18,27.153138
2.71,14,27.163544
0.16,14,27.173855
2.71,14,27.184196
2.71,12,27.193199
2.71,16,27.204859
2.71,12,27.213853
2.71,14,27.224352
2.71,16,27.236333
2.71,14,27.24664
2.71,12,27.255854
0.06,14,27.266942
2.71,14,27.284074
2.71,12,27.293106
2.71,12,27.302158
0.12,14,27.312712
2.71,14,27.323457
2.71,12,27.332448
2.71,18,27.345562
2.71,12,27.35477
0.15,28,27.374854
2.71,14,27.385289
2.71,12,27.394271
2.71,16,27.406181
2.71,16,27.418815
2.71,12,27.428213
2.71,12,27.437162
2.71,16,27.449951
0.13,22,27.466172
0.16,18,27.483872
2.71,16,27.499959
0.16,18,27.516086
0.16,18,27.529407
2.71,12,27.538484
0.11,14,27.549021
2.71,14,27.559597
2.71,14,27.57018
0.13,20,27.590262
2.71,12,27.599446
2.71,12,27.611752
0.07,14,27.623245
2.71,14,27.63454
2.71,14,27.645307
0.13,14,27.656256
2.71,18,27.670969
0.03,28,27.692945
0.13,14,27.703582
2.71,20,27.718031
2.71,16,27.730455
0.13,32,27.75791
0.22,16,27.770597
2.71,14,27.781278
2.71,14,27.793159
0.15,28,27.814952
2.71,14,27.826127
0.23,18,27.839593
0.1,14,27.852674
0.1,32,27.906682
0.1,20,27.922555
2.71,14,27.933514
0.1,18,27.947691
0.18,26,27.972241
0.13,32,27.997004
2.71,12,28.009995
2.71,16,28.022922
2.71,12,28.032403
2.71,12,28.04267
2.71,18,28.056374
0.1,16,28.069744
2.71,12,28.079461
0.1,22,28.096555
0.1,28,28.117614
2.71,14,28.128138
2.71,16,28.140012
2.71,12,28.159026
2.71,16,28.178489
2.71,14,28.19471
2.71,12,28.213475
2.71,18,28.256272
2.71,12,28.294699
0.15,32,28.349016
2.71,14,28.372963
0.23,18,28.394125
2.71,12,28.408407
0.16,16,28.440108
2.71,12,30.707213
2.71,14,30.717858
2.71,12,30.726881
0.11,18,30.741123
2.71,14,30.753037
2.71,20,30.767744
0.13,24,30.785259
2.71,14,30.79624
2.71,16,30.810125
2.71,12,30.821846
2.71,12,30.837078
2.71,14,30.851288
2.71,12,30.860458
2.71,12,30.869483
2.71,18,30.882629
0.1,24,30.900985
2.71,12,30.910467
2.71,16,30.922178
0.13,18,30.935343
2.71,12,30.944392
2.71,14,30.954995
2.71,16,30.966809
2.71,12,30.975803
2.71,12,30.984738
0.15,14,30.995131
2.71,12,31.004069
0.1,20,31.018561
2.71,12,31.02795
2.71,14,31.038538
2.71,12,31.047392
2.71,14,31.057791
2.71,12,31.066756
2.71,12,31.075733
2.71,12,31.084521
2.71,12,31.093543
0.07,22,31.128938
2.71,12,31.137926
2.71,12,31.146907
2.71,12,31.156096
2.71,12,31.165165
2.71,18,31.178241
2.71,12,31.187267
2.71,14,31.197924
0.13,30,31.220539
2.71,12,31.22952
2.71,14,31.240053
2.71,12,31.249044
2.71,12,31.258228
2.71,18,31.271399
2.71,12,31.281266
2.71,14,31.2921
2.71,14,31.302449
0.15,20,31.322342
2.71,12,31.33141
2.71,12,31.340766
0.16,16,31.353397
2.71,14,31.36451
2.71,16,31.376762
2.71,14,31.387004
2.71,12,31.396098
2.71,12,31.405211
2.71,12,31.414238
0.23,20,31.429464
0.22,14,31.44006
0.13,16,31.452384
2.71,12,31.461632
0.07,32,31.486862
2.71,14,31.50407
2.71,12,31.513442
2.71,24,31.531219
2.71,12,31.540335
2.71,16,31.552125
2.71,20,31.566689
2.71,12,31.575732
2.71,14,31.586344
2.71,20,31.60979
2.71,12,31.622093
2.71,14,31.632607
0.14,30,31.654523
2.71,14,31.665788
2.71,14,31.677205
2.71,12,31.686961
2.71,12,31.701302
2.71,12,31.711074
2.71,18,31.724625
2.71,16,31.73662
2.71,12,31.745859
2.71,16,31.757723
0.08,32,31.782622
2.71,16,31.795251
0.13,16,31.808478
0.1,18,31.822079
2.71,18,31.835703
0.13,24,31.856567
2.71,12,31.865551
2.71,12,31.874396
2.71,12,31.883245
2.71,12,31.892745
2.71,12,31.901795
2.71,12,31.910739
2.71,12,31.942791
2.71,12,31.95217
2.71,12,31.96119
2.71,12,31.971625
2.71,12,31.980896
2.71,14,31.995614
2.71,12,32.004749
2.71,12,32.013802
2.71,12,32.022995
2.71,12,32.032154
2.71,14,32.043175
2.71,14,32.054089
2.71,12,32.063242
2.71,16,32.075213
2.71,14,32.085778
2.71,12,32.095022
2.71,14,32.106015
0.13,16,32.118018
2.71,12,32.127104
2.71,16,32.139095
2.71,20,32.153922
0.13,14,32.164522
2.71,12,32.173595
2.71,14,32.184078
2.71,18,32.197432
2.71,12,32.206438
2.71,16,32.218371
2.71,12,32.227426
2.71,12,32.237473
2.71,16,32.249386
2.71,12,32.25855
2.71,14,32.269103
2.71,14,32.280466
2.71,14,32.291694
0.23,14,32.302126
0.08,32,32.327156
0.14,22,32.345773
0.14,16,33.597161
2.71,12,33.609977
2.71,12,33.619043
2.71,12,33.628518
2.71,14,33.639157
2.71,12,33.651865
0.23,20,33.671069
2.71,12,33.680771
2.71,12,33.690113
2.71,14,33.701347
2.71,12,33.712781
2.71,14,33.725946
2.71,12,33.737566
2.71,16,33.752392
0.06,32,33.78284
2.71,14,33.796021
2.71,14,33.80923
2.71,12,33.82042
2.71,14,33.833369
2.71,12,33.844797
2.71,12,33.858752
2.71,12,33.87375
2.71,14,33.887089
2.71,14,33.898194
0.09,32,33.922745
2.71,12,33.932422
2.71,16,33.944696
2.71,14,33.956127
2.71,12,33.965805
2.71,12,33.975161
2.71,14,33.993254
0.13,18,34.007224
2.71,14,34.037809
2.71,14,34.048492
2.71,12,34.057483
2.71,12,34.067012
2.71,16,34.079374
2.71,12,34.08914
2.71,12,34.098887
2.71,12,34.108329
2.71,12,34.11744
2.71,16,34.129131
2.71,12,34.138245
2.71,14,34.149196
2.71,14,34.159502
2.71,14,34.169973
2.71,12,34.179083
2.71,12,34.191598
2.71,16,34.205176
2.71,14,34.215595
2.71,14,34.230897
2.71,12,34.240271
2.71,14,34.251751
2.71,20,34.268174
2.71,12,34.277388
2.71,12,34.28774
2.71,12,34.29699
2.71,18,34.313679
2.71,16,34.326936
2.71,12,34.336191
0.1,18,34.349692
2.71,18,34.364033
2.71,12,34.373465
2.71,16,34.385872
2.71,12,34.396546
2.71,14,34.40747
2.71,12,34.416861
0.1,24,34.435595
2.71,16,34.448488
2.71,12,34.457922
2.71,14,34.468853
2.71,12,34.478364
2.71,14,34.48893
0.13,16,34.500911
0.16,14,34.515185
2.71,12,34.524273
2.71,12,34.533195
0.06,32,34.560659
2.71,12,34.569916
2.71,16,34.5818
2.71,14,34.592585
2.71,14,34.603106
2.71,14,34.614743
2.71,14,34.625632
2.71,12,34.635613
2.71,14,34.646563
2.71,12,34.655588
2.71,14,34.667045
2.71,16,34.685046
2.71,12,34.695575
2.71,12,34.704553
2.71,12,34.7136
2.71,12,34.722566
2.71,14,34.732925
2.71,12,34.742142
2.71,12,34.751172
2.71,12,34.760271
2.71,14,34.775549
2.71,12,34.785243
0.13,24,34.803837
2.71,12,34.813223
2.71,16,34.826787
2.71,14,34.843168
2.71,12,34.879113
2.71,16,34.891214
2.71,14,34.901617
2.71,12,34.911146
2.71,14,34.92157
2.71,14,34.931899
2.71,12,34.943158
0.16,16,34.956613
2.71,14,34.967025
2.71,12,34.976097
0.22,14,34.986468
2.71,14,34.997226
2.71,12,35.006806
2.71,12,35.01589
2.71,12,35.024847
0.15,32,35.048688
2.71,12,35.057747
2.71,12,35.071234
0.13,26,35.089911
2.71,12,35.099081
2.71,14,35.109854
2.71,12,35.118929
2.71,12,35.128027
2.71,12,35.137156
2.71,18,35.15053
2.71,12,35.159584
2.71,12,35.170258
2.71,12,35.180643
2.71,12,35.1896
2.71,12,35.199119
0.07,14,35.209544
0.22,14,35.219881
2.71,14,35.230298
2.71,14,35.241052
2.71,14,35.251549
2.71,12,35.261103
0.13,32,35.284419
2.71,14,35.296621
0.23,14,35.306976
0.01,32,36.529218
2.71,12,36.538855
2.71,14,36.549429
2.71,16,36.561508
2.71,14,36.572244
2.71,12,36.581437
2.71,20,36.596295
2.71,12,36.605453
2.71,12,36.616274
2.71,12,36.625542
2.71,14,36.636164
2.71,16,36.648332
0.12,18,36.663825
2.71,12,36.675303
2.71,12,36.685707
2.71,12,36.694906
2.71,12,36.70491
2.71,12,36.715334
2.71,14,36.732636
0.1,22,36.75344
2.71,14,36.764053
2.71,16,36.776031
2.71,12,36.785077
0.23,14,36.795493
2.71,12,36.804843
0.13,14,36.815439
2.71,14,36.825738
2.71,12,36.834866
2.71,16,36.848374
2.71,14,36.859478
2.71,14,36.877507
2.71,12,36.886681
2.71,12,36.895711
2.71,12,36.905098
0.13,32,36.930434
2.71,14,36.94434
2.71,12,36.953547
2.71,20,36.96803
2.71,12,36.977028
2.71,12,36.985861
2.71,14,36.996164
2.71,14,37.006757
2.71,12,37.015702
0.23,16,37.027306
2.71,12,37.03616
2.71,12,37.045448
2.71,12,37.054375
2.71,14,37.064751
2.71,12,37.07779
0.13,32,37.101328
2.71,12,37.110449
2.71,16,37.122045
2.71,18,37.135124
2.71,14,37.145346
2.71,16,37.157037
2.71,12,37.168766
2.71,12,37.177734
2.71,14,37.187916
2.71,12,37.1969
2.71,14,37.207106
2.71,12,37.216437
2.71,16,37.228239
2.71,12,37.23725
0.13,32,37.261555
2.71,14,37.272179
2.71,14,37.282559
0.08,16,37.298043
2.71,14,37.313312
2.71,12,37.322562
0.1,14,37.333122
2.71,12,37.342629
2.71,16,37.354579
0.11,32,37.379297
2.71,12,37.388718
2.71,12,37.397728
2.71,14,37.408684
2.71,12,37.417601
2.71,14,37.427854
2.71,12,37.438048
2.71,12,37.448353
2.71,14,37.458717
2.71,12,37.467582
2.71,12,37.476452
2.71,16,37.488061
2.71,16,37.500397
2.71,12,37.509522
0.09,32,37.537286
2.71,14,37.547577
2.71,18,37.56085
2.71,12,37.569747
2.71,12,37.578602
2.71,12,37.591117
2.71,14,37.601369
2.71,12,37.610305
2.71,16,37.622082
2.71,14,37.632226
2.71,18,37.653441
2.71,16,37.66515
0.23,18,37.679194
2.71,12,37.68807
2.71,14,37.698397
2.71,12,37.707686
2.71,14,37.717872
2.71,12,37.726926
2.71,12,37.735972
2.71,12,37.747308
2.71,12,37.762335
2.71,18,37.778048
2.71,12,37.786932
2.71,16,37.798682
2.71,12,37.8077
2.71,12,37.816562
0.1,14,37.827134
2.71,12,37.835922
2.71,12,37.846807
2.71,12,37.862275
2.71,16,37.874027
2.71,12,37.883045
2.71,12,37.891998
2.71,12,37.900894
2.71,14,37.911264
2.71,12,37.920154
0.16,14,37.930417
2.71,14,37.94085
0.04,32,37.964847
2.71,14,37.975114
2.71,14,37.9858
2.71,14,37.996304
0.15,22,38.012165
2.71,12,38.021154
2.71,12,38.030148
2.71,12,38.039149
2.71,14,38.049799
2.71,12,38.060264
2.71,12,38.069227
2.71,14,38.079528
2.71,14,38.089784
2.71,12,38.098857
2.71,12,38.108079
2.71,12,38.117429
2.71,14,38.127763
2.71,16,39.432389
2.71,12,39.452778
2.71,18,39.473078
0.07,16,39.490379
0.13,14,39.506984
2.71,18,39.528278
2.71,12,39.542268
2.71,16,39.560258
2.71,12,39.574406
2.71,14,39.590772
2.71,12,39.645582
2.71,14,39.668776
2.71,12,39.684613
2.71,18,39.707881
2.71,14,39.737879
2.71,16,39.756617
0.13,16,39.77612
2.71,12,39.797968
2.71,12,39.823674
2.71,12,39.838858
2.71,12,39.878911
2.71,12,39.893542
2.71,12,39.908217
2.71,14,39.925622
2.71,12,39.940845
2.71,12,39.955521
2.71,14,39.982721
2.71,14,40.000103
2.71,14,40.029696
2.71,16,40.048797
2.71,16,40.107411
2.71,12,40.131176
2.71,14,40.147414
2.71,12,40.161924
2.71,12,40.17634
2.71,26,40.206314
2.71,12,40.232781
2.71,12,40.247781
2.71,12,40.262803
2.71,12,40.27736
2.71,14,40.294055
2.71,12,40.310594
2.71,14,40.327332
2.71,14,40.347575
2.71,12,40.362919
0.07,32,40.401446
0.12,22,40.427234
2.71,12,40.44149
2.71,12,40.455935
2.71,14,40.472319
2.71,14,40.4891
2.71,12,40.503583
2.71,12,40.5176
2.71,12,40.532293
2.71,12,40.549915
2.71,12,40.564434
0.13,14,40.58136
2.71,16,40.620798
2.71,12,40.635387
2.71,12,40.662003
2.71,12,40.677691
0.05,32,40.716777
2.71,12,40.731334
2.71,24,40.761089
2.71,12,40.779667
2.71,12,40.793904
2.71,12,40.80788
0.23,16,40.82834
2.71,12,40.843424
2.71,12,40.863997
2.71,12,40.88537
2.71,12,40.894519
0.12,22,40.91096
2.71,12,40.924778
2.71,12,40.934807
2.71,12,40.944219
2.71,12,40.953712
2.71,14,40.964276
2.71,12,40.974157
2.71,12,40.986892
2.71,12,40.996309
2.71,12,41.005393
2.71,14,41.015871
2.71,12,41.024943
2.71,12,41.034075
2.71,12,41.043316
2.71,12,41.052639
2.71,12,41.062328
2.71,12,41.071408
2.71,12,41.080601
2.71,16,41.092518
2.71,16,41.104429
2.71,16,41.116722
2.71,12,41.12575
2.71,14,41.136206
2.71,12,41.145568
2.71,16,41.157472
2.71,12,41.166603
2.71,12,41.17573
0.09,32,41.21848
2.71,12,41.227745
2.71,12,41.236877
2.71,12,41.246352
2.71,16,41.258401
2.71,12,41.26747
2.71,12,41.276967
2.71,12,41.286453
2.71,14,41.297998
2.71,14,41.309148
2.71,12,41.318218
2.71,12,41.327186
2.71,14,41.337697
0.12,18,41.352578
2.71,14,41.365909
2.71,12,41.374936
2.71,12,41.383927
2.71,12,41.397191
2.71,14,41.408636
2.71,14,41.419148
2.71,12,41.428187
2.71,12,41.437265
2.71,12,41.449846
2.71,12,41.459591
2.71,12,41.468595
2.71,12,41.477594
0.03,14,41.487928
2.71,12,41.496861
0.12,18,41.510405
2.71,16,41.522314
2.71,12,41.531414
2.71,16,41.543128
2.71,12,41.552372
2.71,12,41.561447
2.71,12,41.570498
0.12,14,41.580829
2.71,14,41.591163
2.71,14,41.601511
2.71,12,41.61043
0.13,32,41.634776
2.71,14,41.645741
2.71,18,41.659844
2.71,14,41.671185
2.71,14,41.683298
2.71,12,41.69259
0.11,30,41.718215
2.71,14,41.728751
2.71,12,43.14462
2.71,12,43.153716
2.71,12,43.162789
2.71,12,43.171786
2.71,12,43.180877
2.71,12,43.189865
2.71,14,43.202828
2.71,12,43.212923
2.71,12,43.221908
2.71,12,43.230994
0.1,18,43.244098
2.71,12,43.253343
2.71,18,43.266332
2.71,16,43.278423
2.71,12,43.287392
2.71,14,43.297678
2.71,14,43.309255
2.71,12,43.318393
2.71,12,43.327199
2.71,12,43.336116
2.71,12,43.344952
2.71,12,43.354231
2.71,14,43.364481
2.71,12,43.373343
2.71,18,43.386329
2.71,12,43.402489
2.71,12,43.411993
2.71,16,43.424249
2.71,14,43.43483
2.71,14,43.445318
2.71,12,43.455122
2.71,14,43.465726
2.71,12,43.474838
2.71,16,43.48774
2.71,12,43.496778
2.71,12,43.506109
2.71,12,43.515344
2.71,14,43.525937
2.71,12,43.535045
2.71,22,43.55446
2.71,12,43.563498
2.71,12,43.5725
2.71,12,43.581415
2.71,14,43.591744
2.71,14,43.608266
2.71,12,43.617769
2.71,16,43.629847
2.71,12,43.639055
2.71,12,43.648553
2.71,14,43.65923
2.71,12,43.668402
2.71,12,43.678948
2.71,18,43.692132
2.71,12,43.70142
2.71,12,43.710507
2.71,14,43.721117
2.71,12,43.730276
2.71,14,43.740887
2.71,20,43.755738
2.71,14,43.766471
2.71,16,43.778301
2.71,12,43.787272
2.71,14,43.79795
2.71,12,43.807277
2.71,14,43.818034
2.71,14,43.828954
2.71,12,43.837982
2.71,12,43.848726
2.71,14,43.860984
2.71,14,43.871981
2.71,14,43.882608
2.71,12,43.891666
2.71,18,43.905483
2.71,12,43.918906
2.71,12,43.930451
2.71,12,43.93989
2.71,12,43.949396
2.71,16,43.96116
2.71,12,43.970144
2.71,12,43.979148
0.13,18,43.992596
2.71,12,44.001531
2.71,14,44.01185
2.71,14,44.022102
2.71,14,44.032344
2.71,12,44.041219
2.71,12,44.050561
2.71,14,44.060909
2.71,12,44.069729
2.71,12,44.078672
2.71,12,44.08748
2.71,12,44.096365
2.71,12,44.105268
2.71,12,44.114495
2.71,12,44.123461
2.71,12,44.132365
2.71,12,44.141254
2.71,12,44.150452
2.71,14,44.161347
2.71,12,44.170381
2.71,12,44.19857
2.71,14,44.208923
2.71,12,44.217889
2.71,12,44.229307
2.71,12,44.239488
2.71,12,44.24868
0.13,14,44.25922
2.71,12,44.268376
2.71,14,44.278731
2.71,14,44.289053
2.71,12,44.298033
2.71,12,44.308199
2.71,12,44.317355
2.71,14,44.328108
2.71,12,44.337057
2.71,12,44.345974
2.71,14,44.356334
0.13,16,44.368076
2.71,14,44.378357
2.71,14,44.392602
2.71,14,44.403015
2.71,12,44.412002
2.71,12,44.421031
2.71,12,44.430096
2.71,16,44.441751
2.71,14,44.452214
2.71,16,44.468306
2.71,12,44.477203
2.71,12,44.486113
2.71,12,44.495044
2.71,12,44.503817
0.13,14,44.514422
2.71,12,44.523254
2.71,12,44.532133
2.71,14,44.542403
2.71,14,44.55606
2.71,12,44.567743
2.71,12,44.576829
2.71,14,44.587157
2.71,12,44.596154
2.71,12,44.605033
2.71,14,44.61537
2.71,12,44.62425
2.71,12,44.633412
2.71,12,44.642483
2.71,14,44.652897
2.71,12,44.662001
2.71,12,44.671807
2.71,16,44.684039
2.71,14,44.694432
2.71,14,44.705283
2.71,20,44.720609
2.71,14,44.731373
2.71,14,44.742168
2.71,16,46.021118
2.71,12,46.030121
2.71,14,46.040594
2.71,12,46.049965
2.71,14,46.060287
2.71,12,46.069338
2.71,12,46.078398
2.71,16,46.089975
2.71,12,46.098944
2.71,14,46.109248
2.71,12,46.118433
2.71,18,46.131579
2.71,12,46.140527
2.71,12,46.149558
2.71,14,46.15985
2.71,12,46.168974
2.71,12,46.178061
2.71,20,46.192502
2.71,14,46.202835
2.71,12,46.21171
2.71,14,46.222001
2.71,12,46.239169
2.71,12,46.248024
2.71,12,46.257025
2.71,14,46.268023
2.71,18,46.281123
2.71,12,46.290085
2.71,12,46.299059
2.71,12,46.309043
2.71,16,46.321132
2.71,12,46.33021
2.71,14,46.340743
2.71,20,46.35562
2.71,12,46.364583
2.71,16,46.377601
2.71,12,46.38655
2.71,14,46.396895
0.06,14,46.407229
2.71,14,46.41767
2.71,18,46.430724
2.71,12,46.443879
2.71,12,46.452965
2.71,14,46.463434
2.71,12,46.472475
2.71,14,46.483226
2.71,14,46.493636
2.71,14,46.504002
2.71,12,46.512959
2.71,12,46.522275
2.71,12,46.531492
2.71,12,46.540466
2.71,12,46.549611
0.1,22,46.570254
2.71,12,46.579373
2.71,12,46.588417
2.71,16,46.600132
2.71,12,46.609077
2.71,12,46.618078
2.71,14,46.628427
2.71,14,46.638759
2.71,14,46.64935
2.71,16,46.661085
2.71,16,46.674223
2.71,24,46.694474
2.71,14,46.705603
2.71,18,46.718847
2.71,14,46.729094
2.71,14,46.739499
2.71,16,46.75107
2.71,16,46.762739
2.71,16,46.774966
2.71,26,46.793602
2.71,22,46.81003
2.71,20,46.824463
2.71,12,46.833361
2.71,14,46.843609
2.71,12,46.85545
2.71,18,46.869258
2.71,12,46.878211
2.71,12,46.887066
2.71,14,46.897392
2.71,14,46.907685
2.71,16,46.91948
2.71,14,46.92972
2.71,12,46.93854
2.71,12,46.947421
2.71,12,46.956755
2.71,12,46.965737
2.71,12,46.975739
2.71,12,46.991578
0.08,32,47.025143
2.71,12,47.034105
2.71,16,47.045813
2.71,12,47.054903
2.71,18,47.068057
2.71,14,47.078401
2.71,20,47.092788
2.71,12,47.101744
2.71,18,47.114785
2.71,14,47.12508
0.1,22,47.140724
0.04,32,47.164401
0.13,22,47.180709
0.23,14,47.190929
2.71,18,47.203902
2.71,16,47.21822
2.71,12,47.228355
2.71,12,47.237435
2.71,16,47.249325
2.71,12,47.258474
0.1,28,47.278401
2.71,14,47.288734
2.71,12,47.297579
2.71,18,47.311691
2.71,14,47.322361
2.71,14,47.332797
2.71,14,47.343085
2.71,14,47.353611
2.71,12,47.362588
2.71,12,47.371485
2.71,12,47.380405
2.71,14,47.390691
2.71,12,47.399565
2.71,12,47.408594
2.71,12,47.417598
2.71,12,47.426558
2.71,12,47.435906
2.71,14,47.446162
2.71,12,47.455216
2.71,14,47.465438
2.71,12,47.47889
2.71,14,47.489214
2.71,12,47.49823
2.71,14,47.508977
2.71,14,47.519922
2.71,12,47.528957
2.71,14,47.539332
2.71,12,47.548301
2.71,14,47.558988
0.1,14,47.570222
0.22,16,47.582227
2.71,12,47.591223
2.71,12,48.802905
2.71,16,48.814677
2.71,12,48.823744
2.71,12,48.832767
2.71,14,48.844165
2.71,12,48.855489
2.71,12,48.86474
2.71,14,48.875094
2.71,12,48.884021
2.71,12,48.892933
2.71,12,48.906872
2.71,14,48.927146
2.71,12,48.940146
2.71,12,48.949461
2.71,14,48.959962
2.71,14,48.97071
2.71,14,48.981517
2.71,14,48.992181
2.71,14,49.011108
2.71,18,49.025877
2.71,12,49.038985
2.71,12,49.050626
0.09,32,49.07444
2.71,12,49.083426
2.71,12,49.09243
2.71,12,49.101533
2.71,12,49.110528
2.71,12,49.119669
2.71,12,49.128751
2.71,12,49.137883
2.71,12,49.146996
2.71,14,49.157535
2.71,12,49.166591
2.71,12,49.17577
2.71,12,49.184978
2.71,12,49.194062
2.71,12,49.20671
2.71,12,49.216705
2.71,12,49.22704
2.71,12,49.23628
2.71,12,49.245323
2.71,12,49.2551
2.71,12,49.264106
2.71,12,49.274321
2.71,14,49.285147
2.71,12,49.294976
2.71,12,49.304344
2.71,12,49.31378
2.71,14,49.324697
2.71,12,49.333536
2.71,16,49.345177
2.71,12,49.354461
2.71,12,49.363361
2.71,12,49.372263
2.71,14,49.382508
2.71,12,49.391314
2.71,14,49.40147
2.71,14,49.411836
2.71,16,49.423968
2.71,14,49.434251
2.71,12,49.443079
2.71,12,49.452081
2.71,12,49.461029
2.71,12,49.470001
2.71,14,49.48028
2.71,14,49.490609
2.71,12,49.499506
2.71,12,49.508429
2.71,12,49.517275
2.71,12,49.526235
2.71,12,49.535004
2.71,18,49.549459
2.71,12,49.558441
2.71,12,49.567379
2.71,18,49.582306
2.71,12,49.591189
2.71,18,49.604118
2.71,12,49.613385
2.71,12,49.624243
2.71,12,49.633174
2.71,22,49.648897
2.71,12,49.657981
2.71,12,49.667458
2.71,14,49.679044
2.71,12,49.687955
2.71,14,49.699141
2.71,16,49.711242
2.71,12,49.721867
2.71,12,49.73124
2.71,16,49.743258
2.71,12,49.752198
2.71,22,49.76786
2.71,14,49.785968
2.71,14,49.796322
2.71,12,49.805499
2.71,12,49.814372
2.71,12,49.82321
2.71,14,49.833559
2.71,12,49.842551
2.71,12,49.854585
2.71,12,49.86425
2.71,12,49.873423
2.71,12,49.882686
2.71,12,49.892425
2.71,14,49.903139
2.71,12,49.912276
2.71,12,49.921596
2.71,12,49.93074
2.71,18,49.94416
2.71,12,49.953701
2.71,16,49.965546
2.71,18,49.983801
2.71,12,49.998105
2.71,14,50.008637
2.71,12,50.01797
2.71,12,50.027015
2.71,12,50.036122
2.71,12,50.045168
2.71,12,50.059053
2.71,12,50.071299
2.71,12,50.080512
2.71,12,50.089448
2.71,14,50.099894
2.71,12,50.108895
2.71,14,50.120511
2.71,12,50.129912
2.71,12,50.138988
2.71,12,50.147973
2.71,12,50.15722
2.71,14,50.167617
2.71,14,50.178768
2.71,12,50.187826
2.71,14,50.198303
2.71,12,50.209298
2.71,12,50.218755
2.71,12,50.228028
2.71,12,50.23717
2.71,12,50.246109
2.71,12,50.25549
2.71,12,50.267804
2.71,12,50.277303
2.71,14,50.287817
2.71,12,50.296962
2.71,12,50.306951
0.08,32,50.333427
2.71,12,50.344636
2.71,12,50.353968
2.71,14,50.365278
2.71,12,50.374271
2.71,16,50.385911
2.71,12,50.394985
2.71,14,50.40523
2.71,12,50.414109
2.71,12,50.423068
2.71,14,50.433298
2.71,14,51.73475
2.71,14,51.746163
2.71,12,51.755522
2.71,14,51.766354
2.71,12,51.776254
2.71,12,51.785376
2.71,12,51.794543
2.71,12,51.80376
0.13,14,51.815042
2.71,12,51.8242
2.71,12,51.83328
2.71,12,51.84236
2.71,12,51.853565
2.71,12,51.863115
2.71,12,51.88067
2.71,12,51.889688
2.71,14,51.900125
2.71,12,51.909142
2.71,12,51.9197
2.71,14,51.93533
2.71,14,51.94633
2.71,12,51.955552
2.71,12,51.964605
2.71,12,51.973617
2.71,12,51.983218
2.71,12,51.992275
2.71,14,52.003175
2.71,12,52.012125
2.71,16,52.023797
2.71,12,52.032815
2.71,12,52.041787
2.71,12,52.050869
2.71,12,52.060052
2.71,12,52.069028
2.71,12,52.080132
2.71,12,52.090993
2.71,12,52.103004
2.71,12,52.1162
0.23,16,52.129126
2.71,12,52.138356
2.71,12,52.147745
2.71,12,52.157126
2.71,12,52.166181
2.71,12,52.175305
2.71,12,52.184414
2.71,12,52.19355
2.71,12,52.204464
2.71,12,52.21347
2.71,12,52.222471
2.71,16,52.234418
2.71,14,52.244719
2.71,12,52.253608
2.71,14,52.263838
2.71,12,52.272797
2.71,12,52.282153
2.71,12,52.291474
0.23,14,52.302137
2.71,12,52.312088
2.71,12,52.326921
2.71,14,52.337582
2.71,14,52.348361
2.71,12,52.358244
2.71,12,52.367456
2.71,14,52.378456
0.23,14,52.389447
2.71,14,52.399818
2.71,12,52.408897
0.13,14,52.419295
2.71,12,52.42819
2.71,14,52.438611
0.13,14,52.449113
2.71,12,52.458039
2.71,12,52.466947
2.71,12,52.476024
2.71,14,52.486295
2.71,12,52.495262
2.71,14,52.50555
2.71,12,52.516768
0.23,14,52.527712
2.71,12,52.53825
2.71,16,52.550391
2.71,16,52.562409
0.16,16,52.574273
2.71,12,52.583505
2.71,12,52.595902
2.71,12,52.604904
2.71,14,52.615826
2.71,12,52.62481
2.71,14,52.637377
2.71,12,52.647418
2.71,12,52.656837
2.71,12,52.665794
2.71,12,52.684165
2.71,12,52.69321
2.71,12,52.702108
2.71,12,52.711102
2.71,12,52.720089
2.71,12,52.729245
2.71,12,52.738443
2.71,12,52.747456
2.71,12,52.756392
2.71,14,52.766737
2.71,12,52.775593
2.71,18,52.789021
2.71,16,52.800759
2.71,12,52.809736
2.71,12,52.818672
2.71,14,52.831754
2.71,14,52.85894
2.71,16,52.893156
2.71,12,52.91095
2.71,12,52.924886
2.71,12,52.94058
0.13,14,52.958456
2.71,14,52.978537
2.71,16,52.9987
0.15,32,53.038255
2.71,12,53.052223
2.71,12,53.065317
2.71,12,53.078564
2.71,12,53.092134
2.71,12,53.105499
2.71,12,53.121949
2.71,12,53.160104
2.71,12,53.17441
2.71,12,53.209486
2.71,18,53.24392
2.71,12,53.257954
2.71,12,53.270916
2.71,12,53.284089
2.71,12,53.297411
2.71,12,53.317999
2.71,12,53.352798
2.71,12,53.380533
2.71,12,53.408958
2.71,12,53.424886
2.71,12,53.444791
2.71,12,53.458792
2.71,12,53.508268
2.71,12,53.521458
2.71,12,53.541572
2.71,14,53.557251
2.71,12,53.571589
2.71,14,53.61515
2.71,12,53.66531
2.71,12,53.708234
2.71,12,53.730328
2.71,12,53.751267
2.71,14,53.766145
2.71,12,53.779197
2.71,12,53.79193
2.71,12,53.804806
2.71,12,53.826442
2.71,12,53.858028
2.71,12,53.88405
2.71,14,53.929225
2.71,12,53.97579
2.71,12,53.990323
2.71,14,54.005757
2.71,12,55.359726
2.71,12,55.369279
2.71,12,55.378535
2.71,12,55.387766
2.71,14,55.398366
2.71,12,55.408643
2.71,12,55.418162
2.71,12,55.427331
2.71,12,55.436797
2.71,16,55.449121
2.71,12,55.458537
2.71,12,55.475882
2.71,12,55.485251
2.71,12,55.494438
2.71,14,55.505073
2.71,12,55.51406
2.71,12,55.523696
2.71,12,55.532755
0.13,18,55.54598
2.71,14,55.556692
2.71,12,55.565592
2.71,12,55.574961
2.71,12,55.583865
2.71,12,55.592674
2.71,14,55.603445
2.71,16,55.62195
2.71,12,55.631413
2.71,14,55.642116
2.71,12,55.651252
2.71,12,55.661198
2.71,12,55.675523
2.71,12,55.685077
2.71,12,55.694325
2.71,12,55.703707
2.71,12,55.71338
2.71,12,55.722761
2.71,12,55.732032
2.71,12,55.74141
2.71,12,55.750419
2.71,12,55.759523
2.71,12,55.768612
2.71,12,55.777989
2.71,12,55.787022
2.71,12,55.796212
2.71,14,55.806932
0.14,20,55.821922
2.71,14,55.832345
2.71,12,55.842099
2.71,12,55.854127
2.71,12,55.863217
2.71,12,55.872144
2.71,14,55.88407
2.71,12,55.894925
2.71,16,55.90673
2.71,12,55.916102
2.71,12,55.925186
2.71,12,55.934251
2.71,12,55.943164
2.71,18,55.957146
2.71,12,55.966114
2.71,12,55.97513
2.71,12,55.984504
2.71,12,55.9935
0.1,14,56.004957
2.71,14,56.015601
2.71,12,56.024772
2.71,12,56.033859
2.71,14,56.044284
2.71,14,56.054899
2.71,16,56.066779
2.71,12,56.075841
2.71,12,56.085032
2.71,12,56.094077
2.71,12,56.103106
2.71,12,56.113944
2.71,12,56.123208
2.71,12,56.132432
2.71,12,56.141437
2.71,12,56.150691
2.71,12,56.159742
2.71,14,56.170076
2.71,16,56.182708
2.71,18,56.199271
2.71,14,56.210126
2.71,12,56.222885
2.71,12,56.236452
2.71,14,56.247167
2.71,12,56.256558
2.71,12,56.274007
2.71,12,56.283384
2.71,16,56.295312
2.71,12,56.304415
2.71,12,56.31375
2.71,12,56.324421
2.71,12,56.335553
2.71,12,56.345025
2.71,12,56.354362
2.71,12,56.363573
2.71,12,56.372638
2.71,12,56.381935
0.15,18,56.39563
2.71,16,56.407307
2.71,14,56.4183
2.71,14,56.428738
2.71,12,56.438213
2.71,12,56.44757
2.71,14,56.458341
2.71,16,56.472372
2.71,12,56.484689
2.71,12,56.494202
2.71,12,56.503421
2.71,12,56.515703
2.71,14,56.526935
2.71,14,56.537594
2.71,12,56.546942
2.71,12,56.556263
2.71,12,56.565606
2.71,16,56.577763
2.71,14,56.588234
2.71,12,56.59747
2.71,12,56.60662
2.71,12,56.616022
2.71,12,56.625189
2.71,12,56.634376
2.71,16,56.646254
2.71,12,56.655415
2.71,12,56.664593
2.71,12,56.675146
2.71,14,56.686083
2.71,16,56.697889
0.15,18,56.713632
2.71,16,56.726203
2.71,12,56.735861
0.13,16,56.748403
2.71,12,56.757763
2.71,12,56.76669
2.71,12,56.776097
2.71,12,56.785036
2.71,12,56.793945
2.71,12,56.803517
2.71,12,56.812907
2.71,12,56.821859
2.71,12,56.83077
2.71,12,56.839697
2.71,12,56.851487
2.71,12,56.861116
2.71,12,56.870667
2.71,12,56.879857
2.71,12,56.889175
2.71,14,56.899758
2.71,12,56.908902
2.71,12,56.918119
2.71,12,56.927785
0.13,16,56.940188
2.71,12,56.950016
2.71,12,56.959111
2.71,12,56.968131
2.71,12,56.977234
2.71,12,56.986336
2.71,14,58.289521
2.71,14,58.300139
2.71,12,58.309319
2.71,14,58.320201
2.71,12,58.329408
2.71,12,58.339476
2.71,14,58.350088
2.71,12,58.368856
2.71,12,58.377921
2.71,14,58.388347
2.71,12,58.398615
2.71,12,58.412332
2.71,12,58.421406
2.71,14,58.431783
2.71,12,58.440852
2.71,14,58.451421
2.71,12,58.460453
2.71,12,58.469966
2.71,12,58.479558
2.71,12,58.488956
2.71,12,58.498168
2.71,14,58.508772
2.71,12,58.517842
2.71,14,58.528261
2.71,12,58.537617
2.71,12,58.546805
2.71,12,58.556062
2.71,12,58.569736
2.71,12,58.579066
2.71,12,58.58807
2.71,14,58.598771
2.71,16,58.611171
2.71,12,58.624371
2.71,14,58.634778
2.71,12,58.643881
2.71,14,58.654949
2.71,12,58.665063
2.71,14,58.676686
2.71,14,58.687259
2.71,12,58.696373
2.71,14,58.706748
2.71,12,58.716038
2.71,14,58.726948
0.23,14,58.737831
2.71,12,58.746962
2.71,12,58.75626
2.71,12,58.766425
2.71,12,58.776475
2.71,12,58.785986
2.71,12,58.795125
2.71,12,58.804292
2.71,12,58.813465
2.71,14,58.824038
2.71,12,58.83348
2.71,12,58.842734
2.71,14,58.8559
2.71,16,58.86803
2.71,12,58.877022
2.71,12,58.885945
2.71,12,58.89487
2.71,12,58.903761
2.71,14,58.914009
2.71,12,58.923449
2.71,14,58.933818
2.71,12,58.942624
2.71,14,58.953105
2.71,12,58.962094
2.71,12,58.970879
0.13,14,58.982046
2.71,14,58.993076
2.71,12,59.002167
2.71,12,59.011197
2.71,12,59.020316
2.71,14,59.030782
2.71,12,59.039749
2.71,12,59.05194
2.71,14,59.063754
2.71,14,59.075037
2.71,12,59.084292
2.71,12,59.093622
2.71,12,59.102796
2.71,12,59.111924
2.71,14,59.122587
2.71,12,59.131833
2.71,12,59.141355
2.71,12,59.158238
2.71,12,59.167329
2.71,12,59.176555
2.71,12,59.185677
2.71,14,59.196146
2.71,12,59.205354
2.71,12,59.214449
2.71,12,59.226987
2.71,12,59.240085
2.71,14,59.255218
2.71,12,59.269734
2.71,12,59.278895
2.71,12,59.291544
2.71,12,59.304869
2.71,12,59.315293
2.71,14,59.325708
2.71,12,59.335274
2.71,12,59.345018
2.71,14,59.357876
2.71,14,59.370718
2.71,12,59.379846
2.71,14,59.39019
2.71,12,59.399278
2.71,12,59.409039
2.71,12,59.418153
2.71,12,59.427435
2.71,14,59.43786
2.71,12,59.44708
2.71,12,59.456342
2.71,12,59.46548
2.71,12,59.474498
2.71,14,59.485219
2.71,12,59.494511
2.71,12,59.503437
0.13,16,59.515678
2.71,12,59.536802
2.71,12,59.549597
2.71,12,59.562418
2.71,12,59.574736
2.71,12,59.583766
2.71,14,59.594253
2.71,12,59.603312
2.71,12,59.612732
2.71,12,59.622227
2.71,14,59.634804
2.71,12,59.643902
2.71,12,59.652846
2.71,12,59.661944
2.71,12,59.671818
2.71,12,59.681291
2.71,12,59.690394
2.71,14,59.700912
2.71,12,59.710028
2.71,12,59.719039
2.71,12,59.728496
2.71,14,59.739338
2.71,12,59.74838
2.71,12,59.757426
0.08,18,59.770593
2.71,12,59.779684
2.71,12,59.789348
2.71,14,59.799972
2.71,12,59.809161
2.71,12,59.818261
2.71,12,59.828177
2.71,12,59.83742
2.71,14,59.850114
2.71,12,59.859423
2.71,12,59.868461
2.71,12,59.878045
2.71,12,59.888474
2.71,12,59.898439
2.71,14,59.908732
2.71,12,59.917557
2.71,12,59.92646
2.71,12,59.936621
2.71,12,59.946342
2.71,12,61.230803
2.71,12,61.240098
2.71,12,61.249267
2.71,12,61.267332
2.71,14,61.277932
2.71,12,61.286997
2.71,12,61.296236
2.71,12,61.305303
2.71,14,61.316171
2.71,12,61.325458
2.71,12,61.340981
2.71,12,61.355748
2.71,12,61.3658
2.71,12,61.375579
2.71,12,61.384605
2.71,12,61.393575
2.71,14,61.404944
2.71,14,61.415601
2.71,12,61.424869
2.71,12,61.433912
2.71,14,61.444634
2.71,12,61.454307
2.71,12,61.465019
2.71,12,61.477434
2.71,14,61.487731
2.71,12,61.496919
2.71,16,61.508609
2.71,12,61.518266
2.71,14,61.528743
2.71,12,61.537853
2.71,14,61.548266
2.71,12,61.557264
2.71,12,61.566133
2.71,12,61.575197
2.71,12,61.584115
2.71,12,61.593083
2.71,12,61.602031
2.71,12,61.610969
2.71,12,61.620085
2.71,12,61.628987
2.71,12,61.640403
2.71,12,61.649225
2.71,12,61.658158
2.71,12,61.667233
2.71,12,61.678114
2.71,12,61.687152
2.71,12,61.696516
0.07,14,61.706905
2.71,12,61.716875
2.71,12,61.727839
2.71,12,61.737666
2.71,12,61.747416
2.71,12,61.756306
0.13,24,61.773443
2.71,14,61.783816
2.71,12,61.792731
2.71,12,61.802267
0.23,16,61.813956
2.71,16,61.825704
2.71,12,61.834982
2.71,12,61.843922
2.71,12,61.85509
2.71,12,61.864346
2.71,12,61.873329
2.71,12,61.882196
2.71,12,61.89133
2.71,12,61.900302
2.71,14,61.910537
2.71,14,61.920873
2.71,12,61.92996
2.71,12,61.939462
2.71,12,61.949607
2.71,12,61.959129
2.71,12,61.968498
2.71,12,61.977626
2.71,12,61.987302
2.71,12,61.997051
2.71,14,62.007626
2.71,12,62.017515
2.71,12,62.02846
2.71,12,62.037538
2.71,12,62.046466
2.71,14,62.065397
2.71,12,62.074278
2.71,14,62.084523
2.71,12,62.093504
2.71,12,62.102411
2.71,12,62.111248
2.71,12,62.120183
2.71,12,62.129317
2.71,12,62.138358
2.71,14,62.148717
2.71,12,62.157602
2.71,12,62.166479
2.71,12,62.175545
2.71,12,62.184461
2.71,14,62.194961
2.71,12,62.203813
2.71,12,62.213133
2.71,12,62.222049
2.71,12,62.230911
2.71,12,62.241473
2.71,12,62.250811
2.71,12,62.259855
0.1,30,62.285346
2.71,12,62.294502
2.71,12,62.304114
2.71,12,62.31458
2.71,14,62.326182
0.13,14,62.336791
2.71,12,62.346643
2.71,12,62.357537
2.71,12,62.371113
2.71,12,62.382212
2.71,12,62.391575
2.71,12,62.400716
2.71,12,62.409784
2.71,12,62.419162
2.71,12,62.428267
2.71,12,62.437295
2.71,14,62.447675
2.71,12,62.456937
2.71,12,62.466722
2.71,12,62.476039
2.71,12,62.485252
2.71,12,62.494387
2.71,12,62.503815
2.71,12,62.513178
2.71,12,62.522525
2.71,12,62.531614
2.71,14,62.549606
2.71,12,62.560227
2.71,12,62.569726
2.71,14,62.58005
2.71,14,62.590274
2.71,12,62.599279
2.71,12,62.60824
2.71,12,62.617338
2.71,12,62.626993
2.71,12,62.636153
2.71,12,62.645129
2.71,12,62.65411
2.71,12,62.663043
2.71,12,62.672714
2.71,12,62.682666
2.71,12,62.692188
0.15,14,62.702765
2.71,12,62.712223
2.71,12,62.721433
2.71,12,62.73093
2.71,12,62.740508
2.71,12,62.749617
2.71,12,62.759212
2.71,12,62.768253
2.71,12,62.777355
2.71,12,62.786509
2.71,12,62.79548
2.71,12,62.805714
0.15,14,62.816604
2.71,12,62.825956
2.71,12,62.835615
2.71,12,62.848243
2.71,12,62.869207
2.71,14,64.097831
2.71,12,64.106916
2.71,12,64.117003
2.71,12,64.126424
2.71,14,64.137172
2.71,12,64.146201
2.71,16,64.158082
2.71,12,64.167287
2.71,12,64.176487
2.71,12,64.185581
2.71,14,64.196958
2.71,12,64.206367
2.71,12,64.215403
2.71,12,64.224319
2.71,12,64.236857
2.71,14,64.252848
2.71,12,64.265862
2.71,12,64.278722
2.71,12,64.300297
2.71,12,64.315232
2.71,12,64.332688
2.71,12,64.351022
2.71,12,64.369202
2.71,12,64.387856
2.71,12,64.408231
2.71,14,64.446193
2.71,12,64.473937
2.71,12,64.488748
0.12,14,64.505436
2.71,12,64.520065
0.14,24,64.547412
2.71,12,64.561997
2.71,14,64.578622
2.71,12,64.602464
2.71,12,64.617501
2.71,14,64.634314
2.71,12,64.656352
2.71,12,64.673285
2.71,12,64.689447
2.71,12,64.70418
2.71,12,64.71763
2.71,12,64.73158
2.71,12,64.74663
2.71,12,64.76158
0.15,28,64.795112
2.71,14,64.812751
2.71,12,64.827209
2.71,12,64.842167
2.71,12,64.860976
2.71,12,64.876981
2.71,12,64.89117
2.71,14,64.906877
2.71,12,64.92129
2.71,12,64.93607
2.71,12,64.951069
2.71,12,64.965503
2.71,12,64.97945
2.71,14,64.995613
2.71,12,65.009445
2.71,14,65.028045
2.71,12,65.04574
2.71,12,65.062973
2.71,12,65.080451
2.71,12,65.097984
2.71,12,65.116068
2.71,12,65.133443
2.71,12,65.150488
2.71,12,65.168757
2.71,12,65.186298
2.71,12,65.203457
2.71,12,65.23077
2.71,14,65.252504
2.71,12,65.269122
2.71,12,65.283171
2.71,12,65.29746
2.71,12,65.312574
2.71,12,65.327261
2.71,12,65.342431
2.71,12,65.372361
2.71,12,65.389414
2.71,12,65.404555
2.71,12,65.419636
2.71,12,65.435832
2.71,12,65.450221
2.71,12,65.466765
2.71,12,65.480323
2.71,12,65.494956
2.71,12,65.511696
2.71,12,65.525973
2.71,12,65.539772
2.71,12,65.557392
2.71,12,65.579992
2.71,14,65.597971
2.71,12,65.612972
2.71,12,65.627256
2.71,14,65.644114
2.71,12,65.658284
2.71,12,65.673584
2.71,14,65.692179
2.71,12,65.706903
2.71,12,65.720717
2.71,14,65.736319
2.71,12,65.749935
2.71,12,65.759527
2.71,12,65.769356
2.71,12,65.782207
2.71,12,65.792282
2.71,14,65.804403
2.71,12,65.814695
2.71,12,65.823845
2.71,12,65.833321
2.71,12,65.842757
2.71,12,65.854283
2.71,12,65.863786
2.71,12,65.873234
2.71,12,65.882404
0.23,14,65.893736
2.71,14,65.905053
2.71,12,65.914122
2.71,12,65.924322
2.71,12,65.933544
2.71,14,65.944264
2.71,12,65.953825
2.71,12,65.962823
2.71,12,65.972562
2.71,12,65.981871
2.71,12,65.991728
2.71,12,66.000931
2.71,12,66.009964
2.71,12,66.020501
2.71,12,66.030598
2.71,12,66.040284
2.71,12,66.049739
2.71,12,66.058884
2.71,14,66.070242
2.71,12,66.079211
2.71,12,66.088189
2.71,12,66.097321
2.71,12,66.109167
2.71,12,66.121865
2.71,12,66.131828
2.71,12,66.141106
2.71,12,66.151232
2.71,12,66.160589
2.71,12,66.169827
2.71,12,66.179635
2.71,12,66.189163
2.71,12,66.19881
2.71,12,66.207879
2.71,12,66.217511
2.71,14,66.228569
2.71,12,66.238421
2.71,12,66.247384
2.71,12,66.256572
2.71,12,66.265446
2.71,12,66.274636
2.71,12,66.283738
2.71,12,66.292756
2.71,12,66.301942
2.71,12,66.330841
2.71,12,66.3404
2.71,12,66.350124
2.71,12,66.359786
2.71,12,66.368822
2.71,12,67.602592
2.71,12,67.612962
2.71,12,67.622501
2.71,12,67.631951
2.71,12,67.641081
2.71,12,67.653968
2.71,14,67.664528
2.71,12,67.674616
2.71,12,67.684622
2.71,12,67.693756
2.71,14,67.704412
2.71,12,67.71344
2.71,12,67.722396
2.71,12,67.731516
2.71,12,67.741208
2.71,12,67.751528
2.71,12,67.760696
2.71,12,67.769595
2.71,14,67.780015
2.71,12,67.789027
2.71,12,67.797947
2.71,12,67.807454
2.71,12,67.817149
2.71,12,67.826404
2.71,12,67.835454
2.71,12,67.844476
2.71,14,67.85727
2.71,12,67.866561
2.71,12,67.877729
2.71,12,67.887489
2.71,12,67.896679
2.71,12,67.905771
2.71,12,67.914927
2.71,12,67.923941
2.71,14,67.934421
2.71,12,67.943696
2.71,12,67.953368
2.71,12,67.962333
2.71,12,67.971533
2.71,12,67.980614
2.71,12,67.989744
2.71,12,67.998808
2.71,12,68.007823
2.71,12,68.01701
2.71,14,68.02737
2.71,12,68.036494
2.71,14,68.047095
2.71,12,68.056288
2.71,12,68.065266
2.71,12,68.074418
2.71,14,68.084888
2.71,12,68.093905
2.71,12,68.103033
2.71,12,68.11213
2.71,14,68.12259
2.71,12,68.131564
2.71,14,68.142304
2.71,12,68.151638
2.71,14,68.162095
2.71,12,68.171241
2.71,12,68.180483
2.71,12,68.189478
2.71,12,68.198589
2.71,12,68.207752
2.71,12,68.216812
2.71,14,68.227282
2.71,12,68.236439
2.71,14,68.246754
2.71,12,68.256177
2.71,12,68.26526
2.71,12,68.274569
2.71,12,68.283731
0.06,32,68.308106
2.71,12,68.317731
2.71,12,68.32673
2.71,12,68.344618
2.71,12,68.355176
2.71,14,68.36602
2.71,14,68.376508
2.71,12,68.385834
2.71,12,68.395
2.71,12,68.40403
2.71,12,68.41311
2.71,12,68.422357
0.13,14,68.433176
2.71,12,68.442397
2.71,12,68.451706
2.71,12,68.460812
2.71,12,68.469973
2.71,12,68.479138
2.71,14,68.489709
2.71,12,68.498821
2.71,14,68.517287
2.71,12,68.532607
2.71,12,68.541888
2.71,12,68.553795
2.71,12,68.563127
2.71,12,68.572868
2.71,12,68.582011
2.71,12,68.591162
2.71,12,68.600395
2.71,14,68.610861
2.71,12,68.619953
2.71,12,68.629274
2.71,12,68.638435
2.71,12,68.648732
2.71,12,68.657902
2.71,14,68.668383
2.71,14,68.680595
2.71,12,68.689609
2.71,12,68.698769
0.06,30,68.720316
2.71,14,68.73086
2.71,12,68.740212
2.71,12,68.749389
2.71,12,68.758463
2.71,12,68.768471
2.71,12,68.7796
2.71,14,68.794962
2.71,12,68.806611
2.71,12,68.817966
2.71,12,68.828068
2.71,12,68.837817
2.71,12,68.848932
2.71,12,68.859224
2.71,12,68.86976
2.71,12,68.878751
2.71,12,68.887724
2.71,12,68.897158
2.71,12,68.906393
2.71,12,68.915411
2.71,12,68.924313
2.71,12,68.93324
2.71,12,68.942448
2.71,12,68.952317
2.71,12,68.962135
2.71,12,68.971387
2.71,12,68.980632
2.71,12,68.989714
2.71,12,68.998745
2.71,12,69.007745
2.71,12,69.016846
2.71,14,69.027824
2.71,12,69.036879
2.71,12,69.045948
2.71,12,69.055162
0.08,16,69.066944
2.71,12,69.076003
2.71,12,69.087573
2.71,12,69.096944
2.71,12,69.106117
0.1,16,69.118147
2.71,12,69.127152
2.71,12,69.136183
2.71,12,69.154103
2.71,12,69.163023
2.71,12,69.172138
2.71,12,69.181334
2.71,12,69.190299
2.71,12,69.199301
2.71,14,69.209735
2.71,12,69.218859
2.71,12,69.227935
2.71,12,70.560685
2.71,12,70.573952
2.71,12,70.583227
2.71,12,70.593849
2.71,12,70.604266
2.71,12,70.613851
2.71,12,70.623379
2.71,12,70.632705
2.71,12,70.641782
2.71,12,70.650884
2.71,12,70.660202
2.71,12,70.669203
2.71,14,70.681198
2.71,14,70.69169
2.71,12,70.700786
2.71,12,70.710118
2.71,12,70.719181
2.71,12,70.728222
2.71,12,70.737733
2.71,12,70.747584
2.71,12,70.756956
2.71,12,70.765931
2.71,12,70.774833
2.71,12,70.783749
2.71,12,70.792693
2.71,12,70.801601
2.71,12,70.810768
2.71,12,70.821037
2.71,12,70.833115
2.71,12,70.844365
2.71,12,70.855899
0.1,14,70.866261
2.71,14,70.876797
2.71,12,70.885951
2.71,12,70.895021
2.71,12,70.904348
2.71,12,70.913293
2.71,12,70.922363
2.71,12,70.931364
2.71,12,70.940395
2.71,12,70.949894
2.71,12,70.959328
2.71,12,70.968451
2.71,12,70.977793
2.71,12,70.986848
2.71,12,70.995932
2.71,12,71.005154
2.71,12,71.014102
2.71,12,71.023135
2.71,12,71.032168
2.71,12,71.041229
2.71,12,71.050362
2.71,12,71.059507
2.71,12,71.068474
2.71,12,71.077428
2.71,12,71.0864
2.71,12,71.095397
2.71,12,71.104582
2.71,12,71.11357
2.71,12,71.122701
2.71,12,71.131672
2.71,12,71.14062
2.71,12,71.150305
2.71,12,71.159172
2.71,12,71.168198
2.71,12,71.177617
2.71,12,71.186717
2.71,12,71.195712
2.71,12,71.204779
2.71,12,71.213873
2.71,12,71.222989
2.71,12,71.232193
2.71,12,71.241168
2.71,12,71.250386
2.71,14,71.270319
2.71,14,71.28089
2.71,14,71.291303
2.71,12,71.300455
2.71,12,71.309733
2.71,12,71.319069
2.71,12,71.328262
2.71,12,71.337274
2.71,14,71.348236
2.71,12,71.357252
2.71,12,71.367211
2.71,12,71.376414
2.71,12,71.385487
2.71,12,71.394952
2.71,12,71.40512
2.71,14,71.41582
2.71,14,71.426749
2.71,12,71.436493
2.71,12,71.446169
2.71,12,71.455589
2.71,12,71.469216
2.71,12,71.478773
2.71,14,71.489406
2.71,12,71.498752
2.71,12,71.508298
2.71,12,71.517946
2.71,12,71.527084
0.15,18,71.540417
2.71,12,71.550437
2.71,12,71.566136
2.71,12,71.577065
2.71,12,71.590551
2.71,12,71.601979
2.71,12,71.61174
2.71,12,71.621112
2.71,12,71.630392
2.71,12,71.639552
2.71,12,71.649198
2.71,12,71.658396
2.71,12,71.667547
2.71,12,71.67857
2.71,14,71.689343
2.71,12,71.69873
2.71,12,71.709518
2.71,12,71.719024
2.71,12,71.728061
2.71,12,71.737786
2.71,12,71.747136
2.71,12,71.756385
2.71,12,71.765559
2.71,12,71.774751
2.71,12,71.783735
2.71,12,71.792861
2.71,12,71.8022
2.71,12,71.811409
2.71,12,71.820561
2.71,12,71.831545
2.71,12,71.840749
2.71,12,71.852386
2.71,12,71.863516
2.71,12,71.87294
2.71,12,71.881966
2.71,12,71.891314
2.71,12,71.900384
2.71,12,71.909611
2.71,12,71.919164
2.71,12,71.928319
2.71,14,71.938921
2.71,12,71.948303
2.71,14,71.958798
2.71,12,71.968606
2.71,12,71.978591
2.71,12,71.987756
2.71,12,71.996673
2.71,14,72.006872
2.71,12,72.01581
2.71,12,72.024763
2.71,12,72.03374
2.71,12,72.04278
2.71,12,72.051811
2.71,12,72.060825
2.71,12,72.079758
2.71,12,72.089176
2.71,12,72.098387
2.71,16,72.110489
2.71,12,72.119811
2.71,12,72.129286
0.16,14,72.140217
2.71,12,72.150184
2.71,14,72.161175
2.71,12,72.170679
2.71,12,72.179819
2.71,12,72.188903
2.71,12,73.551513
2.71,12,73.561393
2.71,12,73.570488
2.71,12,73.579857
2.71,14,73.590499
2.71,12,73.599675
2.71,16,73.611517
2.71,12,73.620981
2.71,12,73.63521
2.71,12,73.648139
2.71,12,73.657416
2.71,12,73.666544
2.71,14,73.678531
2.71,12,73.68752
2.71,12,73.696563
2.71,12,73.70584
2.71,12,73.714997
2.71,12,73.724425
2.71,12,73.73391
2.71,12,73.743361
2.71,12,73.752975
2.71,12,73.762116
2.71,12,73.77123
2.71,12,73.780593
2.71,12,73.789836
2.71,12,73.799049
2.71,12,73.808256
2.71,12,73.817377
2.71,12,73.826473
2.71,12,73.835467
2.71,12,73.844487
2.71,12,73.855931
2.71,12,73.864803
2.71,12,73.873689
2.71,12,73.882636
2.71,12,73.892045
2.71,12,73.901043
2.71,12,73.91025
2.71,12,73.919151
2.71,12,73.92834
2.71,12,73.937266
2.71,12,73.9462
2.71,12,73.958194
2.71,12,73.969542
2.71,12,73.978848
2.71,12,73.989141
2.71,14,73.99975
2.71,12,74.008744
2.71,12,74.017789
2.71,12,74.027712
2.71,12,74.036916
2.71,12,74.046105
2.71,12,74.056145
2.71,12,74.065235
0.11,26,74.083995
2.71,12,74.09321
2.71,12,74.102382
2.71,12,74.111947
2.71,12,74.121569
2.71,12,74.130877
2.71,12,74.139881
2.71,12,74.149072
2.71,12,74.158196
2.71,12,74.167256
2.71,12,74.176365
2.71,12,74.186156
0.12,20,74.201125
2.71,12,74.210362
2.71,12,74.228914
2.71,12,74.238282
2.71,12,74.247402
2.71,12,74.256638
2.71,12,74.2658
2.71,12,74.276181
2.71,12,74.285447
2.71,12,74.294879
2.71,12,74.30402
2.71,12,74.313264
2.71,12,74.322484
2.71,12,74.33175
2.71,12,74.341451
2.71,12,74.35089
2.71,12,74.359966
2.71,12,74.368933
2.71,12,74.378818
2.71,12,74.388598
2.71,12,74.397891
2.71,12,74.407067
2.71,12,74.416254
2.71,12,74.430058
2.71,12,74.439223
2.71,12,74.448495
2.71,14,74.458999
2.71,12,74.469637
2.71,12,74.481144
2.71,12,74.49131
2.71,12,74.501004
2.71,12,74.510193
2.71,12,74.519401
2.71,12,74.528474
2.71,12,74.537519
2.71,12,74.546742
2.71,12,74.555987
2.71,12,74.565047
2.71,12,74.5788
2.71,12,74.588207
2.71,12,74.597388
2.71,12,74.606435
2.71,12,74.615515
2.71,12,74.624457
2.71,12,74.633559
2.71,12,74.642738
2.71,12,74.65554
2.71,14,74.67116
2.71,12,74.681388
2.71,14,74.691793
2.71,12,74.702017
2.71,12,74.71129
2.71,12,74.720507
2.71,12,74.729582
2.71,12,74.738991
2.71,12,74.748137
2.71,12,74.757776
2.71,12,74.766822
2.71,12,74.778857
2.71,12,74.788067
2.71,12,74.797242
2.71,12,74.806501
2.71,12,74.815696
2.71,12,74.824826
2.71,12,74.83435
2.71,12,74.843322
2.71,12,74.855251
2.71,12,74.864898
2.71,12,74.87446
2.71,12,74.8835
2.71,12,74.892761
2.71,12,74.901803
2.71,12,74.911119
2.71,12,74.920932
2.71,12,74.930034
2.71,12,74.939055
2.71,12,74.948096
2.71,12,74.957389
2.71,12,74.966875
2.71,12,74.975967
2.71,12,74.985029
2.71,12,74.994061
2.71,12,75.002969
2.71,12,75.01186
2.71,12,75.02086
2.71,12,75.039818
2.71,12,75.05495
2.71,12,75.064441
2.71,12,75.073356
2.71,12,75.082334
2.71,12,75.091197
2.71,14,75.101424
2.71,14,75.112302
2.71,12,75.121632
2.71,12,75.13079
2.71,12,75.139962
2.71,12,75.149362
2.71,12,75.158761
2.71,12,75.167971
2.71,12,75.177559
2.71,12,75.186696
2.71,12,76.836678
2.71,12,76.866227
2.71,12,76.895303
2.71,12,76.935708
2.71,12,76.965612
2.71,12,77.031886
2.71,14,77.093379
2.71,12,77.139621
2.71,12,77.17089
2.71,12,77.186986
2.71,12,77.208415
2.71,12,77.250598
2.71,12,77.264253
2.71,12,77.277608
2.71,12,77.291556
2.71,12,77.304944
2.71,12,77.318833
2.71,12,77.332918
2.71,12,77.346604
2.71,12,77.362031
2.71,12,77.375477
2.71,12,77.390546
2.71,12,77.404999
2.71,12,77.418198
2.71,12,77.431523
2.71,12,77.444721
2.71,12,77.457952
2.71,12,77.470613
2.71,12,77.482691
2.71,12,77.508072
2.71,12,77.545907
2.71,12,77.588754
2.71,12,77.637914
2.71,12,77.698941
2.71,12,77.756174
2.71,14,77.828688
2.71,12,77.881023
2.71,12,77.920278
2.71,12,77.974725
2.71,12,78.029817
2.71,12,78.046398
2.71,12,78.062835
2.71,12,78.094625
2.71,12,78.127886
2.71,12,78.160988
2.71,12,78.193119
2.71,12,78.204309
2.71,12,78.215996
2.71,12,78.227278
2.71,12,78.23868
2.71,12,78.249833
2.71,12,78.261151
2.71,12,78.272421
2.71,12,78.283891
2.71,14,78.296845
2.71,12,78.308086
2.71,12,78.319821
2.71,12,78.331056
2.71,12,78.342358
2.71,12,78.353641
2.71,12,78.365229
2.71,12,78.375881
2.71,14,78.387359
2.71,12,78.396245
2.71,12,78.405152
2.71,12,78.41398
2.71,12,78.443236
2.71,12,78.452021
2.71,12,78.461154
2.71,12,78.469902
2.71,12,78.479121
2.71,12,78.489773
2.71,12,78.503835
2.71,12,78.512627
2.71,14,78.522835
2.71,12,78.531597
2.71,12,78.540799
2.71,12,78.549726
2.71,12,78.558882
2.71,12,78.56847
2.71,12,78.577263
2.71,12,78.58604
2.71,12,78.595118
2.71,12,78.603906
2.71,12,78.612817
2.71,12,78.621728
2.71,12,78.634624
2.71,14,78.644812
0.08,18,78.657949
2.71,12,78.666729
2.71,12,78.676604
2.71,14,78.686957
2.71,12,78.696081
2.71,12,78.705025
2.71,12,78.713832
2.71,12,78.722745
2.71,12,78.731697
2.71,12,78.74085
2.71,12,78.749806
2.71,12,78.762063
2.71,12,78.775381
2.71,12,78.785332
2.71,14,78.796201
2.71,12,78.80514
2.71,12,78.813931
2.71,12,78.822765
2.71,12,78.83341
2.71,12,78.843242
2.71,12,78.854157
2.71,12,78.862967
2.71,12,78.871749
2.71,12,78.881186
2.71,12,78.890707
2.71,12,78.900473
2.71,12,78.909598
2.71,12,78.918758
2.71,12,78.927889
2.71,12,78.936895
2.71,12,78.946814
2.71,14,78.957608
2.71,12,78.96685
2.71,12,78.975849
2.71,12,78.98479
2.71,12,78.993689
0.23,14,79.004629
2.71,12,79.01546
2.71,12,79.026898
2.71,12,79.038206
2.71,12,79.049611
2.71,12,79.061016
2.71,12,79.072377
2.71,12,79.083563
2.71,12,79.095287
2.71,12,79.1064
2.71,14,79.120281
2.71,12,79.131801
0.23,14,79.148188
2.71,12,79.159424
2.71,12,79.170783
2.71,12,79.181985
2.71,12,79.193183
2.71,12,79.204511
2.71,12,79.216254
2.71,12,79.227488
2.71,12,79.23888
2.71,12,79.250134
2.71,12,79.261605
2.71,12,79.282454
2.71,12,79.293779
2.71,12,79.304902
2.71,12,79.316225
2.71,12,79.32751
2.71,12,79.338624
2.71,12,79.35014
2.71,12,79.361257
2.71,12,79.372497
2.71,12,79.383424
2.71,12,79.395855
2.71,12,79.407573
2.71,12,79.416735
2.71,12,79.426006
2.71,12,79.435249
2.71,14,79.446297
2.71,12,79.455399
2.71,12,79.464568
2.71,12,79.473763
2.71,12,79.489644
2.71,12,79.499861
2.71,12,80.743728
2.71,12,80.752698
2.71,12,80.761886
2.71,12,80.771035
2.71,12,80.780069
2.71,14,80.790352
2.71,12,80.799805
2.71,12,80.81303
2.71,12,80.825517
2.71,12,80.834888
2.71,12,80.844092
2.71,12,80.855424
2.71,12,80.86503
2.71,12,80.874337
2.71,12,80.883877
2.71,12,80.893371
2.71,12,80.905371
2.71,14,80.918134
2.71,12,80.927092
2.71,12,80.936053
2.71,12,80.945166
2.71,12,80.954304
2.71,12,80.964943
2.71,12,80.974212
2.71,12,80.98314
2.71,12,80.992012
2.71,12,81.000945
2.71,12,81.009733
2.71,14,81.019927
2.71,12,81.028928
2.71,12,81.038008
2.71,12,81.046863
2.71,12,81.055958
2.71,12,81.064759
2.71,12,81.073737
2.71,12,81.082679
2.71,12,81.091493
2.71,12,81.100296
2.71,12,81.109178
2.71,14,81.11948
2.71,12,81.128289
2.71,12,81.137085
2.71,14,81.147362
2.71,12,81.156383
2.71,12,81.165135
2.71,12,81.174165
2.71,12,81.18308
2.71,12,81.192077
2.71,14,81.202902
2.71,12,81.211751
2.71,12,81.220731
2.71,12,81.229532
2.71,12,81.238387
2.71,12,81.247257
2.71,12,81.256813
2.71,12,81.266213
2.71,12,81.275079
2.71,12,81.28389
2.71,16,81.295524
2.71,12,81.304287
2.71,12,81.313197
2.71,12,81.330993
2.71,12,81.339799
2.71,12,81.348724
2.71,12,81.357598
2.71,12,81.366364
2.71,12,81.375389
2.71,12,81.384183
2.71,12,81.393873
2.71,14,81.404077
2.71,12,81.413193
2.71,12,81.422136
2.71,12,81.431017
2.71,12,81.439938
2.71,12,81.448817
2.71,12,81.45798
2.71,12,81.469925
2.71,12,81.480287
2.71,12,81.490024
2.71,12,81.499429
2.71,12,81.514275
2.71,12,81.52446
2.71,12,81.541506
2.71,12,81.553507
2.71,12,81.565063
2.71,12,81.574579
2.71,12,81.583587
2.71,12,81.592448
2.71,12,81.601319
2.71,12,81.610245
2.71,12,81.619213
2.71,12,81.62816
2.71,12,81.637054
2.71,12,81.645973
2.71,12,81.654843
2.71,12,81.663628
2.71,12,81.673211
2.71,12,81.682355
2.71,12,81.691296
2.71,12,81.700186
2.71,12,81.709179
2.71,12,81.718239
2.71,12,81.72709
2.71,14,81.737622
2.71,12,81.746611
2.71,12,81.756305
2.71,12,81.765754
2.71,12,81.775431
2.71,12,81.784965
2.71,12,81.796354
2.71,12,81.805713
2.71,12,81.815373
2.71,12,81.824591
2.71,12,81.837864
2.71,12,81.852273
2.71,12,81.861665
2.71,12,81.870609
2.71,12,81.879626
2.71,12,81.888682
2.71,12,81.897691
2.71,12,81.906581
2.71,12,81.915697
2.71,12,81.924632
2.71,12,81.933588
2.71,12,81.942688
2.71,12,81.952732
2.71,12,81.96185
2.71,12,81.970914
2.71,12,81.979896
2.71,14,81.990259
2.71,12,81.999209
2.71,12,82.008143
2.71,12,82.01718
2.71,12,82.026905
0.16,16,82.038811
2.71,12,82.047773
2.71,12,82.059504
2.71,12,82.070831
2.71,12,82.082192
2.71,12,82.093976
2.71,12,82.108233
2.71,12,82.119595
2.71,12,82.130806
2.71,12,82.142157
2.71,12,82.163196
2.71,12,82.173494
2.71,12,82.182812
2.71,12,82.191976
2.71,12,82.201138
2.71,12,82.210794
2.71,12,82.220161
2.71,12,82.229151
2.71,14,82.239757
2.71,12,82.248904
2.71,12,82.257984
2.71,12,82.267065
2.71,12,82.278731
2.71,12,82.290116
2.71,12,82.301422
2.71,12,82.312839
2.71,12,82.32448
2.71,12,82.335823
2.71,12,82.347106
2.71,12,82.363703
2.71,12,82.374387
2.71,12,82.383444
2.71,12,82.393599
2.71,12,82.403195
2.71,12,83.676828
2.71,12,83.687736
2.71,12,83.696818
2.71,14,83.707077
2.71,12,83.716031
2.71,12,83.725127
2.71,12,83.734036
2.71,14,83.744455
2.71,12,83.753688
2.71,12,83.762532
2.71,12,83.771468
2.71,12,83.780457
2.71,12,83.789314
2.71,12,83.798197
2.71,12,83.807073
2.71,16,83.819197
2.71,12,83.828019
2.71,12,83.836905
2.71,12,83.845917
2.71,14,83.85794
2.71,12,83.866766
2.71,12,83.878315
2.71,12,83.891639
2.71,12,83.901953
2.71,12,83.911057
2.71,12,83.920383
2.71,12,83.92936
2.71,12,83.938918
2.71,12,83.948057
2.71,12,83.960251
2.71,12,83.969752
2.71,12,83.979225
2.71,12,83.989036
2.71,12,83.999053
2.71,12,84.00801
2.71,12,84.016947
2.71,12,84.025879
2.71,12,84.0349
2.71,12,84.043832
2.71,12,84.052839
2.71,12,84.061827
2.71,12,84.070742
2.71,12,84.079674
2.71,12,84.088579
2.71,12,84.097445
2.71,12,84.106208
2.71,12,84.115095
2.71,12,84.124032
2.71,12,84.13295
2.71,14,84.143163
0.23,14,84.15379
2.71,12,84.162719
2.71,12,84.171515
2.71,12,84.180619
2.71,12,84.189588
2.71,12,84.198752
2.71,12,84.207611
2.71,12,84.216826
2.71,12,84.234549
2.71,12,84.243436
2.71,12,84.25279
2.71,12,84.261803
2.71,12,84.270635
2.71,12,84.279518
2.71,12,84.288563
2.71,12,84.297492
2.71,12,84.306422
2.71,12,84.315316
2.71,12,84.324232
2.71,12,84.333161
2.71,12,84.342039
2.71,12,84.351111
2.71,12,84.359941
2.71,12,84.368805
2.71,12,84.377823
2.71,12,84.386723
2.71,12,84.396462
2.71,12,84.405478
2.71,12,84.414422
2.71,12,84.423451
2.71,12,84.437467
2.71,12,84.446452
2.71,12,84.455525
2.71,12,84.464418
2.71,12,84.476196
2.71,12,84.487386
2.71,12,84.496674
2.71,12,84.506056
2.71,12,84.518805
2.71,12,84.529703
2.71,12,84.539389
2.71,14,84.550703
2.71,12,84.559794
2.71,12,84.568743
2.71,12,84.578752
2.71,12,84.588372
2.71,12,84.597423
2.71,12,84.60675
2.71,12,84.615795
2.71,12,84.624833
2.71,12,84.63377
2.71,12,84.643711
2.71,12,84.655232
2.71,14,84.666771
2.71,12,84.676907
2.71,12,84.686077
2.71,12,84.695148
2.71,14,84.705578
2.71,12,84.714561
2.71,12,84.723756
2.71,12,84.732789
2.71,12,84.742029
2.71,12,84.751091
2.71,12,84.762904
2.71,12,84.77187
2.71,12,84.78098
2.71,12,84.790004
2.71,12,84.799165
2.71,12,84.808356
2.71,12,84.817485
2.71,12,84.826713
2.71,12,84.836228
2.71,14,84.847029
2.71,12,84.85753
2.71,12,84.866753
2.71,12,84.875793
2.71,12,84.884726
2.71,12,84.893639
2.71,12,84.906966
2.71,12,84.919622
2.71,12,84.928936
2.71,12,84.93796
2.71,12,84.947078
2.71,12,84.956442
2.71,12,84.966069
2.71,12,84.975493
2.71,12,84.984519
2.71,12,84.993421
2.71,12,85.002451
2.71,14,85.01282
2.71,12,85.030836
2.71,12,85.039801
2.71,12,85.048808
2.71,12,85.057914
2.71,12,85.066777
2.71,12,85.075798
2.71,12,85.084606
0.15,14,85.095066
2.71,12,85.103874
2.71,12,85.112733
2.71,12,85.12194
2.71,12,85.130776
2.71,12,85.13978
2.71,12,85.149813
2.71,12,85.158828
2.71,12,85.16817
2.71,12,85.178842
2.71,12,85.191248
2.71,12,85.201018
2.71,12,85.210304
2.71,12,85.219899
2.71,12,85.23162
2.71,12,85.242172
2.71,12,85.251517
2.71,12,85.260545
2.71,12,85.269577
2.71,12,85.279047
2.71,12,85.288024
2.71,12,85.29719
2.71,12,86.467705
2.71,12,86.476876
2.71,12,86.485904
0.12,16,86.497774
2.71,12,86.506839
0.11,14,86.517597
2.71,12,86.526811
2.71,12,86.535887
2.71,12,86.544969
2.71,12,86.554327
2.71,12,86.563384
2.71,12,86.572448
2.71,12,86.58173
2.71,12,86.590751
2.71,12,86.600011
2.71,12,86.609001
2.71,12,86.618148
2.71,12,86.631756
2.71,12,86.641001
2.71,12,86.650077
2.71,12,86.659127
2.71,12,86.668042
2.71,12,86.678276
2.71,12,86.687466
2.71,12,86.696576
2.71,12,86.705684
2.71,14,86.716081
2.71,12,86.725223
2.71,12,86.734719
2.71,12,86.743939
2.71,14,86.754585
2.71,12,86.763805
2.71,12,86.772931
2.71,12,86.782152
2.71,12,86.791163
2.71,12,86.80019
2.71,12,86.809729
2.71,12,86.819634
2.71,12,86.828788
2.71,12,86.837979
2.71,12,86.84827
2.71,12,86.857741
2.71,12,86.866628
2.71,12,86.875509
2.71,12,86.884923
2.71,12,86.894499
2.71,12,86.903463
2.71,12,86.912276
2.71,12,86.921133
2.71,12,86.930504
2.71,12,86.942686
2.71,12,86.956372
2.71,12,86.968246
2.71,12,86.977994
2.71,12,86.996999
2.71,12,87.005936
2.71,12,87.014965
2.71,12,87.023801
2.71,12,87.032712
2.71,12,87.041579
2.71,12,87.050786
2.71,12,87.059752
2.71,12,87.069163
2.71,12,87.078766
2.71,12,87.088011
2.71,12,87.097055
2.71,12,87.106069
2.71,12,87.115085
0.1,20,87.129499
2.71,12,87.138683
2.71,12,87.147729
2.71,12,87.157077
2.71,12,87.166026
2.71,12,87.174931
2.71,12,87.184036
2.71,12,87.197199
2.71,12,87.206333
2.71,12,87.215275
2.71,12,87.227119
2.71,12,87.238723
2.71,12,87.250212
2.71,12,87.261544
2.71,12,87.273084
2.71,12,87.284464
2.71,12,87.295869
2.71,14,87.309011
2.71,12,87.320372
2.71,12,87.33213
2.71,12,87.343403
2.71,12,87.354869
2.71,12,87.366102
2.71,12,87.377467
2.71,12,87.388622
2.71,12,87.401095
2.71,12,87.412595
2.71,12,87.42376
2.71,12,87.433777
2.71,12,87.443426
2.71,12,87.452561
2.71,12,87.461457
2.71,16,87.473077
2.71,12,87.482097
2.71,12,87.491006
2.71,12,87.500273
2.71,12,87.509187
2.71,12,87.518121
0.1,26,87.543308
2.71,12,87.554125
2.71,12,87.56368
2.71,12,87.573184
2.71,12,87.582834
2.71,12,87.591758
2.71,12,87.600759
2.71,12,87.61042
2.71,12,87.619466
2.71,12,87.628625
2.71,12,87.637438
2.71,12,87.64681
2.71,12,87.656335
2.71,12,87.665481
2.71,14,87.677329
2.71,12,87.686629
2.71,12,87.695759
2.71,12,87.70498
2.71,12,87.714102
2.71,12,87.723166
2.71,12,87.732605
2.71,12,87.746733
2.71,12,87.75609
2.71,12,87.765141
2.71,12,87.774233
2.71,12,87.783465
0.11,14,87.793994
2.71,12,87.803496
2.71,14,87.823612
2.71,12,87.833045
2.71,12,87.842121
2.71,12,87.853725
2.71,12,87.862848
2.71,12,87.8752
2.71,12,87.884278
2.71,12,87.893405
2.71,12,87.902486
2.71,12,87.911717
2.71,12,87.920776
2.71,12,87.929748
2.71,12,87.938747
2.71,12,87.948181
2.71,12,87.957289
2.71,12,87.96728
2.71,12,87.981474
2.71,12,87.993354
2.71,12,88.002741
2.71,14,88.013217
2.71,12,88.030753
2.71,14,88.041391
2.71,12,88.051114
2.71,12,88.060704
2.71,12,88.069747
2.71,14,88.080142
2.71,12,88.089149
2.71,12,88.098439
0.11,20,88.11298
2.71,12,88.122009
2.71,12,88.131689
2.71,12,88.140959
2.71,12,89.380776
2.71,12,89.390574
2.71,12,89.399552
2.71,12,89.409579
2.71,12,89.418634
2.71,12,89.427727
2.71,12,89.436752
2.71,12,89.445702
2.71,12,89.454921
2.71,12,89.464015
2.71,12,89.473124
2.71,12,89.482175
2.71,12,89.491171
2.71,12,89.500117
2.71,14,89.51048
2.71,12,89.519712
2.71,12,89.528556
2.71,12,89.537558
2.71,12,89.546678
2.71,12,89.555971
2.71,12,89.564889
2.71,12,89.573834
2.71,12,89.583043
2.71,12,89.592056
2.71,12,89.601197
2.71,12,89.610168
2.71,12,89.619276
2.71,12,89.628236
2.71,12,89.640283
2.71,12,89.649725
2.71,12,89.658737
2.71,12,89.667845
2.71,12,89.67943
2.71,12,89.689052
2.71,12,89.698459
2.71,12,89.708057
2.71,12,89.717816
2.71,12,89.727314
2.71,12,89.736624
2.71,12,89.745525
2.71,12,89.75454
2.71,12,89.763749
2.71,12,89.7729
2.71,12,89.782338
2.71,12,89.79131
2.71,12,89.800246
2.71,14,89.810539
2.71,12,89.819489
2.71,12,89.828612
2.71,12,89.837728
2.71,12,89.858831
2.71,12,89.867817
2.71,12,89.876913
2.71,12,89.886002
2.71,12,89.895122
2.71,12,89.904272
2.71,12,89.913203
2.71,12,89.922212
2.71,12,89.931231
2.71,12,89.940441
2.71,12,89.950146
2.71,12,89.959865
2.71,12,89.969003
2.71,12,89.978179
2.71,12,89.992102
2.71,12,90.001327
2.71,12,90.010394
2.71,12,90.022871
2.71,12,90.036076
2.71,12,90.045249
2.71,12,90.059757
2.71,12,90.112108
2.71,12,90.164632
2.71,12,90.210502
2.71,12,90.242929
2.71,12,90.304978
2.71,12,90.360934
2.71,12,90.400876
2.71,12,90.455833
2.71,12,90.531483
2.71,12,90.555317
2.71,12,90.59087
2.71,12,90.605344
2.71,14,90.621624
2.71,12,90.665774
2.71,12,90.695398
2.71,12,90.715776
2.71,12,90.725049
2.71,12,90.734462
2.71,12,90.743856
2.71,12,90.753148
2.71,12,90.762767
2.71,12,90.772064
2.71,12,90.781486
2.71,14,90.79218
2.71,12,90.802061
2.71,12,90.812328
2.71,12,90.821792
2.71,12,90.831053
2.71,12,90.840339
2.71,12,90.852896
2.71,12,90.862584
2.71,12,90.872278
2.71,12,90.88145
2.71,12,90.890598
2.71,12,90.899738
2.71,12,90.908831
2.71,12,90.923199
2.71,12,90.932308
2.71,12,90.941434
2.71,12,90.950737
2.71,12,90.959952
2.71,12,90.969
2.71,12,90.979049
2.71,12,90.988995
2.71,12,90.998069
2.71,12,91.007105
2.71,12,91.016168
2.71,12,91.025224
2.71,12,91.034197
2.71,12,91.046915
2.71,12,91.059721
2.71,12,91.068853
2.71,12,91.077795
2.71,14,91.088555
2.71,12,91.099298
2.71,12,91.110351
2.71,12,91.119344
2.71,12,91.128403
2.71,12,91.137393
2.71,12,91.146277
2.71,12,91.155617
2.71,12,91.164598
2.71,12,91.183957
2.71,12,91.19314
2.71,12,91.202337
2.71,12,91.211473
2.71,12,91.220686
2.71,12,91.229739
2.71,12,91.239156
2.71,12,91.248733
2.71,12,91.257922
2.71,12,91.266997
2.71,12,91.275997
2.71,12,91.284986
2.71,12,91.29401
2.71,12,91.303033
2.71,12,91.312254
2.71,12,91.321478
2.71,12,91.330677
2.71,12,91.339792
2.71,12,91.349148
2.71,12,91.358702
2.71,12,91.36794
2.71,12,91.382114
2.71,12,91.391607
2.71,12,91.401335
2.71,12,91.41163
2.71,12,91.420913
2.71,12,91.430467
2.71,12,91.439535
2.71,12,91.455424
2.71,12,91.472876
2.71,12,91.483234
2.71,12,91.493104
2.71,12,91.502237
2.71,12,91.511231
2.71,12,91.520402
2.71,12,91.529339
2.71,12,92.708411
2.71,12,92.717546
2.71,12,92.726518
2.71,12,92.735766
2.71,12,92.744734
2.71,12,92.753626
2.71,12,92.76349
2.71,12,92.772618
2.71,12,92.781998
2.71,12,92.791157
2.71,12,92.800187
2.71,12,92.809199
0.1,16,92.821745
2.71,12,92.831247
2.71,12,92.842955
2.71,14,92.856089
2.71,12,92.86516
2.71,12,92.874156
2.71,12,92.883042
2.71,12,92.89194
2.71,12,92.900752
2.71,12,92.90979
2.71,12,92.919435
2.71,12,92.928594
2.71,12,92.937845
2.71,12,92.947534
2.71,12,92.9572
2.71,12,92.969099
2.71,12,92.980426
2.71,14,92.993781
2.71,12,93.005139
2.71,12,93.016595
2.71,12,93.025985
2.71,12,93.035166
2.71,12,93.044229
2.71,12,93.053463
2.71,12,93.062622
2.71,12,93.071751
2.71,12,93.081
2.71,12,93.093879
2.71,12,93.10649
2.71,12,93.115911
2.71,12,93.124932
2.71,12,93.133958
2.71,12,93.143099
2.71,12,93.152242
2.71,12,93.169821
2.71,12,93.178974
2.71,12,93.188054
2.71,12,93.197132
2.71,12,93.206489
2.71,12,93.215583
2.71,12,93.224635
2.71,12,93.233767
2.71,12,93.242888
0.1,14,93.253423
2.71,12,93.262794
2.71,12,93.271924
2.71,12,93.281019
2.71,12,93.290091
2.71,12,93.299469
2.71,12,93.308416
2.71,12,93.317402
0.13,16,93.329193
2.71,12,93.338196
2.71,12,93.347148
2.71,12,93.356557
2.71,12,93.365627
2.71,12,93.379633
2.71,12,93.388842
2.71,12,93.398018
2.71,12,93.40738
2.71,12,93.417345
2.71,12,93.426764
2.71,12,93.435846
2.71,12,93.444877
2.71,12,93.454029
2.71,12,93.463146
2.71,12,93.472186
2.71,12,93.481144
2.71,12,93.49025
2.71,12,93.499816
2.71,12,93.509092
2.71,12,93.518087
0.1,22,93.534107
2.71,12,93.543532
2.71,12,93.552614
2.71,12,93.565478
2.71,12,93.574275
2.71,12,93.583846
2.71,12,93.593541
2.71,12,93.603378
2.71,12,93.612499
2.71,12,93.621689
2.71,12,93.630852
2.71,12,93.640259
2.71,12,93.649707
2.71,12,93.658746
2.71,12,93.667783
2.71,12,93.680125
2.71,14,93.69341
2.71,12,93.704769
2.71,12,93.723901
2.71,12,93.736226
2.71,12,93.745489
2.71,12,93.754792
2.71,12,93.76408
2.71,12,93.773746
2.71,12,93.782953
2.71,14,93.793965
2.71,12,93.803813
2.71,12,93.812947
2.71,12,93.822171
2.71,12,93.831229
2.71,12,93.840341
2.71,12,93.851589
2.71,12,93.86169
2.71,12,93.87089
2.71,12,93.879852
2.71,12,93.888748
2.71,12,93.897778
2.71,12,93.906667
2.71,12,93.915485
2.71,12,93.924327
2.71,12,93.933243
2.71,12,93.942094
2.71,12,93.951092
2.71,12,93.959873
2.71,12,93.977693
0.23,14,93.988151
2.71,12,93.99708
2.71,12,94.00589
2.71,12,94.014724
2.71,12,94.023708
2.71,12,94.03244
2.71,14,94.042708
2.71,12,94.051684
2.71,12,94.060626
2.71,12,94.069465
2.71,12,94.078309
2.71,12,94.088942
2.71,12,94.098053
2.71,12,94.108419
2.71,12,94.121551
2.71,12,94.132551
2.71,12,94.141459
2.71,12,94.150474
2.71,12,94.159714
2.71,12,94.168758
2.71,12,94.181603
2.71,12,94.190816
2.71,12,94.199804
2.71,12,94.20869
2.71,12,94.21751
2.71,12,94.226791
2.71,12,94.23578
2.71,12,94.244676
2.71,12,94.253842
2.71,12,94.26279
2.71,12,94.271675
2.71,12,94.280556
2.71,12,94.289409
2.71,12,94.298262
2.71,12,94.307089
2.71,12,94.316049
2.71,12,94.325162
2.71,12,94.334008
2.71,12,94.342849
2.71,12,95.535502
2.71,14,95.545888
2.71,12,95.557518
2.71,12,95.569215
2.71,12,95.580518
2.71,12,95.591143
2.71,12,95.600297
2.71,12,95.609521
2.71,12,95.618742
2.71,12,95.627831
2.71,12,95.636914
2.71,12,95.646239
2.71,12,95.655248
2.71,12,95.66428
2.71,12,95.674783
2.71,12,95.684041
2.71,12,95.693069
2.71,12,95.702066
2.71,12,95.711173
2.71,12,95.722614
2.71,12,95.732442
2.71,12,95.74182
2.71,12,95.750785
2.71,12,95.759784
2.71,12,95.769009
2.71,12,95.777869
2.71,12,95.786915
2.71,12,95.795997
2.71,12,95.804898
2.71,12,95.813937
2.71,12,95.823017
2.71,12,95.831947
2.71,12,95.841752
2.71,12,95.852862
2.71,12,95.861741
2.71,12,95.872436
2.71,12,95.88568
2.71,12,95.898599
2.71,12,95.911755
2.71,12,95.921448
2.71,12,95.930803
2.71,12,95.939719
2.71,12,95.949072
2.71,12,95.967371
2.71,12,95.97622
2.71,12,95.985003
2.71,12,95.99401
2.71,12,96.002769
2.71,12,96.011488
2.71,12,96.020293
2.71,12,96.029297
2.71,12,96.038489
2.71,12,96.047355
2.71,12,96.056393
2.71,12,96.066365
2.71,12,96.075443
2.71,12,96.084322
2.71,12,96.093387
2.71,12,96.102266
2.71,12,96.111196
2.71,12,96.120849
2.71,12,96.130345
2.71,12,96.139801
2.71,12,96.149025
2.71,12,96.164331
2.71,12,96.178001
2.71,12,96.188312
2.71,12,96.197227
2.71,12,96.206272
2.71,12,96.215285
2.71,12,96.224288
2.71,12,96.235613
2.71,12,96.24528
2.71,12,96.255513
2.71,12,96.267319
2.71,12,96.278741
2.71,12,96.290025
2.71,12,96.301503
2.71,12,96.313233
2.71,12,96.324777
2.71,12,96.336505
2.71,12,96.347769
2.71,12,96.362847
2.71,12,96.374266
2.71,12,96.385805
2.71,12,96.395256
2.71,12,96.404701
2.71,12,96.414322
0.12,16,96.426864
2.71,12,96.435797
2.71,12,96.444687
2.71,12,96.453571
2.71,12,96.462737
2.71,12,96.471608
2.71,12,96.480635
2.71,12,96.489442
2.71,12,96.498339
2.71,12,96.507315
2.71,12,96.518307
2.71,12,96.52953
2.71,12,96.538703
2.71,12,96.547856
2.71,12,96.55707
2.71,12,96.56872
2.71,12,96.584598
2.71,12,96.596148
2.71,12,96.607409
2.71,12,96.619241
2.71,12,96.635277
2.71,12,96.646772
2.71,12,96.658186
2.71,12,96.669451
2.71,12,96.681793
2.71,12,96.690978
2.71,12,96.700588
2.71,12,96.709756
2.71,12,96.718872
2.71,12,96.727951
2.71,14,96.739791
2.71,12,96.748948
2.71,12,96.758233
2.71,12,96.767775
2.71,12,96.77696
2.71,14,96.787493
2.71,12,96.796583
0.1,30,96.828378
2.71,12,96.837757
2.71,12,96.848629
2.71,12,96.858152
2.71,12,96.869061
2.71,12,96.879706
2.71,12,96.889011
2.71,12,96.898119
2.71,12,96.907317
2.71,12,96.916418
2.71,12,96.925419
2.71,12,96.934509
2.71,12,96.943911
2.71,12,96.95333
2.71,12,96.962403
2.71,12,96.971557
2.71,12,96.980762
2.71,12,96.989926
2.71,12,96.998884
2.71,12,97.007965
2.71,12,97.019925
2.71,12,97.030054
2.71,12,97.039033
2.71,12,97.048204
2.71,12,97.057186
2.71,12,97.066262
2.71,12,97.07534
2.71,12,97.084312
2.71,12,97.093453
2.71,12,97.102452
2.71,12,97.111559
2.71,12,97.120565
2.71,12,97.129548
2.71,12,97.138618
2.71,12,97.147636
2.71,12,97.156807
2.71,12,97.167545
2.71,12,97.178019
2.71,12,97.190003
2.71,12,97.203232
2.71,12,97.212937
2.71,12,97.222082
2.71,12,97.231189
2.71,12,97.240183
2.71,12,98.459178
2.71,12,98.468221
2.71,12,98.477679
2.71,12,98.48693
2.71,12,98.49586
2.71,12,98.504777
2.71,12,98.514102
2.71,12,98.523142
2.71,12,98.532202
2.71,12,98.541246
2.71,12,98.55025
2.71,12,98.559229
0.14,14,98.569602
2.71,12,98.578635
2.71,12,98.587826
2.71,12,98.597001
2.71,12,98.606173
2.71,12,98.615259
2.71,12,98.624392
2.71,12,98.633499
2.71,12,98.642581
2.71,12,98.651844
2.71,12,98.661627
2.71,12,98.671228
2.71,12,98.681047
2.71,12,98.689952
2.71,12,98.698908
2.71,12,98.707839
2.71,12,98.716821
2.71,12,98.726331
2.71,12,98.735744
2.71,12,98.744809
2.71,12,98.753885
2.71,12,98.763068
2.71,12,98.772223
2.71,12,98.781934
2.71,12,98.793428
2.71,12,98.803886
2.71,12,98.823394
2.71,12,98.833398
2.71,12,98.842929
2.71,12,98.854728
2.71,12,98.863984
2.71,12,98.873297
2.71,12,98.882739
2.71,12,98.892155
2.71,12,98.90133
2.71,12,98.910551
2.71,12,98.919831
2.71,12,98.929008
2.71,12,98.938112
2.71,12,98.947238
2.71,12,98.956668
2.71,12,98.965806
2.71,12,98.975916
2.71,12,98.98567
2.71,12,98.994959
2.71,12,99.003936
2.71,12,99.012972
2.71,12,99.025979
2.71,12,99.036483
2.71,12,99.045575
2.71,14,99.056207
2.71,12,99.065315
2.71,12,99.074856
2.71,12,99.08394
2.71,12,99.093028
2.71,14,99.103562
2.71,12,99.112585
2.71,12,99.121753
2.71,12,99.130891
2.71,12,99.13988
2.71,12,99.149043
0.1,14,99.159809
2.71,12,99.168934
2.71,12,99.178434
2.71,12,99.187614
2.71,12,99.197257
2.71,12,99.206413
2.71,12,99.21536
2.71,12,99.224302
2.71,12,99.23632
2.71,12,99.249651
2.71,12,99.259289
2.71,12,99.268249
2.71,12,99.277323
2.71,14,99.287969
2.71,12,99.296885
2.71,12,99.305815
2.71,12,99.314816
2.71,12,99.325443
2.71,12,99.335319
2.71,12,99.34421
2.71,12,99.353314
2.71,12,99.362598
2.71,12,99.371523
0.22,14,99.382206
2.71,12,99.39113
2.71,12,99.400128
2.71,12,99.409266
2.71,12,99.418292
2.71,12,99.428213
2.71,12,99.43728
2.71,12,99.446284
2.71,12,99.455422
2.71,12,99.464321
2.71,12,99.473227
2.71,14,99.483565
2.71,12,99.492552
2.71,12,99.501448
2.71,12,99.510988
2.71,12,99.520056
2.71,12,99.529048
2.71,12,99.538031
2.71,12,99.547123
2.71,12,99.556229
2.71,12,99.56515
2.71,12,99.574288
2.71,12,99.586411
2.71,12,99.596189
2.71,12,99.605026
2.71,12,99.623545
2.71,12,99.632839
2.71,12,99.641789
2.71,12,99.650774
2.71,12,99.659765
2.71,12,99.668935
2.71,12,99.678925
2.71,12,99.688054
2.71,12,99.69705
2.71,12,99.705922
2.71,12,99.714898
2.71,12,99.723829
2.71,12,99.732743
2.71,12,99.741968
2.71,12,99.750842
2.71,12,99.759764
2.71,12,99.768797
2.71,12,99.777946
2.71,12,99.78694
2.71,12,99.796041
2.71,12,99.804886
2.71,12,99.81731
2.71,12,99.828164
2.71,12,99.837263
2.71,12,99.846869
2.71,12,99.857718
2.71,12,99.867125
2.71,12,99.876771
2.71,12,99.886364
2.71,12,99.895404
2.71,12,99.904437
2.71,12,99.916444
2.71,12,99.925518
2.71,12,99.934892
2.71,12,99.943966
2.71,12,99.953682
2.71,12,99.966994
2.71,14,99.982087
2.71,12,99.991471
2.71,12,100.000727
2.71,12,100.010383
2.71,12,100.019627
2.71,12,100.02875
2.71,12,100.03838
2.71,12,100.047379
2.71,12,100.056566
2.71,12,100.065917
0.11,18,100.079023
2.71,12,101.315281
2.71,12,101.32498
2.71,12,101.334385
2.71,12,101.343395
0.17,14,101.353996
2.71,12,101.363217
2.71,12,101.372125
2.71,12,101.381297
2.71,12,101.393754
2.71,14,101.40498
2.71,12,101.414665
2.71,12,101.423799
2.71,12,101.434433
2.71,12,101.446249
2.71,12,101.455873
2.71,12,101.465188
2.71,12,101.474849
2.71,12,101.483909
2.71,12,101.493194
2.71,12,101.502547
2.71,12,101.512121
2.71,12,101.522001
2.71,12,101.53102
2.71,12,101.540045
2.71,12,101.548958
2.71,12,101.558946
2.71,12,101.568115
0.1,32,101.592282
2.71,12,101.601563
2.71,12,101.610629
2.71,12,101.619522
2.71,12,101.628294
2.71,12,101.646076
2.71,12,101.65497
2.71,12,101.663843
2.71,12,101.673512
2.71,12,101.682679
2.71,12,101.691842
2.71,12,101.700935
2.71,12,101.709949
2.71,12,101.719037
2.71,12,101.728088
2.71,12,101.737747
2.71,12,101.747201
2.71,12,101.756735
2.71,12,101.766006
2.71,12,101.775533
2.71,12,101.784719
2.71,12,101.796477
2.71,12,101.807068
2.71,12,101.816693
2.71,12,101.828521
2.71,14,101.841289
2.71,12,101.853157
2.71,12,101.862698
2.71,12,101.871795
2.71,12,101.880933
2.71,12,101.88992
2.71,12,101.89896
2.71,12,101.907872
2.71,12,101.917872
2.71,12,101.926953
2.71,12,101.935851
2.71,12,101.944779
2.71,12,101.953839
2.71,12,101.96275
2.71,12,101.971547
2.71,12,101.980874
2.71,12,101.99048
2.71,12,102.000135
2.71,12,102.009214
2.71,12,102.018294
2.71,12,102.027374
2.71,12,102.036427
2.71,12,102.045625
2.71,12,102.054975
2.71,12,102.064146
2.71,12,102.073268
2.71,12,102.082942
0.1,18,102.098328
2.71,12,102.107534
2.71,12,102.116909
2.71,12,102.12598
2.71,12,102.135026
2.71,12,102.144003
2.71,12,102.153208
2.71,12,102.162215
2.71,12,102.171373
2.71,12,102.180765
2.71,12,102.189739
2.71,12,102.198878
2.71,12,102.207874
2.71,12,102.217177
2.71,12,102.226201
2.71,12,102.235427
2.71,12,102.244453
2.71,12,102.253591
2.71,12,102.262619
2.71,12,102.271626
2.71,12,102.280766
2.71,12,102.289821
2.71,12,102.30033
2.71,12,102.313837
2.71,12,102.325065
2.71,12,102.334103
2.71,12,102.343054
2.71,12,102.352181
2.71,12,102.361242
2.71,12,102.370275
2.71,12,102.379405
2.71,12,102.388798
2.71,12,102.397902
2.71,12,102.406847
2.71,12,102.415746
2.71,12,102.424678
2.71,12,102.44304
2.71,12,102.452208
2.71,12,102.4612
2.71,12,102.470155
2.71,12,102.479162
2.71,12,102.488202
2.71,12,102.497192
2.71,12,102.506168
2.71,12,102.515252
2.71,12,102.524282
2.71,12,102.533318
2.71,12,102.542328
2.71,12,102.551441
2.71,12,102.560537
2.71,12,102.569524
2.71,12,102.578781
2.71,12,102.587782
2.71,12,102.602491
2.71,12,102.613752
2.71,12,102.622942
2.71,12,102.631971
2.71,12,102.644482
2.71,12,102.653619
2.71,12,102.662668
2.71,14,102.673666
2.71,12,102.682929
2.71,12,102.691949
2.71,12,102.700955
2.71,12,102.710168
2.71,12,102.719233
2.71,12,102.72824
2.71,12,102.73757
2.71,12,102.746735
2.71,12,102.755909
2.71,12,102.765033
2.71,14,102.775558
0.13,14,102.786106
2.71,12,102.795211
2.71,12,102.804296
2.71,12,102.814339
2.71,12,102.825964
2.71,12,102.836366
2.71,12,102.845441
2.71,12,102.856709
2.71,12,102.865624
2.71,12,102.874599
2.71,12,102.883592
2.71,12,102.892507
2.71,12,102.901907
2.71,12,102.910721
2.71,12,102.919483
2.71,12,102.928303
2.71,12,104.115227
2.71,12,104.125048
2.71,12,104.13417
2.71,12,104.143142
2.71,12,104.152802
2.71,12,104.161934
2.71,12,104.171003
2.71,12,104.180108
2.71,12,104.189337
2.71,12,104.198503
2.71,12,104.207752
2.71,12,104.216864
2.71,12,104.225929
2.71,12,104.235153
2.71,12,104.244186
2.71,12,104.253352
2.71,12,104.262336
2.71,12,104.271465
2.71,12,104.2805
2.71,12,104.289374
2.71,12,104.298449
2.71,12,104.307847
2.71,12,104.316978
2.71,12,104.325752
2.71,12,104.334724
2.71,12,104.343673
2.71,12,104.356775
2.71,12,104.368692
2.71,14,104.378969
2.71,12,104.387932
2.71,12,104.39682
2.71,14,104.424946
2.71,12,104.434005
2.71,12,104.444074
2.71,12,104.453132
2.71,12,104.465626
2.71,12,104.476964
2.71,12,104.48827
2.71,12,104.499547
2.71,12,104.510935
2.71,12,104.522367
2.71,12,104.53361
2.71,14,104.546705
2.71,12,104.557864
2.71,12,104.569044
2.71,12,104.580394
2.71,12,104.591635
2.71,12,104.602954
2.71,12,104.620324
2.71,12,104.631939
2.71,12,104.643209
2.71,12,104.654349
2.71,12,104.665566
2.71,12,104.677293
2.71,12,104.686716
2.71,12,104.697504
2.71,12,104.707817
2.71,12,104.717252
2.71,14,104.727679
2.71,12,104.737166
2.71,12,104.746177
2.71,12,104.755201
2.71,12,104.764455
2.71,12,104.773547
2.71,12,104.782706
2.71,12,104.791915
2.71,12,104.801353
2.71,12,104.81035
2.71,12,104.819823
2.71,12,104.828846
2.71,12,104.838008
2.71,12,104.848361
2.71,12,104.857823
2.71,12,104.867423
2.71,12,104.876455
2.71,12,104.885998
0.14,14,104.896626
2.71,12,104.906316
2.71,12,104.915519
2.71,12,104.925099
2.71,12,104.934186
2.71,12,104.943252
2.71,12,104.952752
2.71,14,104.963146
2.71,12,104.973487
2.71,12,104.983801
2.71,12,104.992821
2.71,12,105.002024
2.71,12,105.011148
2.71,12,105.020548
2.71,12,105.029576
2.71,12,105.038612
2.71,12,105.048165
2.71,12,105.057395
2.71,12,105.06643
2.71,12,105.075443
2.71,12,105.084315
2.71,12,105.093302
2.71,12,105.102187
2.71,12,105.111444
2.71,12,105.120323
2.71,12,105.129146
0.13,32,105.153624
2.71,12,105.163242
2.71,12,105.172577
2.71,12,105.181771
2.71,12,105.190892
2.71,12,105.200217
2.71,12,105.209239
2.71,12,105.218581
2.71,12,105.228435
2.71,12,105.246388
2.71,12,105.255544
2.71,12,105.264526
2.71,12,105.273885
2.71,12,105.282849
2.71,12,105.291883
2.71,12,105.301009
2.71,12,105.309934
2.71,12,105.319242
2.71,12,105.328189
2.71,12,105.3374
2.71,12,105.346317
2.71,12,105.357839
2.71,12,105.370346
2.71,12,105.383527
2.71,12,105.394295
2.71,12,105.403611
2.71,12,105.413182
2.71,12,105.422256
2.71,12,105.43118
2.71,12,105.441341
2.71,12,105.450524
2.71,12,105.459489
2.71,12,105.468463
2.71,12,105.477464
2.71,12,105.486465
2.71,12,105.495409
2.71,12,105.504328
2.71,12,105.513216
2.71,12,105.522411
2.71,12,105.531369
2.71,12,105.540308
2.71,12,105.549318
2.71,12,105.558257
2.71,12,105.567375
2.71,12,105.576406
2.71,12,105.585816
2.71,12,105.594905
2.71,12,105.604149
2.71,12,105.613948
2.71,12,105.628857
2.71,12,105.638124
2.71,12,105.650033
2.71,12,105.659868
2.71,12,105.66892
2.71,12,105.678718
2.71,12,105.687734
2.71,12,105.69675
2.71,12,105.70574
2.71,12,105.714892
2.71,12,105.72401
2.71,12,105.733015
2.71,12,105.742585
2.71,12,105.751562
2.71,12,105.76053
2.71,12,105.76953
0.23,14,105.780364
0.14,14,106.982995
2.71,12,106.992164
2.71,12,107.001188
2.71,12,107.010256
2.71,12,107.019486
2.71,12,107.02844
2.71,12,107.037489
2.71,12,107.046495
2.71,12,107.0557
2.71,12,107.064766
2.71,12,107.073787
2.71,12,107.082854
2.71,12,107.091876
2.71,12,107.101026
2.71,12,107.110005
2.71,12,107.118995
2.71,12,107.128356
2.71,12,107.137382
2.71,12,107.146335
2.71,12,107.15548
2.71,12,107.164364
2.71,12,107.173353
2.71,12,107.182407
2.71,12,107.191421
2.71,12,107.20042
2.71,12,107.209505
2.71,14,107.229113
2.71,12,107.238267
2.71,12,107.247223
2.71,12,107.256339
2.71,12,107.26529
2.71,12,107.274258
2.71,12,107.283306
2.71,12,107.292246
2.71,12,107.301242
2.71,12,107.31033
2.71,12,107.319525
2.71,12,107.328444
2.71,12,107.33759
2.71,12,107.346519
2.71,12,107.35585
2.71,12,107.364819
2.71,12,107.373758
2.71,12,107.382759
2.71,12,107.39178
2.71,12,107.400755
2.71,12,107.409992
2.71,12,107.426725
2.71,12,107.440725
2.71,12,107.450512
2.71,12,107.459493
2.71,12,107.470099
0.08,26,107.489255
2.71,12,107.498313
2.71,12,107.507389
0.23,14,107.517908
2.71,12,107.527045
2.71,12,107.536024
2.71,12,107.545093
2.71,12,107.554036
2.71,12,107.563025
2.71,12,107.572025
2.71,12,107.581027
2.71,12,107.590044
2.71,12,107.599047
2.71,12,107.608201
2.71,12,107.617297
2.71,12,107.626725
2.71,12,107.635845
2.71,12,107.647902
2.71,12,107.657218
2.71,12,107.666414
2.71,12,107.676391
2.71,12,107.685488
2.71,12,107.694335
2.71,12,107.703402
2.71,12,107.712425
2.71,12,107.721528
2.71,12,107.730791
2.71,12,107.739977
2.71,12,107.748975
2.71,12,107.757997
2.71,12,107.76685
2.71,12,107.775925
2.71,12,107.784987
2.71,12,107.79397
2.71,12,107.803185
2.71,12,107.812064
2.71,12,107.821177
2.71,12,107.830372
2.71,12,107.839381
2.71,12,107.850527
0.14,16,107.862672
2.71,12,107.871677
2.71,12,107.880755
2.71,12,107.889814
0.13,14,107.900314
2.71,12,107.90916
2.71,12,107.918169
2.71,12,107.9273
2.71,12,107.937506
2.71,12,107.949063
2.71,12,107.960428
2.71,12,107.9716
2.71,12,107.982843
2.71,12,107.994289
2.71,12,108.008072
2.71,12,108.019437
2.71,12,108.040771
2.71,12,108.049994
2.71,12,108.05997
2.71,12,108.069687
2.71,12,108.078996
2.71,12,108.088203
2.71,12,108.097283
2.71,12,108.106271
2.71,12,108.115334
2.71,12,108.124309
2.71,12,108.133358
2.71,12,108.142384
2.71,12,108.151846
2.71,12,108.161169
2.71,12,108.170354
2.71,12,108.17942
2.71,12,108.188753
2.71,12,108.197965
2.71,12,108.20746
2.71,12,108.216748
2.71,12,108.226
2.71,12,108.239022
0.13,14,108.250077
2.71,12,108.259408
2.71,12,108.268548
2.71,12,108.277727
2.71,12,108.287466
2.71,12,108.296695
2.71,12,108.306248
2.71,12,108.315441
2.71,12,108.324711
2.71,12,108.334822
2.71,12,108.343905
2.71,12,108.353176
2.71,12,108.362471
2.71,12,108.371576
2.71,12,108.380763
2.71,12,108.389979
2.71,12,108.399176
2.71,14,108.409998
2.71,12,108.419142
2.71,12,108.42829
2.71,12,108.437445
2.71,12,108.449663
2.71,12,108.462995
2.71,12,108.473201
2.71,12,108.482391
2.71,12,108.491518
2.71,12,108.500592
2.71,12,108.510386
2.71,12,108.521838
2.71,12,108.531041
2.71,12,108.540248
2.71,12,108.549734
2.71,12,108.558837
2.71,12,108.568095
2.71,12,108.577213
2.71,12,108.586403
2.71,12,108.595714
2.71,12,108.604951
2.71,12,109.78302
2.71,12,109.792413
2.71,12,109.801438
2.71,12,109.810535
2.71,12,109.819742
2.71,12,109.828757
2.71,12,109.838355
2.71,12,109.848798
2.71,12,109.858577
2.71,12,109.867578
2.71,12,109.876704
2.71,12,109.885767
2.71,12,109.894771
2.71,12,109.903798
2.71,12,109.912793
2.71,12,109.9218
2.71,12,109.930728
2.71,12,109.940416
2.71,12,109.949674
2.71,12,109.959025
2.71,12,109.968153
2.71,12,109.977387
2.71,12,109.986553
2.71,12,110.005575
2.71,12,110.014689
2.71,12,110.024054
2.71,12,110.033169
2.71,12,110.042613
2.71,12,110.05334
2.71,12,110.062923
2.71,12,110.072082
2.71,12,110.081059
2.71,14,110.09128
2.71,12,110.10025
2.71,12,110.109976
2.71,12,110.119232
2.71,12,110.12831
2.71,12,110.137807
2.71,12,110.146946
2.71,12,110.156747
2.71,12,110.165892
2.71,12,110.175083
2.71,12,110.184245
2.71,12,110.193575
2.71,12,110.206959
2.71,12,110.216285
2.71,12,110.22554
2.71,12,110.234917
2.71,12,110.244076
2.71,12,110.254438
2.71,12,110.263628
2.71,12,110.272897
2.71,12,110.281909
2.71,12,110.291026
2.71,12,110.300073
2.71,12,110.309114
2.71,12,110.318248
2.71,12,110.327404
2.71,12,110.33693
2.71,12,110.346479
2.71,12,110.358503
2.71,12,110.367732
2.71,12,110.376745
2.71,12,110.385752
2.71,12,110.394892
2.71,12,110.403896
2.71,12,110.41301
2.71,12,110.422801
2.71,12,110.433737
2.71,12,110.446467
2.71,12,110.456465
2.71,12,110.465858
2.71,12,110.475053
2.71,12,110.486333
2.71,12,110.499679
2.71,12,110.512393
2.71,12,110.521616
2.71,12,110.531198
2.71,12,110.54039
2.71,12,110.549525
2.71,12,110.5588
2.71,12,110.567984
2.71,12,110.577168
2.71,12,110.586208
2.71,12,110.595576
0.14,14,110.606264
2.71,12,110.61602
2.71,12,110.625746
2.71,12,110.634879
2.71,12,110.644796
2.71,12,110.654387
2.71,12,110.66336
2.71,12,110.673155
2.71,12,110.682295
2.71,12,110.691336
2.71,12,110.700246
2.71,12,110.709285
2.71,12,110.718243
2.71,12,110.727139
2.71,12,110.736314
2.71,12,110.7456
2.71,12,110.754726
2.71,12,110.763778
2.71,12,110.775331
0.12,14,110.785789
2.71,12,110.794797
2.71,12,110.813126
2.71,12,110.823237
2.71,12,110.832593
2.71,12,110.842035
2.71,12,110.8538
2.71,12,110.862957
2.71,12,110.872904
2.71,12,110.882168
2.71,12,110.891216
2.71,12,110.900783
2.71,12,110.909805
2.71,12,110.918733
2.71,12,110.927927
2.71,12,110.936772
2.71,12,110.94657
2.71,12,110.955898
2.71,12,110.964843
2.71,12,110.973725
2.71,12,110.98257
2.71,12,110.992015
2.71,12,111.001208
2.71,12,111.016319
2.71,12,111.025605
2.71,12,111.034525
2.71,12,111.043816
2.71,12,111.053002
2.71,12,111.062536
2.71,12,111.072034
2.71,12,111.081315
2.71,12,111.0904
2.71,12,111.099471
2.71,12,111.108499
2.71,12,111.118347
2.71,12,111.127956
2.71,12,111.137463
2.71,12,111.146822
2.71,12,111.156344
2.71,12,111.165593
2.71,12,111.175851
2.71,12,111.189571
2.71,12,111.20266
2.71,12,111.216028
2.71,12,111.227463
2.71,12,111.236733
2.71,12,111.246018
2.71,12,111.25538
2.71,12,111.265092
2.71,12,111.274259
2.71,12,111.284905
2.71,12,111.295388
2.71,12,111.304763
2.71,12,111.314512
2.71,12,111.323758
2.71,12,111.33324
2.71,12,111.34293
2.71,12,111.352266
2.71,12,111.361918
2.71,12,111.37126
2.71,12,111.380496
2.71,12,111.389746
2.71,12,111.399067
2.71,12,111.408558
2.71,12,111.41774
2.71,12,111.426798


