#{"t_start": 1663528402.2975295, "env_id": "SimpleGridRoadEnv-v0"}
r,l,t
1.71,35,0.037785
0.36,35,0.064787
2.13,35,0.092022
0.87,35,0.118438
0.66,35,0.146417
-0.52,35,0.173074
-0.12,35,0.201882
0.9,35,0.232931
1.52,35,0.267875
0.19,35,0.296896
1.63,35,0.325974
1.84,35,0.35317
0.81,35,0.379937
1.03,35,0.40717
0.39,35,0.434676
1.22,35,0.462337
0.59,35,0.493921
0.47,35,0.52367
1.15,35,0.550539
0.69,35,0.576952
0.37,35,0.606588
1.49,35,0.635741
1.25,35,0.664245
2.0,35,0.691073
0.43,35,0.722877
-0.27,35,0.749401
0.34,35,0.775664
1.72,35,0.802388
1.48,35,0.849843
2.34,35,0.878597
0.96,35,0.917055
0.89,35,0.951946
0.46,35,0.978832
1.15,35,1.006951
-0.22,35,1.033992
0.18,35,1.061253
1.1,35,1.088588
1.79,35,1.115704
0.52,35,1.142601
0.83,35,1.175216
1.72,35,1.208122
1.84,35,1.234902
-0.24,35,1.262096
0.45,35,1.29169
0.31,35,1.32288
0.66,35,1.350926
0.57,35,1.379289
0.22,35,1.40899
1.8,35,1.436221
1.68,35,1.462734
1.25,35,1.489125
-0.01,35,1.517006
0.61,35,1.547544
0.61,35,1.573762
1.05,35,1.600474
1.58,35,1.632071
-0.12,35,1.660542
0.75,35,1.695705
0.59,35,2.969709
1.87,35,2.997401
1.6,35,3.026544
1.44,35,3.053818
-0.01,35,3.081741
0.47,35,3.109012
1.49,35,3.136307
0.39,35,3.164623
1.27,35,3.196052
1.26,35,3.226354
1.51,35,3.253384
0.32,35,3.281672
1.74,35,3.313332
1.53,35,3.343088
1.2,35,3.371636
1.19,35,3.403841
1.56,35,3.431488
0.69,35,3.462156
0.78,35,3.489195
1.54,35,3.51589
1.7,35,3.543161
1.03,35,3.569737
0.89,35,3.597052
0.61,35,3.628268
1.73,35,3.655067
0.01,35,3.682959
0.02,35,3.70989
1.33,35,3.75537
1.08,35,3.782174
1.84,35,3.809387
1.86,35,3.840705
1.17,35,3.867084
1.24,35,3.893386
2.08,35,3.92467
1.04,35,3.962171
0.54,35,3.989562
1.56,35,4.016761
1.68,35,4.046897
1.32,35,4.074367
1.8,35,4.101196
1.71,35,4.128074
0.75,35,4.155671
0.17,35,4.183375
0.7,35,4.211218
1.57,35,4.238228
1.44,35,4.270794
0.95,35,4.298135
1.67,35,4.328938
1.46,35,4.356418
1.68,35,4.384614
1.26,35,4.412819
1.45,35,4.44463
0.81,35,4.483327
1.47,35,4.517467
1.72,35,4.551401
0.46,35,4.584666
1.12,35,4.637657
0.91,35,4.670692
0.19,35,4.708951
1.51,35,5.950295
0.97,35,5.976609
0.61,35,6.01059
1.62,35,6.03939
1.6,35,6.067395
0.84,35,6.093486
0.9,35,6.119694
0.8,35,6.146476
0.75,35,6.183855
1.43,35,6.217497
1.68,35,6.245539
1.93,35,6.272955
1.45,35,6.301179
1.22,35,6.331194
1.52,35,6.359441
1.44,35,6.388713
1.05,35,6.420719
2.42,35,6.44843
1.64,35,6.474895
1.61,35,6.501526
0.55,35,6.528082
1.5,35,6.554496
1.43,35,6.580875
1.89,35,6.612217
1.46,35,6.638971
1.08,35,6.683898
1.48,35,6.71067
1.55,35,6.7376
0.89,35,6.764045
1.92,35,6.79056
1.5,35,6.822222
0.5,35,6.848805
1.03,35,6.875611
0.68,35,6.902127
1.69,35,6.93341
1.1,35,6.964614
2.71,35,6.991563
1.36,35,7.017748
1.84,35,7.062601
1.97,35,7.103223
1.73,35,7.131983
1.56,35,7.160444
1.58,35,7.187251
1.54,35,7.214699
1.5,35,7.241064
2.29,35,7.281188
1.68,35,7.30939
1.71,35,7.344354
0.8,35,7.377696
1.94,35,7.40476
0.74,35,7.432035
1.27,35,7.465399
1.17,35,7.502494
1.62,35,7.529548
0.87,35,7.574922
1.28,35,7.601388
0.44,35,7.628006
2.11,35,7.654317
1.55,35,8.852202
1.1,35,8.87886
1.37,35,8.905455
1.47,35,8.938684
1.49,35,8.965028
1.8,35,8.991462
1.5,35,9.018831
1.94,35,9.049926
0.77,35,9.097677
1.52,35,9.130932
2.55,35,9.164069
1.97,35,9.190441
2.08,35,9.217633
2.02,35,9.247919
1.02,35,9.274135
1.47,35,9.306004
1.49,35,9.335201
1.44,35,9.364474
1.86,35,9.39036
1.36,35,9.418257
1.5,35,9.446643
2.08,35,9.473277
2.41,35,9.500088
1.92,35,9.532264
1.63,35,9.570215
1.67,35,9.665895
0.77,35,9.727498
1.59,35,9.781685
1.92,35,9.830359
1.57,35,9.871803
1.25,35,9.920777
1.74,35,9.990969
1.83,35,10.035361
1.93,35,10.087902
1.72,35,10.146019
1.73,35,10.187382
1.94,35,10.277248
1.46,35,10.369094
1.72,35,10.406816
0.84,35,10.443635
1.83,35,10.470414
1.26,35,10.502214
2.05,35,10.528766
1.97,35,10.55599
1.84,35,10.583235
1.58,35,10.609713
1.79,35,10.636472
1.37,35,10.664069
0.61,35,10.701527
0.63,35,10.739348
1.62,35,10.76592
1.42,35,10.792444
1.98,35,10.81917
1.99,35,10.869488
1.55,35,10.895875
1.5,35,10.922915
1.22,35,10.957638
1.27,35,10.987502
2.01,35,11.014321
1.63,35,12.242306
1.69,35,12.26955
1.74,35,12.297088
2.2,35,12.326172
2.28,35,12.353498
1.91,35,12.382868
2.17,35,12.410101
1.63,35,12.438123
1.82,35,12.469822
2.15,35,12.496908
2.1,35,12.523457
1.56,35,12.549905
0.78,35,12.576124
2.41,35,12.60253
1.28,35,12.629397
1.55,35,12.656062
1.77,35,12.687759
0.91,35,12.717142
1.62,35,12.744108
1.96,35,12.77107
1.67,35,12.797459
1.86,35,12.830004
1.73,35,12.85648
0.64,35,12.905894
1.73,35,12.935891
1.41,35,12.966482
1.96,35,12.993426
1.85,35,13.019787
1.37,35,13.046541
1.86,35,13.076986
1.16,35,13.172759
1.36,35,13.233238
2.32,35,13.371914
1.73,35,13.516637
1.62,35,13.569936
1.79,35,13.658962
1.71,35,13.754154
1.87,35,13.849849
1.42,35,13.893617
2.34,35,13.936924
2.07,35,13.987993
2.3,35,14.031229
1.35,35,14.077755
2.18,35,14.122754
1.92,35,14.17192
1.71,35,14.262068
1.6,35,14.329326
1.78,35,14.385702
1.93,35,14.437611
1.85,35,14.48557
1.96,35,14.529323
1.71,35,14.626632
1.64,35,14.653712
1.6,35,14.680173
2.51,35,14.711959
1.81,35,14.738585
1.64,35,14.769442
1.74,35,14.795998
1.2,35,17.022957
2.04,35,17.0493
1.9,35,17.076585
1.93,35,17.104339
1.21,35,17.131133
2.07,35,17.159704
1.61,35,17.186438
1.65,35,17.213046
1.82,35,17.245
1.67,35,17.272163
1.68,35,17.301165
1.99,35,17.332708
2.33,35,17.370377
1.29,35,17.396492
1.66,35,17.423208
2.06,35,17.4539
1.68,35,17.487486
1.99,35,17.52355
1.72,35,17.549709
1.9,35,17.577156
1.93,35,17.603938
1.87,35,17.63168
1.81,35,17.680601
1.63,35,17.708567
0.8,35,17.735928
1.79,35,17.762218
1.41,35,17.788531
1.8,35,17.815395
1.87,35,17.842899
1.95,35,17.868921
1.96,35,17.89961
7.48,26,17.918725
0.55,35,17.945121
2.19,35,17.971587
1.31,35,17.997898
1.66,35,18.024838
2.02,35,18.055147
2.16,35,18.085386
1.85,35,18.11679
1.75,35,18.143689
1.8,35,18.172645
2.13,35,18.200356
1.77,35,18.227685
1.66,35,18.254771
1.1,35,18.282908
2.44,35,18.311131
1.41,35,18.353317
1.71,35,18.3949
1.99,35,18.42865
1.26,35,18.462074
1.74,35,18.495765
1.04,35,18.549326
2.24,35,18.581753
1.46,35,18.608301
1.44,35,18.635241
1.75,35,18.669107
1.71,35,18.696769
2.29,35,18.724076
2.27,35,18.751378
1.25,35,19.986564
1.22,35,20.013274
1.71,35,20.04021
7.45,34,20.065307
2.28,35,20.092578
1.99,35,20.119055
1.96,35,20.146444
1.84,35,20.173563
1.7,35,20.206063
2.41,35,20.233604
2.25,35,20.2614
2.06,35,20.288489
2.39,35,20.31653
2.17,35,20.345652
2.35,35,20.372343
2.22,35,20.39941
0.6,35,20.441991
2.07,35,20.472525
1.38,35,20.500887
1.67,35,20.527429
2.35,35,20.573047
1.9,35,20.600528
2.08,35,20.627623
1.52,35,20.658724
2.05,35,20.685461
1.91,35,20.712347
1.77,35,20.739079
1.97,35,20.765475
1.8,35,20.795628
2.25,35,20.822468
1.79,35,20.850037
2.31,35,20.881547
1.61,35,20.908296
1.98,35,20.935412
1.8,35,20.962193
2.29,35,20.989006
1.98,35,21.015674
2.12,35,21.042959
1.89,35,21.069764
1.89,35,21.107307
1.86,35,21.135118
2.16,35,21.165964
1.77,35,21.193938
1.7,35,21.222064
1.66,35,21.24938
2.28,35,21.27603
2.12,35,21.303724
1.8,35,21.340394
2.39,35,21.366925
1.69,35,21.416116
2.25,35,21.447369
2.24,35,21.481697
1.35,35,21.508547
2.29,35,21.535278
1.95,35,21.567906
2.5,35,21.595687
2.09,35,21.622431
2.0,35,21.649784
1.81,35,22.906902
2.48,35,22.93502
2.14,35,22.962097
2.15,35,22.989722
1.95,35,23.016908
1.66,35,23.046526
2.02,35,23.073839
2.52,35,23.100873
2.55,35,23.133022
0.84,35,23.160896
2.08,35,23.187974
2.36,35,23.21476
1.74,35,23.241308
2.05,35,23.267927
7.17,28,23.288402
2.14,35,23.317625
1.83,35,23.354872
1.46,35,23.382222
2.04,35,23.409397
1.86,35,23.437914
2.02,35,23.491233
1.89,35,23.524139
2.01,35,23.552504
2.23,35,23.583932
2.61,35,23.61072
1.71,35,23.644978
1.13,35,23.678929
2.31,35,23.71262
2.49,35,23.746557
1.59,35,23.782643
2.25,35,23.821615
2.09,35,23.849674
2.33,35,23.876588
2.55,35,23.903306
2.27,35,23.930341
2.2,35,23.957412
1.65,35,23.983806
2.19,35,24.01132
1.81,35,24.050164
2.28,35,24.087207
2.31,35,24.122201
1.12,35,24.151403
2.28,35,24.178602
2.12,35,24.206193
1.46,35,24.235539
2.58,35,24.269349
1.92,35,24.297097
1.63,35,24.331056
2.27,35,24.376261
1.56,35,24.40334
2.03,35,24.430449
2.34,35,24.457626
1.76,35,24.490026
2.42,35,24.522476
2.05,35,24.551666
2.66,35,24.577946
1.88,35,24.604669
1.95,35,24.632998
2.47,35,24.659792
2.13,35,26.078817
2.11,35,26.107637
2.17,35,26.136128
1.83,35,26.164282
1.72,35,26.190929
1.77,35,26.21865
2.15,35,26.247392
2.26,35,26.285407
2.03,35,26.320921
1.44,35,26.349917
2.34,35,26.376567
2.57,35,26.403551
2.21,35,26.430672
2.35,35,26.458406
2.0,35,26.485122
2.42,35,26.517441
2.11,35,26.544375
1.69,35,26.579483
2.06,35,26.631024
7.28,26,26.650729
2.25,35,26.677347
1.92,35,26.705935
1.96,35,26.736638
1.59,35,26.76255
1.78,35,26.788454
1.71,35,26.815209
2.07,35,26.841873
2.45,35,26.868185
2.34,35,26.897594
1.95,35,26.923732
1.81,35,26.954683
1.27,35,26.981369
1.67,35,27.007551
2.26,35,27.03458
2.32,35,27.060919
2.34,35,27.087817
2.03,35,27.117173
2.36,35,27.145976
1.91,35,27.180361
1.76,35,27.214316
2.14,35,27.247618
1.92,35,27.27459
2.41,35,27.303438
2.26,35,27.33683
1.83,35,27.363864
2.14,35,27.398793
1.92,35,27.427422
2.14,35,27.473641
1.43,35,27.500963
2.44,35,27.528235
2.31,35,27.556602
2.56,35,27.595182
1.88,35,27.62903
2.18,35,27.656147
1.52,35,27.683621
1.88,35,27.713334
2.43,35,27.742628
2.17,35,27.772465
1.26,35,27.814691
2.17,35,29.063462
2.09,35,29.090632
2.19,35,29.116709
2.55,35,29.143558
1.52,35,29.17103
7.2,34,29.198175
2.08,35,29.227747
2.55,35,29.254611
2.02,35,29.286492
2.38,35,29.313034
2.05,35,29.349493
1.77,35,29.383109
2.22,35,29.410585
2.2,35,29.437686
2.52,35,29.465045
1.62,35,29.496491
1.22,35,29.545347
0.79,35,29.571621
2.53,35,29.59945
0.77,35,29.626168
2.32,35,29.660498
0.8,35,29.687199
1.7,35,29.718637
2.2,35,29.745363
2.3,35,29.774707
2.28,35,29.802903
2.38,35,29.830243
2.09,35,29.857809
1.31,35,29.885498
2.19,35,29.91344
1.75,35,29.9496
1.56,35,29.977342
7.2,30,29.999911
7.69,28,30.021342
1.13,35,30.049264
1.77,35,30.07648
7.28,22,30.095213
2.59,35,30.123297
1.95,35,30.159727
2.54,35,30.188966
2.01,35,30.215778
2.73,35,30.245949
2.36,35,30.272469
1.81,35,30.299278
7.76,34,30.327972
1.27,35,30.377005
1.48,35,30.403666
2.44,35,30.431261
2.35,35,30.458519
2.56,35,30.485609
2.57,35,30.513847
2.04,35,30.542613
2.19,35,30.569232
1.51,35,30.600914
1.71,35,30.627618
2.43,35,30.658607
7.63,28,30.683007
7.24,28,30.703826
7.5,26,30.723281
2.12,35,30.749997
1.93,35,31.992916
2.16,35,32.020803
2.25,35,32.048053
2.43,35,32.075013
2.54,35,32.101891
1.91,35,32.12861
1.57,35,32.15796
1.26,35,32.184749
0.9,35,32.216484
1.98,35,32.243695
2.47,35,32.276584
7.22,22,32.29334
2.15,35,32.320917
1.97,35,32.350891
1.88,35,32.377788
7.71,32,32.427331
1.58,35,32.455023
7.51,30,32.477859
1.17,35,32.504397
1.8,35,32.531293
2.56,35,32.559705
7.5,26,32.580336
2.24,35,32.607891
1.81,35,32.634965
7.02,24,32.653531
2.0,35,32.684897
2.79,35,32.720464
2.41,35,32.747225
2.19,35,32.773915
2.23,35,32.800424
1.52,35,32.826923
7.76,30,32.853128
1.78,35,32.880633
2.08,35,32.915824
7.19,34,32.94079
1.87,35,32.967545
2.5,35,32.994783
2.51,35,33.022247
7.48,26,33.041842
1.88,35,33.068456
2.12,35,33.096272
2.04,35,33.127571
1.4,35,33.155618
2.25,35,33.18259
1.38,35,33.209912
7.65,34,33.257843
1.42,35,33.284348
2.0,35,33.31338
1.17,35,33.350628
2.22,35,33.377943
1.57,35,33.404759
2.49,35,33.435108
2.48,35,33.465476
2.52,35,33.492981
2.25,35,33.519654
2.54,35,33.546476
1.23,35,33.577214
2.18,35,33.606932
7.52,26,33.626205
7.89,34,33.651041
2.45,35,34.87665
2.0,35,34.903423
1.46,35,34.929744
1.03,35,34.960541
1.79,35,34.986948
7.9,30,35.009241
7.59,34,35.034368
7.54,28,35.055265
2.47,35,35.086757
7.26,24,35.104591
2.4,35,35.130969
2.25,35,35.159648
2.39,35,35.186537
1.22,35,35.213228
7.2,26,35.232422
2.11,35,35.279007
1.69,35,35.310351
2.56,35,35.341555
7.93,30,35.363923
2.83,35,35.393614
7.22,22,35.410637
2.24,35,35.438019
2.22,35,35.465485
0.89,35,35.491904
2.09,35,35.523398
7.56,32,35.547216
2.63,35,35.573884
2.22,35,35.600625
1.8,35,35.627134
1.98,35,35.653883
1.77,35,35.680531
1.59,35,35.707178
2.67,35,35.738721
1.4,35,35.766727
1.7,35,35.801085
7.52,26,35.82047
2.08,35,35.851277
7.48,26,35.872945
7.28,24,35.891022
2.02,35,35.917272
1.94,35,35.948494
2.28,35,35.975291
2.49,35,36.00216
7.26,22,36.018846
2.0,35,36.045804
1.23,35,36.091322
2.21,35,36.117774
7.24,22,36.134239
2.0,35,36.17244
7.96,30,36.19561
1.9,35,36.2223
2.09,35,36.249225
7.65,26,36.268963
1.18,35,36.295738
1.51,35,36.32542
7.63,26,36.346747
1.99,35,36.375119
1.75,35,36.406537
2.08,35,36.435596
7.97,34,36.461465
2.24,35,36.488534
2.41,35,36.515806
1.25,35,36.543184
1.17,35,38.190635
2.42,35,38.218068
2.12,35,38.247591
1.4,35,38.274967
2.13,35,38.301928
2.16,35,38.330735
2.66,35,38.359253
2.41,35,38.38613
7.93,32,38.415128
1.46,35,38.450822
1.91,35,38.491409
7.09,22,38.525394
0.72,35,38.618351
7.48,26,38.665055
2.32,35,38.728083
1.78,35,38.772173
2.34,35,38.820236
1.61,35,38.888688
1.58,35,39.068831
2.36,35,39.277927
2.77,35,39.506624
2.25,35,39.678985
2.24,35,39.841435
7.26,22,39.965752
2.74,35,40.019871
7.37,26,40.05875
2.41,35,40.108078
2.47,35,40.152091
7.37,28,40.186888
2.16,35,40.238545
7.2,24,40.2686
2.4,35,40.31291
2.15,35,40.359976
7.88,30,40.393824
1.3,35,40.440672
2.11,35,40.48402
7.09,22,40.510645
2.78,35,40.567163
7.04,28,40.601358
2.17,35,40.646123
1.85,35,40.68996
2.81,35,40.739846
7.28,24,40.767881
2.17,35,40.82882
2.16,35,40.858613
7.5,26,40.879191
1.92,35,40.905642
2.84,35,40.94116
2.13,35,40.967694
2.41,35,40.99981
7.2,26,41.023634
2.54,35,41.05113
2.68,35,41.077876
2.26,35,41.104749
7.2,30,41.126609
7.24,22,41.143173
1.53,35,41.172055
7.2,30,41.195421
7.24,22,41.212566
2.04,35,41.239813
7.2,30,41.266876
7.5,32,41.294069
2.51,35,41.327992
1.92,35,42.707233
2.17,35,42.734523
1.81,35,42.761246
7.22,28,42.78229
2.06,35,42.809446
2.33,35,42.837481
7.48,28,42.864146
7.2,28,42.897337
7.19,30,42.934858
7.22,26,42.978758
1.73,35,43.029616
2.46,35,43.16013
2.25,35,43.200041
7.2,24,43.255248
7.24,24,43.290031
1.36,35,43.333839
7.93,34,43.39462
2.01,35,43.439933
7.52,26,43.487147
1.15,35,43.542424
7.76,34,43.602804
2.01,35,43.677911
7.2,24,43.730788
7.44,30,43.820106
7.61,32,43.867925
1.23,35,43.913439
7.17,28,43.945402
2.16,35,43.98675
1.93,35,44.076941
8.04,30,44.157175
7.2,22,44.227364
7.28,24,44.253034
2.36,35,44.280377
7.22,24,44.299193
2.53,35,44.330626
1.73,35,44.365656
7.54,30,44.393725
7.09,24,44.416376
7.24,28,44.442646
7.22,22,44.470749
7.48,32,44.532245
7.2,26,44.570252
1.02,35,44.628321
2.98,35,44.681708
7.5,32,44.766636
7.2,22,44.793349
2.36,35,44.842307
2.37,35,44.969793
7.48,26,45.063582
1.75,35,45.147306
7.2,24,45.181991
2.53,35,45.225425
1.63,35,45.268097
2.65,35,45.325598
7.65,26,45.365685
1.48,35,45.406014
1.38,35,45.449941
7.37,26,45.492849
1.94,35,45.539621
2.22,35,45.605367
2.3,35,45.640138
7.48,34,45.665256
2.28,35,45.691542
7.84,32,45.715371
7.22,28,45.735909
7.17,26,45.755121
7.24,22,47.817987
7.89,34,47.855602
2.15,35,47.89842
7.69,26,47.931863
7.2,22,47.959994
7.28,22,47.985996
1.78,35,48.027757
8.01,32,48.063646
7.89,30,48.105906
2.45,35,48.165669
2.2,35,48.205575
1.17,35,48.304417
7.2,22,48.334648
7.2,26,48.373563
7.2,22,48.400975
7.09,22,48.427895
7.22,22,48.455338
2.73,35,48.501912
7.24,22,48.530228
7.56,28,48.567657
7.26,28,48.626106
7.26,22,48.654799
7.06,22,48.672268
2.7,35,48.700439
8.2,34,48.731076
7.24,22,48.748394
7.52,28,48.769479
7.2,30,48.79243
7.24,24,48.811105
7.63,32,48.837717
2.02,35,48.86512
1.0,35,48.891475
7.48,26,48.928185
7.24,26,48.961485
8.11,34,49.03377
7.76,32,49.131911
2.05,35,49.188584
7.2,28,49.223237
7.22,22,49.25212
2.62,35,49.293275
7.48,26,49.331429
6.57,18,49.353665
7.26,24,49.384897
2.42,35,49.433423
1.73,35,49.478029
7.22,22,49.508581
7.76,30,49.578379
7.24,24,49.607043
7.2,22,49.635837
1.23,35,49.677764
7.22,22,49.705357
1.06,35,49.748369
7.2,26,49.778281
1.77,35,49.821123
2.43,35,49.86722
7.48,26,49.907193
1.41,35,49.949258
2.18,35,49.991667
7.2,22,50.027958
2.39,35,50.071428
7.09,24,50.108775
2.01,35,50.160967
7.43,34,50.21143
7.24,22,50.238082
7.2,24,50.267286
7.43,30,50.300606
1.94,35,50.348635
7.2,26,50.396671
7.09,28,50.426657
7.2,28,50.48287
2.75,35,50.607954
7.2,24,52.157012
7.22,22,52.174761
7.24,22,52.19177
7.48,26,52.215312
2.13,35,52.246248
7.3,30,52.268735
7.95,34,52.293494
7.2,22,52.315177
7.09,24,52.339139
7.54,26,52.358604
8.33,34,52.40379
2.16,35,52.432011
7.2,24,52.45559
7.24,22,52.47666
7.2,22,52.497476
7.24,24,52.517262
7.24,26,52.536474
7.99,32,52.559728
7.2,22,52.576026
1.99,35,52.602773
7.22,22,52.619645
1.27,35,52.645871
2.02,35,52.673315
7.5,28,52.69428
7.48,30,52.72598
7.52,26,52.749664
7.26,24,52.767777
7.26,22,52.784714
2.51,35,52.816137
7.09,24,52.834498
7.26,22,52.850794
7.69,26,52.870716
7.2,22,52.887202
7.6,34,52.91223
7.19,32,52.936263
0.72,35,52.962674
2.28,35,52.98938
7.2,22,53.006027
7.5,26,53.032866
7.52,26,53.053173
7.2,24,53.071348
7.69,28,53.092685
7.2,22,53.109235
7.26,22,53.125877
1.75,35,53.156986
7.2,26,53.177021
7.2,22,53.193823
7.48,26,53.24718
2.49,35,53.279257
2.5,35,53.306573
7.24,22,53.325702
7.24,22,53.343051
7.61,26,53.367047
2.24,35,53.394829
1.87,35,53.424563
7.2,26,53.443558
7.22,22,53.461084
7.22,26,53.481008
7.22,24,53.499618
2.81,35,53.526795
7.2,22,53.5444
8.04,34,53.569462
2.98,35,53.597359
7.2,22,53.617467
2.62,35,53.644805
7.09,28,53.665806
7.29,26,53.685193
7.52,26,53.704602
2.58,35,53.732038
7.2,24,53.750005
7.2,24,53.770861
7.2,22,53.787395
2.57,35,53.818651
7.2,32,53.842722
7.2,24,55.106381
7.2,22,55.123416
7.17,30,55.148198
2.48,35,55.176501
7.22,22,55.197315
7.6,26,55.222554
2.42,35,55.256763
7.22,22,55.278144
7.22,24,55.319124
7.17,26,55.345326
7.48,26,55.369694
7.2,24,55.395017
2.52,35,55.422081
7.24,22,55.440198
7.59,26,55.460865
7.2,24,55.479088
7.2,22,55.49572
2.58,35,55.523535
7.2,22,55.541569
7.24,22,55.558167
7.17,28,55.579062
7.22,22,55.595834
7.2,22,55.612387
8.12,34,55.642321
7.2,22,55.658707
7.2,22,55.675085
2.68,35,55.705161
7.2,22,55.721984
7.2,22,55.738344
7.26,30,55.760764
7.2,22,55.777468
7.22,24,55.796988
7.2,24,55.816372
7.24,24,55.836671
2.24,35,55.86422
1.54,35,55.89208
7.09,22,55.912959
7.61,28,55.93544
7.26,26,55.954758
2.52,35,55.981823
7.52,26,56.002306
7.2,22,56.020603
7.2,24,56.03888
7.22,22,56.05859
7.54,26,56.077755
2.57,35,56.106335
7.2,22,56.123162
7.61,30,56.165989
7.2,24,56.186206
7.48,28,56.209555
7.37,26,56.22894
7.22,24,56.246872
1.15,35,56.274067
1.81,35,56.301652
7.88,34,56.342343
7.24,24,56.36221
2.63,35,56.391134
7.26,24,56.409708
7.2,22,56.427787
7.22,22,56.444041
7.2,22,56.461434
7.2,22,56.482243
8.06,32,56.506048
7.94,32,56.531146
7.22,22,56.548033
7.48,28,56.568789
7.54,28,56.589701
2.56,35,56.616642
7.2,24,56.63772
7.26,24,56.656779
7.04,32,56.68044
7.37,26,56.699786
7.2,24,56.717793
7.2,22,56.735109
7.22,24,56.753629
7.2,24,56.772233
7.24,22,56.788954
7.22,22,58.097699
7.2,22,58.114041
7.2,24,58.13291
7.22,22,58.150853
7.26,22,58.170913
7.22,22,58.187244
7.2,22,58.203709
7.2,22,58.220263
7.22,24,58.257355
7.24,22,58.274105
7.22,24,58.291907
7.2,24,58.309718
7.22,22,58.329118
2.22,35,58.35572
7.48,26,58.378611
7.62,26,58.402735
2.22,35,58.429664
7.24,32,58.459334
7.2,28,58.480433
7.94,30,58.503256
1.87,35,58.531573
7.22,22,58.54846
7.24,22,58.56522
1.77,35,58.592016
7.2,22,58.608789
7.24,22,58.625493
7.2,22,58.642066
7.2,22,58.658702
7.48,26,58.678339
7.2,22,58.694966
7.09,24,58.713118
7.22,22,58.730399
7.2,22,58.751467
7.2,24,58.769662
7.22,22,58.786009
7.2,22,58.806165
7.59,28,58.827022
7.2,22,58.843697
2.17,35,58.871782
7.22,22,58.888957
7.2,22,58.906012
7.22,24,58.923914
7.2,22,58.940497
7.89,34,58.965351
7.22,22,58.981754
7.2,22,58.998269
7.26,22,59.014643
7.15,26,59.034169
7.48,26,59.081979
7.2,24,59.101182
2.56,35,59.12919
7.48,26,59.150173
7.09,24,59.168392
7.59,32,59.192006
7.48,26,59.2167
7.24,22,59.234019
7.2,24,59.251927
7.2,22,59.269679
7.2,24,59.288186
7.9,30,59.319658
7.2,22,59.348347
7.2,24,59.367812
7.5,26,59.388805
7.48,30,59.419596
7.22,22,59.437026
7.2,24,59.454981
2.36,35,59.481954
7.48,28,59.502733
7.22,22,59.522584
1.67,35,59.549001
7.24,22,59.565254
7.22,22,59.582352
7.22,22,59.599327
7.2,22,59.615629
7.48,28,59.636734
1.42,35,59.663773
2.06,35,59.69446
7.17,26,59.713808
7.2,24,59.732013
2.41,35,59.760082
1.95,35,61.022742
7.24,22,61.039754
7.09,22,61.056148
7.26,22,61.072914
7.22,22,61.089613
7.62,26,61.135594
7.67,28,61.157743
7.09,22,61.174821
7.2,24,61.193503
7.22,22,61.210235
7.22,24,61.232351
7.22,22,61.250375
7.2,24,61.268598
7.02,24,61.286736
7.2,24,61.304599
7.26,22,61.323787
7.2,24,61.342038
7.2,22,61.358479
7.22,24,61.376224
7.22,24,61.395173
7.2,22,61.411646
7.98,30,61.434631
7.24,26,61.464964
7.2,24,61.482876
7.2,22,61.499338
7.24,26,61.518609
7.2,22,61.535247
7.24,22,61.551618
7.22,24,61.569367
7.69,32,61.593225
7.64,30,61.615212
7.22,22,61.631767
7.59,26,61.651013
7.61,26,61.670365
2.37,35,61.697054
7.2,22,61.713593
7.2,22,61.730168
7.2,22,61.746845
7.2,22,61.763254
7.22,24,61.781318
7.2,22,61.797731
7.2,24,61.81579
7.2,24,61.833683
7.09,24,61.851429
7.2,22,61.867835
7.2,22,61.8841
7.22,22,61.903173
7.22,22,61.941185
7.2,22,61.958186
7.22,24,61.975951
7.2,22,61.992645
7.2,22,62.009307
7.26,22,62.025808
7.2,22,62.042184
7.28,26,62.061368
7.22,22,62.082609
7.22,22,62.099086
7.02,24,62.116787
7.04,22,62.138325
7.24,22,62.158682
7.2,24,62.179072
7.2,24,62.197185
7.61,30,62.219974
7.28,22,62.237423
7.2,24,62.256169
7.5,26,62.276123
7.2,22,62.293087
7.26,24,62.311067
7.49,26,62.333092
7.22,24,62.350962
7.22,22,62.367224
7.2,22,62.38378
7.22,22,62.401309
7.24,22,62.417611
7.48,30,62.43983
7.09,22,62.456215
7.2,26,62.483301
7.48,30,62.508784
7.22,22,62.525612
7.2,22,62.542158
7.2,22,62.558735
7.2,22,62.575065
7.24,22,62.591405
7.2,22,62.607838
7.2,22,62.624298
7.2,22,62.640848
7.67,28,63.903364
7.65,28,63.926221
7.2,24,63.944422
7.52,26,63.984599
7.2,22,64.00101
7.61,26,64.020255
7.2,22,64.036752
7.37,26,64.055992
7.2,22,64.072622
7.22,24,64.090624
7.98,32,64.114408
7.2,22,64.130791
7.2,22,64.149622
7.95,34,64.183281
1.34,35,64.214049
7.2,22,64.230728
7.2,22,64.247109
7.65,26,64.266278
7.48,26,64.285938
7.2,24,64.303777
7.26,22,64.325498
7.2,22,64.342583
2.85,35,64.369077
7.2,22,64.386224
7.2,22,64.40391
7.24,22,64.424963
7.2,22,64.442327
7.48,28,64.465143
7.24,22,64.48282
7.2,24,64.501486
7.48,26,64.523226
7.2,22,64.547224
7.2,22,64.563808
7.67,28,64.584605
7.61,26,64.603964
2.9,35,64.631247
7.2,22,64.647743
7.59,34,64.672565
7.2,24,64.690226
7.2,22,64.706806
7.2,22,64.723343
7.2,22,64.740282
7.2,26,64.760251
7.59,26,64.800311
7.52,26,64.819337
7.24,22,64.839713
7.24,22,64.856148
7.22,22,64.872609
7.26,22,64.888704
7.48,26,64.910332
1.63,35,64.937373
7.2,24,64.955355
7.48,26,64.97444
7.22,22,64.99087
7.22,24,65.0085
7.2,22,65.024987
7.2,22,65.04148
7.2,22,65.057721
7.2,22,65.074171
7.59,28,65.100591
7.65,28,65.1217
7.65,28,65.146915
2.24,35,65.174564
7.2,24,65.192438
2.67,35,65.21957
7.22,28,65.243703
7.2,26,65.268933
7.22,22,65.289757
7.59,26,65.310326
7.09,22,65.329902
7.2,26,65.349925
7.71,26,65.369228
2.51,35,65.40222
7.67,26,65.422241
7.2,22,65.438897
7.59,26,65.458968
7.24,28,65.479981
7.2,22,65.496182
7.2,24,65.514493
7.26,22,65.530907
7.2,24,65.554354
7.5,26,66.759751
7.2,22,66.786764
7.22,24,66.805165
7.24,22,66.826734
7.2,22,66.844394
7.2,26,66.864072
7.65,26,66.883538
7.5,30,66.914989
7.09,22,66.93144
7.22,22,66.948461
7.26,24,66.966269
8.35,34,66.995126
7.48,26,67.014637
7.94,32,67.038303
7.2,22,67.054696
7.22,22,67.071243
7.24,22,67.088278
7.09,22,67.105315
7.24,26,67.124477
7.2,28,67.14678
7.2,22,67.16392
1.64,35,67.191589
7.24,22,67.208139
7.09,22,67.224813
7.67,30,67.24743
7.22,22,67.264107
7.2,24,67.282267
7.2,22,67.299004
7.37,26,67.319163
7.2,22,67.340968
7.26,28,67.362211
7.65,28,67.383436
2.37,35,67.415799
7.22,22,67.433093
7.2,22,67.450323
2.05,35,67.477939
7.2,24,67.497649
7.99,30,67.526019
7.2,22,67.547031
7.92,30,67.574746
7.48,26,67.614918
7.2,26,67.642232
7.09,22,67.658747
7.22,22,67.67623
7.2,22,67.693333
7.2,22,67.709706
7.2,22,67.726095
2.62,35,67.75314
7.22,22,67.7694
7.2,24,67.787345
7.22,24,67.804875
7.2,24,67.822643
7.2,22,67.841156
7.22,24,67.858996
7.59,26,67.879196
7.2,22,67.89554
7.2,22,67.911858
7.22,22,67.92854
7.09,24,67.946241
7.2,24,67.968499
7.2,22,67.985089
7.59,26,68.004088
7.2,24,68.021633
7.67,26,68.043991
7.22,22,68.060278
7.2,22,68.076723
2.35,35,68.107674
7.22,22,68.12475
7.26,24,68.144831
7.2,24,68.162979
1.75,35,68.19221
7.2,30,68.217339
7.2,24,68.235305
7.2,24,68.253175
7.2,22,68.269703
7.24,24,68.287618
7.2,22,68.304116
7.2,22,68.330267
7.2,22,68.347254
7.2,24,68.365108
7.2,22,68.382134
7.2,22,68.399095
7.2,22,69.687334
7.22,22,69.704064
7.2,24,69.722039
7.2,22,69.738679
7.17,26,69.757926
7.48,26,69.777154
7.2,22,69.79381
7.22,24,69.8116
7.22,22,69.828015
2.18,35,69.855316
7.2,22,69.873541
7.65,30,69.897645
7.2,26,69.921087
7.2,22,69.93834
7.26,24,69.957587
7.2,22,69.973989
7.2,22,69.990532
7.22,24,70.008551
7.22,24,70.026234
1.53,35,70.052495
7.2,22,70.073296
7.24,22,70.090552
1.19,35,70.117867
7.58,26,70.13778
7.51,30,70.16281
7.48,26,70.184535
7.15,30,70.214396
7.2,22,70.234393
7.22,24,70.252854
7.22,22,70.269244
7.5,30,70.291664
7.22,22,70.30918
7.09,22,70.332416
7.24,22,70.349431
7.2,28,70.370661
7.2,24,70.388609
7.22,22,70.404948
7.2,24,70.423753
7.22,22,70.44046
7.2,24,70.458083
7.2,22,70.482794
7.2,22,70.505106
7.24,24,70.537115
7.2,24,70.564216
7.2,22,70.589297
7.2,22,70.625834
7.2,22,70.651559
7.2,22,70.703785
7.37,28,70.749698
7.22,22,70.799432
7.26,24,70.859798
7.79,34,70.998748
7.22,22,71.034135
7.59,26,71.067379
7.2,24,71.097558
7.2,22,71.153008
7.22,22,71.263636
7.09,24,71.31095
7.6,26,71.363105
7.22,26,71.394347
7.22,22,71.423979
7.2,22,71.449485
7.22,22,71.508552
7.2,22,71.565506
7.65,28,71.606272
7.24,24,71.664699
8.01,30,71.7698
7.2,22,71.82656
7.24,24,71.861294
7.71,26,71.880875
7.65,26,71.902174
7.24,22,71.919251
7.2,22,71.936002
7.2,22,71.952605
7.2,22,71.969422
7.24,22,71.991714
8.06,30,72.018206
7.62,26,72.03756
7.2,22,72.054936
7.2,22,72.071551
7.2,22,72.09074
7.22,22,72.108654
7.2,22,72.132936
7.24,22,72.150435
7.22,22,74.41243
7.22,26,74.433179
1.81,35,74.460269
7.41,26,74.47963
7.22,22,74.496224
7.22,22,74.515665
7.2,22,74.53226
7.61,26,74.551592
7.24,24,74.569293
7.2,22,74.586188
7.95,30,74.608731
7.2,22,74.629241
7.22,22,74.645668
7.2,22,74.664152
7.2,22,74.683318
7.98,30,74.705627
7.22,22,74.722605
7.2,22,74.739054
7.2,22,74.755693
7.2,22,74.772219
7.22,22,74.788825
7.65,26,74.812944
7.2,22,74.832581
7.2,22,74.852074
7.2,22,74.86881
7.26,24,74.887075
7.24,24,74.90498
2.11,35,74.932498
7.5,26,74.951858
8.09,34,74.977213
7.2,22,74.993556
7.2,22,75.009912
7.65,26,75.033484
7.24,22,75.050006
7.59,26,75.069139
7.2,22,75.086065
7.2,22,75.103072
7.2,22,75.119381
7.22,30,75.146698
7.87,30,75.192888
7.2,22,75.20955
7.2,24,75.227461
7.2,22,75.244306
7.2,22,75.26075
7.24,22,75.277186
7.2,24,75.299896
7.48,26,75.323233
7.2,22,75.340456
7.2,22,75.357366
7.2,22,75.378291
7.22,24,75.396323
7.22,22,75.412751
7.2,24,75.43197
8.31,34,75.456965
7.24,22,75.476806
7.2,22,75.493483
7.2,22,75.509787
7.2,24,75.528008
7.09,24,75.547648
8.03,30,75.59011
7.24,22,75.6153
7.2,22,75.640385
7.2,22,75.674327
7.22,22,75.71081
7.2,22,75.735491
7.2,22,75.761946
7.65,26,75.797302
2.18,35,75.865905
7.24,22,75.899793
7.2,22,75.928866
7.2,24,75.957882
7.22,22,75.994091
7.22,24,76.028971
7.52,26,76.071961
7.24,24,76.105407
7.2,22,76.133421
7.2,22,76.159396
7.2,26,76.211877
7.2,22,76.262597
7.6,26,76.342614
7.22,22,76.395758
7.24,22,76.437095
7.22,22,76.463599
7.26,22,76.489491
7.2,22,76.515079
7.63,26,78.243985
7.26,22,78.260365
7.59,26,78.280016
7.22,24,78.298933
2.72,35,78.327922
7.48,26,78.35242
7.59,28,78.373123
7.22,22,78.389776
7.2,22,78.406369
7.2,22,78.423558
7.2,22,78.440785
7.24,22,78.457328
7.98,32,78.480927
7.69,26,78.500354
7.22,22,78.516618
7.2,22,78.537092
7.22,22,78.55413
7.2,22,78.570697
7.2,22,78.587882
7.2,26,78.607232
7.24,22,78.623789
7.22,22,78.640843
7.48,26,78.660203
7.2,22,78.676709
7.2,22,78.693409
7.2,22,78.71013
7.2,22,78.727032
7.2,24,78.744913
7.24,22,78.764859
8.22,34,78.804063
7.2,22,78.830968
7.24,22,78.856215
7.2,24,78.886814
7.22,24,78.916053
7.87,30,78.96315
8.0,32,78.998936
7.2,24,79.041771
7.2,22,79.089092
7.2,22,79.146197
7.71,26,79.224591
7.24,22,79.299438
7.22,22,79.327894
2.7,35,79.434758
8.11,34,79.515853
7.54,28,79.597655
7.28,24,79.646669
8.05,30,79.70642
7.26,22,79.731326
8.45,34,79.775271
7.22,22,79.807039
7.24,22,79.834282
7.2,24,79.890633
7.22,22,79.920777
7.2,22,79.941743
7.22,22,79.967444
7.24,24,79.985284
7.22,22,80.001816
7.98,32,80.025992
7.2,22,80.042585
7.2,22,80.059237
7.2,22,80.075861
7.24,22,80.092687
7.2,22,80.109451
7.22,22,80.125955
7.22,22,80.142808
7.2,22,80.160461
7.63,26,80.179943
7.2,22,80.199434
7.2,22,80.216063
7.2,22,80.232572
7.2,22,80.249316
7.24,22,80.265876
8.0,32,80.289644
7.24,22,80.312367
7.22,22,80.333082
7.5,26,80.35255
7.24,22,80.369024
7.2,22,80.385571
7.54,28,80.414376
7.2,22,80.432113
7.22,22,80.448988
7.65,26,80.468428
7.22,24,80.487696
7.59,26,80.512367
8.47,34,82.613383
7.2,22,82.641309
7.24,22,82.671005
7.22,22,82.698337
7.2,22,82.726242
8.04,30,82.76113
7.22,22,82.807499
7.24,22,82.856626
7.2,22,82.894633
7.59,26,82.927397
7.26,22,82.954897
7.65,26,82.999937
7.63,26,83.054785
7.2,22,83.080994
7.59,26,83.117064
7.65,26,83.137176
7.63,26,83.158908
7.2,22,83.175287
7.22,22,83.191917
8.26,34,83.21762
1.87,35,83.244462
7.22,22,83.266779
8.37,34,83.315197
7.2,22,83.346769
7.2,22,83.371681
7.2,22,83.402947
7.2,22,83.429617
7.22,22,83.460746
7.22,22,83.486722
7.2,22,83.514563
7.24,24,83.565062
7.2,22,83.592046
7.2,22,83.616326
1.64,35,83.722363
7.2,22,83.755827
7.2,22,83.915267
7.71,28,84.026568
7.65,26,84.139639
7.22,22,84.222248
7.24,22,84.314638
7.22,24,84.406482
7.22,22,84.494099
7.2,22,84.565729
7.2,22,84.587383
7.09,22,84.608462
7.22,22,84.629229
7.22,22,84.649977
7.2,24,84.672379
7.2,22,84.690739
7.2,22,84.707561
7.2,22,84.724144
7.22,22,84.740746
7.2,22,84.757257
7.24,22,84.783918
7.22,22,84.813404
7.59,28,84.8456
7.2,22,84.871772
7.2,22,84.898805
7.2,22,84.925304
7.69,28,84.963704
7.2,24,85.01489
7.2,22,85.041281
7.98,30,85.075856
7.2,22,85.103949
7.22,24,85.139854
7.2,26,85.171477
7.59,26,85.2024
7.49,26,85.231726
7.2,22,85.257942
7.26,24,85.286618
7.09,22,85.31557
7.2,22,85.357058
7.2,22,85.383991
7.2,22,85.423557
7.2,22,85.45126
7.24,22,85.477155
7.2,22,85.505552
7.2,22,85.537404
7.22,22,85.577043
7.65,26,85.608958
7.22,22,85.634921
7.2,22,85.664415
7.2,22,85.691233
7.28,22,85.720602
7.2,22,85.741379
7.2,22,85.761436
7.59,26,85.781804
7.2,24,88.19756
7.22,22,88.220237
7.22,22,88.236912
7.22,22,88.253426
7.22,22,88.270371
7.2,22,88.286752
7.2,22,88.303608
7.2,22,88.322122
7.95,30,88.345935
7.24,22,88.36311
7.2,22,88.382643
7.69,26,88.401889
7.26,22,88.418439
7.22,22,88.435106
7.22,22,88.453578
7.2,24,88.471597
2.8,35,88.49864
8.47,34,88.524494
7.2,22,88.541642
7.2,24,88.560312
7.2,22,88.576616
7.22,22,88.593822
7.69,28,88.615627
7.28,22,88.632456
7.2,22,88.648911
7.24,22,88.666087
7.67,26,88.685638
7.2,22,88.707309
7.09,24,88.725683
7.65,28,88.746833
7.65,26,88.766601
7.2,22,88.783119
7.2,22,88.799775
7.2,22,88.825266
7.24,22,88.841936
7.2,22,88.858642
7.2,22,88.875146
7.22,22,88.89181
7.24,22,88.914122
7.22,22,88.930783
7.94,30,88.952967
7.24,24,88.970837
7.61,26,88.994032
7.2,22,89.011129
7.2,22,89.031973
7.22,22,89.048568
7.28,22,89.065444
7.22,22,89.081789
7.26,22,89.099022
7.2,22,89.120245
7.2,22,89.141206
7.2,22,89.162975
7.2,22,89.184035
7.26,22,89.204804
7.2,24,89.229402
7.22,22,89.249439
7.22,22,89.268495
7.22,22,89.284995
7.28,22,89.302001
7.2,22,89.319179
7.2,22,89.338036
7.2,22,89.36115
7.2,24,89.383908
7.22,22,89.40475
7.2,24,89.426078
7.22,22,89.443322
7.24,24,89.462484
7.59,28,89.483289
7.65,26,89.502999
7.61,26,89.523174
7.2,22,89.539748
7.2,22,89.556592
7.22,22,89.57355
7.59,26,89.59323
7.2,22,89.613382
7.24,24,89.631758
7.24,22,89.667763
7.2,22,89.684697
7.26,22,89.701366
7.2,22,89.718572
7.2,22,89.735426
7.66,28,89.756183
8.26,34,89.781717
7.24,22,89.798358
7.2,24,89.816794
7.37,28,89.838626
7.2,22,89.857035
7.22,22,91.081809
7.2,22,91.098309
7.22,24,91.116196
7.2,22,91.134423
8.01,30,91.157199
7.22,22,91.173606
7.22,22,91.189843
7.24,22,91.206865
7.69,26,91.226076
7.26,22,91.242496
7.22,22,91.262805
7.2,22,91.279108
7.09,22,91.301556
7.24,22,91.323375
7.24,22,91.340348
7.2,24,91.358251
7.24,22,91.37887
7.24,22,91.395723
7.2,22,91.412472
7.61,26,91.434999
7.2,24,91.454021
7.2,24,91.471968
7.24,22,91.488464
7.22,22,91.505596
7.26,24,91.524015
7.22,22,91.540841
7.22,22,91.56338
7.24,22,91.579758
7.24,22,91.596685
7.2,22,91.613427
7.09,22,91.631118
7.22,22,91.648532
7.24,24,91.686675
0.91,35,91.714013
7.22,22,91.730933
7.2,22,91.747596
7.62,26,91.766881
7.2,22,91.783422
7.26,22,91.799765
7.28,22,91.816849
7.2,22,91.834274
8.06,30,91.858254
7.24,22,91.878885
7.22,22,91.897427
7.22,22,91.918024
7.24,22,91.938445
7.26,22,91.955211
7.2,22,91.976954
7.2,22,91.993566
7.24,22,92.009977
7.28,22,92.026609
7.22,22,92.043639
7.09,22,92.060227
7.2,22,92.076599
7.26,22,92.094113
7.2,22,92.113431
7.22,22,92.129978
7.87,30,92.15301
7.63,26,92.174704
7.22,22,92.195678
8.06,34,92.227564
7.2,22,92.248428
7.28,24,92.270947
8.09,30,92.298195
7.26,22,92.322386
7.28,22,92.342214
7.61,26,92.36534
7.2,22,92.381812
7.28,22,92.398228
7.2,22,92.414743
7.65,26,92.434271
7.2,24,92.452861
7.22,22,92.469693
7.61,26,92.488837
8.25,34,92.522451
7.24,22,92.538791
7.2,22,92.555121
7.2,22,92.571426
7.28,22,92.587941
7.59,26,92.607036
7.22,22,92.623493
7.65,26,92.642838
7.09,22,92.659466
7.24,22,92.675703
7.22,22,92.692071
7.24,24,92.710414
7.24,22,92.732004
8.02,30,93.912112
7.22,22,93.928342
7.2,22,93.944351
7.22,22,93.960607
7.54,26,93.979602
2.27,35,94.005959
7.24,22,94.023251
7.22,22,94.041087
7.22,22,94.057196
7.26,22,94.075809
8.52,34,94.100358
7.24,22,94.117194
7.22,22,94.1335
7.67,26,94.153591
7.62,26,94.172565
7.26,22,94.188656
7.22,22,94.204881
7.61,26,94.229661
7.2,22,94.246232
7.24,22,94.262733
7.24,22,94.279392
7.2,22,94.295734
7.22,22,94.315121
7.22,22,94.334548
7.24,22,94.3516
7.68,26,94.378855
7.22,22,94.395217
7.59,26,94.415177
7.26,22,94.432026
2.24,35,94.468505
7.22,26,94.487884
7.22,22,94.504209
0.9,35,94.531168
7.85,30,94.5531
7.26,22,94.569602
7.09,22,94.588959
7.22,22,94.60533
7.61,26,94.625672
7.62,26,94.646322
7.24,22,94.668172
7.88,30,94.690049
2.61,35,94.71768
7.64,26,94.737616
2.31,35,94.764216
7.09,22,94.781386
2.53,35,94.808525
2.45,35,94.837987
7.26,22,94.854601
8.44,34,94.879465
7.66,26,94.898701
7.65,26,94.923927
7.2,22,94.945708
7.63,26,94.965028
7.22,22,94.981207
7.22,22,94.997423
7.2,22,95.01421
7.2,22,95.03062
7.64,26,95.0497
8.21,34,95.07429
7.61,28,95.094897
7.6,26,95.114465
2.49,35,95.141458
7.26,24,95.160071
7.2,22,95.176332
2.51,35,95.20263
2.53,35,95.229266
7.28,22,95.253536
7.26,22,95.274081
7.22,22,95.290381
7.24,22,95.307436
7.24,22,95.326778
7.22,22,95.348039
7.22,22,95.364473
8.2,34,95.39702
8.07,30,95.420815
7.64,26,95.441345
7.2,22,95.458679
7.67,26,95.479714
7.6,26,95.498798
7.71,26,95.517803
7.22,22,96.684164
7.24,22,96.702935
7.6,26,96.724445
7.24,22,96.741308
7.63,26,96.760713
7.28,22,96.777324
7.28,22,96.794568
7.2,22,96.811488
7.28,22,96.828343
7.26,22,96.845196
7.22,24,96.86318
7.24,22,96.879632
7.61,26,96.899163
7.37,26,96.919217
7.61,26,96.938999
7.61,26,96.958484
8.18,34,96.983626
7.65,26,97.005902
7.61,26,97.025717
8.0,34,97.054305
7.65,26,97.073846
7.65,26,97.09542
7.59,26,97.116394
7.67,26,97.136545
7.2,22,97.154618
7.91,30,97.177277
7.22,22,97.201694
7.2,22,97.21838
7.2,22,97.234675
7.22,22,97.251133
7.67,26,97.270027
7.22,22,97.286124
7.22,22,97.303554
7.2,22,97.323345
7.98,32,97.347171
7.22,22,97.36382
7.24,22,97.380165
8.08,30,97.405981
2.57,35,97.437217
7.22,22,97.456376
7.91,30,97.479325
7.83,30,97.501087
7.28,22,97.517612
7.77,32,97.540802
7.22,22,97.556821
7.85,30,97.578331
7.26,22,97.594386
7.22,28,97.614575
7.84,30,97.636285
7.22,24,97.658431
7.71,26,97.677359
7.64,26,97.696326
8.02,30,97.718542
7.22,22,97.735209
7.6,28,97.757265
8.06,30,97.780557
7.26,24,97.798993
7.24,22,97.815828
1.7,35,97.843548
7.24,22,97.860196
7.2,22,97.87677
7.59,26,97.896448
8.12,30,97.923971
7.63,26,97.947493
7.22,22,97.964784
7.24,22,97.989436
7.09,22,98.005804
7.2,24,98.02359
7.24,22,98.039909
7.6,26,98.067445
7.26,22,98.088501
7.68,26,98.109764
7.22,22,98.130125
7.26,22,98.150186
7.22,22,98.166934
2.51,35,98.194837
7.2,22,98.212681
7.67,26,98.23591
7.2,22,98.254285
8.01,30,98.27676
7.2,22,98.293295
7.2,22,99.77237
7.2,24,99.792041
7.26,22,99.808769
7.2,22,99.825463
7.2,22,99.842159
7.2,22,99.863032
7.22,24,99.881056
7.24,22,99.898242
7.2,22,99.915311
7.22,22,99.932406
8.05,30,99.955827
7.26,22,99.972446
2.64,35,100.00004
7.22,22,100.016686
8.16,34,100.041914
7.2,22,100.063171
7.22,22,100.079788
7.61,26,100.100459
7.56,30,100.123387
7.24,22,100.141023
7.2,22,100.15882
7.2,22,100.175405
7.53,26,100.194788
2.67,35,100.227757
7.67,26,100.25603
7.2,22,100.272333
7.2,22,100.288637
7.22,22,100.306084
7.6,26,100.328278
7.26,24,100.346801
7.22,22,100.364118
7.26,24,100.382426
7.2,22,100.399351
2.79,35,100.427969
7.24,22,100.451751
7.2,22,100.47345
7.24,24,100.491717
8.06,30,100.523106
7.24,22,100.540095
7.24,22,100.557108
7.2,22,100.581954
7.2,22,100.606447
8.0,30,100.62941
7.2,22,100.647126
7.2,22,100.66405
7.22,22,100.680779
7.22,22,100.69785
7.59,26,100.717429
8.36,34,100.742955
7.69,26,100.765409
7.22,22,100.782178
7.2,22,100.79916
7.24,24,100.817613
7.67,26,100.837821
7.22,22,100.854995
7.2,22,100.871242
7.26,22,100.887583
8.43,34,100.912192
7.2,22,100.928845
7.22,22,100.945067
7.24,22,100.967641
7.28,22,100.984075
8.0,30,101.006538
7.26,22,101.022701
7.22,22,101.039057
7.2,22,101.055398
7.24,22,101.080554
7.22,22,101.09696
7.22,22,101.113891
7.2,22,101.131406
7.24,22,101.1494
7.24,22,101.167194
8.0,30,101.192192
7.2,22,101.209856
7.2,22,101.226673
7.26,22,101.243593
7.56,26,101.263963
7.24,22,101.285904
7.24,22,101.302618
7.24,22,101.321301
7.67,26,101.342259
7.22,22,101.359029
7.15,26,101.378434
7.59,26,101.397698
7.2,22,101.414335
7.2,22,102.671202
7.67,26,102.69042
7.65,26,102.709686
7.22,24,102.727751
7.2,22,102.744113
7.24,22,102.760721
7.26,22,102.777128
7.22,22,102.793731
7.28,22,102.811358
7.22,22,102.827797
7.2,22,102.844652
7.2,24,102.862548
7.24,22,102.879006
7.24,22,102.895388
7.61,26,102.915193
7.54,26,102.941596
7.22,22,102.958073
7.24,22,102.974391
7.22,22,102.991605
2.89,35,103.01903
7.22,22,103.035613
7.22,22,103.052233
2.64,35,103.085361
7.22,22,103.110449
7.22,22,103.128141
7.2,22,103.146321
7.2,22,103.16345
7.28,22,103.180207
7.2,22,103.197107
7.22,22,103.215626
7.2,22,103.236368
8.05,30,103.258864
8.08,30,103.281795
7.2,22,103.298735
7.26,22,103.315283
7.22,22,103.334868
7.28,22,103.351689
7.26,22,103.368667
7.28,22,103.385327
7.61,26,103.40561
7.26,22,103.423246
7.59,26,103.443061
7.2,22,103.459631
7.49,26,103.479884
7.24,26,103.499172
7.22,22,103.515741
7.22,22,103.537193
8.12,30,103.560332
7.67,26,103.591245
7.22,24,103.608936
7.2,22,103.625601
7.24,22,103.642169
7.2,22,103.658721
7.2,22,103.675365
7.2,22,103.691746
7.24,22,103.708162
0.66,35,103.734697
8.12,30,103.756669
7.24,22,103.77289
7.22,22,103.789012
7.24,22,103.805183
7.24,22,103.821826
7.63,26,103.840919
7.24,22,103.857283
7.2,22,103.873568
7.98,30,103.903247
7.24,22,103.919805
7.22,22,103.944199
7.67,26,103.96438
7.2,22,103.984316
7.2,22,104.001106
7.2,22,104.018879
7.61,26,104.038164
7.2,22,104.054694
7.22,22,104.071259
7.2,22,104.087687
8.0,30,104.109789
7.67,26,104.129786
7.67,26,104.150717
7.22,22,104.167237
7.59,26,104.186459
8.39,34,104.211569
7.2,22,104.228537
7.22,22,104.244709
7.62,26,104.267637
7.2,22,105.442967
7.24,24,105.461139
7.22,22,105.478043
7.22,22,105.495907
7.24,22,105.51318
7.26,22,105.530062
7.2,22,105.546486
7.2,22,105.562917
7.61,26,105.587287
7.28,22,105.604243
7.26,22,105.627434
7.24,22,105.645381
7.63,26,105.664695
7.26,22,105.681197
7.98,30,105.710791
7.2,22,105.727729
7.99,32,105.752609
7.59,26,105.772331
7.22,22,105.789843
7.59,26,105.809665
7.24,22,105.826803
7.22,22,105.844098
7.24,24,105.871304
1.42,35,105.897637
7.24,24,105.91697
8.14,30,105.939717
2.74,35,105.967045
7.28,22,105.983925
7.2,22,106.002078
7.65,26,106.021711
7.28,22,106.038586
7.65,26,106.058205
7.2,22,106.085293
7.2,22,106.106345
2.63,35,106.134904
7.26,22,106.153872
7.22,22,106.170486
7.24,22,106.188116
7.22,22,106.204618
7.2,22,106.221422
7.24,22,106.237828
8.18,30,106.260911
7.22,22,106.277827
7.24,22,106.29431
7.24,22,106.310706
7.2,22,106.330802
2.61,35,106.362044
7.65,28,106.385738
7.22,24,106.403664
7.26,22,106.420088
7.22,22,106.436762
7.22,22,106.453874
7.24,22,106.470687
7.22,22,106.488096
7.2,22,106.5048
7.63,26,106.524544
7.2,22,106.542284
7.28,22,106.558771
7.2,22,106.579206
7.22,24,106.598121
7.22,22,106.614464
7.22,22,106.631325
7.59,26,106.658763
8.22,34,106.692097
7.24,22,106.712267
7.22,22,106.728944
7.65,26,106.748202
7.24,24,106.766039
7.63,26,106.785735
7.22,22,106.802246
7.22,22,106.819305
7.63,26,106.839139
7.61,26,106.858689
7.24,22,106.878266
7.22,22,106.896001
2.54,35,106.924184
7.59,26,106.94447
7.61,28,106.965255
7.99,30,106.992687
7.06,22,107.013034
8.37,34,107.039756
7.68,26,107.059784
7.2,22,107.07705
7.24,22,107.093558
7.22,22,108.349858
7.2,22,108.367025
7.22,22,108.38465
7.67,26,108.404234
7.22,22,108.421697
7.61,26,108.441567
7.2,22,108.458006
7.69,26,108.477542
7.26,22,108.495362
7.24,22,108.511758
7.2,22,108.528283
7.22,24,108.546412
7.62,26,108.565641
7.71,28,108.586164
7.22,22,108.6026
7.22,22,108.619297
7.61,28,108.640044
7.22,22,108.656336
7.22,22,108.672789
7.24,22,108.69505
7.24,22,108.720932
7.2,22,108.737439
7.61,26,108.756697
7.67,26,108.775954
7.22,22,108.792644
7.2,22,108.809088
7.09,22,108.825604
7.22,22,108.841961
7.26,22,108.858404
7.59,26,108.877844
7.28,24,108.895609
7.22,22,108.916792
7.2,22,108.933641
7.2,24,108.951409
7.24,24,108.969642
7.2,22,108.986187
7.22,22,109.002616
7.69,26,109.022053
7.22,22,109.038572
7.22,22,109.05494
7.22,22,109.071399
7.24,22,109.087772
7.22,22,109.109174
7.22,22,109.126339
7.26,24,109.145336
7.28,22,109.16715
7.22,22,109.183812
7.26,22,109.200785
7.69,26,109.220843
7.22,22,109.238026
7.61,26,109.258139
7.24,22,109.274791
7.24,24,109.293078
7.22,22,109.31018
7.2,22,109.329741
7.24,22,109.34656
7.22,22,109.362928
7.24,22,109.379169
7.71,28,109.400015
7.22,22,109.416358
7.24,22,109.432897
7.2,22,109.449823
7.2,22,109.470049
7.59,26,109.511597
8.06,30,109.534589
7.61,26,109.554199
7.28,22,109.570939
7.28,22,109.58756
7.2,22,109.604457
7.22,22,109.621567
7.22,24,109.6396
7.22,22,109.656175
7.59,26,109.675992
7.28,22,109.695948
7.26,22,109.722256
7.22,22,109.739642
8.04,32,109.763064
7.22,22,109.77946
7.2,22,109.795956
7.63,26,109.815125
7.24,22,109.831808
7.67,26,109.851113
7.22,22,109.867597
7.22,24,109.885228
7.22,22,109.901815
7.59,26,109.921026
7.22,22,109.9376
7.22,22,109.954168
7.24,22,111.172414
7.22,22,111.190659
7.67,26,111.211991
7.22,22,111.228835
7.24,22,111.246583
7.28,22,111.263218
7.28,22,111.279967
7.2,22,111.296476
7.94,30,111.322671
7.2,22,111.339663
7.26,22,111.356453
7.22,22,111.373375
7.24,22,111.390091
7.24,22,111.406758
7.22,22,111.423655
7.67,26,111.443223
7.22,22,111.459963
7.24,22,111.476683
7.24,24,111.517489
7.24,22,111.534059
7.26,22,111.550588
7.24,22,111.567059
7.24,22,111.583542
7.67,26,111.602811
7.2,22,111.619467
7.22,22,111.636239
7.22,22,111.652901
7.26,22,111.669318
7.24,22,111.685981
7.22,22,111.707891
7.26,22,111.724691
7.98,30,111.74882
7.22,22,111.771631
7.24,22,111.788029
7.26,22,111.804334
7.22,22,111.821404
7.66,26,111.840727
7.26,22,111.857239
7.63,28,111.878162
7.2,22,111.8946
7.22,22,111.91277
7.26,22,111.930678
7.22,22,111.947566
7.28,22,111.964079
7.26,22,111.980485
7.71,26,111.999835
7.67,26,112.019068
7.26,22,112.035863
7.26,22,112.052197
7.22,22,112.068774
7.22,22,112.086692
7.24,22,112.103239
7.2,24,112.126399
7.26,22,112.143723
7.26,22,112.161596
7.22,22,112.178327
7.71,26,112.197694
7.22,22,112.214687
7.24,22,112.2316
7.22,22,112.248177
7.22,22,112.264647
7.22,24,112.302882
7.22,22,112.322742
7.22,22,112.339552
7.2,22,112.356164
7.22,22,112.372736
7.24,22,112.389307
7.24,22,112.405761
7.22,22,112.42272
7.28,22,112.446151
7.28,22,112.467097
7.2,22,112.487849
7.24,22,112.511187
2.17,35,112.538483
7.2,22,112.555416
7.26,22,112.574321
7.24,22,112.59435
7.2,22,112.610881
7.22,22,112.627682
7.2,22,112.644449
7.22,22,112.660703
7.09,22,112.677138
7.26,22,112.693532
7.61,26,112.71324
7.22,22,112.729719
7.26,22,112.752645
7.59,26,112.774157
7.22,22,112.796064
7.22,22,112.813046
1.23,35,114.040087
7.28,22,114.056617
7.28,22,114.073054
7.65,26,114.092299
7.24,22,114.108772
1.34,35,114.135712
7.28,22,114.153964
7.22,22,114.170662
8.02,30,114.193756
7.26,22,114.210667
7.24,22,114.227769
7.61,26,114.251487
8.45,34,114.279546
7.22,22,114.296018
7.22,24,114.325251
7.22,22,114.342482
7.2,22,114.358932
7.69,30,114.38087
7.63,26,114.400866
7.98,30,114.424487
7.22,22,114.442805
7.24,22,114.460996
7.26,24,114.47977
7.63,26,114.499203
7.28,22,114.516665
7.24,22,114.537805
8.04,30,114.559983
7.63,26,114.579385
7.24,22,114.599416
7.24,22,114.616491
7.28,22,114.633325
8.06,30,114.655635
8.02,32,114.680088
7.22,22,114.696556
7.2,22,114.71301
7.24,22,114.729469
8.11,30,114.751834
8.08,30,114.773794
7.26,22,114.790205
7.2,22,114.808067
7.09,22,114.83187
7.26,22,114.849652
8.06,30,114.871712
7.22,24,114.892094
7.24,22,114.90909
7.24,22,114.925853
7.63,26,114.945414
7.24,22,114.961967
8.43,34,114.987616
7.24,22,115.0049
7.28,22,115.021699
8.02,30,115.044193
7.24,22,115.06176
7.63,26,115.081107
7.28,22,115.097553
7.63,26,115.129838
7.24,22,115.148282
7.28,22,115.165242
8.08,32,115.189632
8.02,30,115.212139
7.67,26,115.231921
7.73,26,115.251084
7.24,22,115.267294
7.61,26,115.286631
7.61,26,115.306066
7.09,22,115.328719
8.04,30,115.351658
7.22,22,115.368202
7.28,22,115.384584
7.24,22,115.40109
7.22,22,115.420565
7.61,26,115.439851
2.87,35,115.467291
7.2,22,115.483831
7.26,22,115.499891
7.2,22,115.516981
7.28,22,115.533663
7.24,22,115.550028
7.24,22,115.566138
7.09,22,115.582738
7.26,22,115.599089
7.26,22,115.615311
7.28,22,115.631835
7.24,22,117.001067
7.22,22,117.01807
7.2,22,117.035678
7.24,22,117.052382
8.0,30,117.076057
8.12,32,117.101465
7.28,22,117.118163
7.24,22,117.134873
7.24,22,117.152212
7.24,22,117.16861
8.49,34,117.193152
7.2,22,117.209865
7.22,22,117.227355
2.69,35,117.265204
2.63,35,117.291948
7.26,22,117.30886
7.22,22,117.328854
7.67,26,117.348978
7.28,22,117.365721
7.63,26,117.385561
7.22,22,117.402399
7.63,26,117.422424
7.24,22,117.439301
7.24,22,117.461005
7.26,22,117.477958
7.2,22,117.494626
7.24,22,117.512934
7.24,22,117.530118
7.24,22,117.547053
7.09,22,117.563285
7.26,22,117.579588
7.59,26,117.598783
7.69,28,117.619137
7.61,26,117.638766
7.28,22,117.655022
7.59,26,117.674024
2.51,35,117.700792
7.73,26,117.720166
7.28,22,117.736693
7.2,22,117.753063
8.02,30,117.777488
7.28,22,117.79385
7.63,26,117.812939
8.06,30,117.839257
7.65,26,117.858643
7.26,22,117.876856
7.28,24,117.912243
8.06,30,117.94208
7.24,22,117.959215
7.24,22,117.976038
7.61,26,117.996011
7.61,26,118.015893
7.2,22,118.032742
2.77,35,118.069335
7.2,22,118.086346
7.24,22,118.103102
7.24,22,118.119946
7.2,22,118.137702
7.2,24,118.157604
8.02,30,118.185072
7.24,22,118.201561
7.24,22,118.21934
8.06,30,118.244751
8.0,30,118.272771
7.24,22,118.289471
8.12,30,118.311639
8.08,30,118.335633
7.2,22,118.352226
8.02,30,118.374102
7.69,26,118.393137
7.24,22,118.409276
7.22,22,118.425766
7.28,22,118.443137
7.28,22,118.460201
7.24,22,118.478456
7.98,30,118.502872
8.47,34,118.529885
7.28,22,118.546856
8.04,30,118.569741
8.06,32,118.593942
7.65,26,118.61335
7.59,26,119.809784
7.24,22,119.826322
8.41,34,119.851354
7.2,22,119.867674
7.24,22,119.884021
7.67,26,119.903585
7.26,22,119.919829
2.26,35,119.952882
7.22,22,119.97742
7.26,22,119.994409
7.22,24,120.01355
2.64,35,120.050015
7.61,26,120.069213
7.67,26,120.088759
7.2,22,120.105082
7.59,26,120.124604
7.28,22,120.141359
8.08,32,120.171674
7.28,22,120.189635
7.28,22,120.208175
8.06,30,120.234146
7.61,26,120.254095
7.28,22,120.272138
7.59,26,120.292361
7.73,26,120.311427
8.04,30,120.335827
7.24,22,120.352183
7.28,22,120.368368
2.68,35,120.395857
7.28,22,120.412318
7.67,28,120.433626
7.09,22,120.450394
7.69,26,120.470087
7.22,22,120.486665
7.24,22,120.503047
7.24,22,120.524222
7.2,22,120.54107
8.06,30,120.563768
8.12,30,120.586406
7.95,30,120.613344
2.91,35,120.640609
1.69,35,120.66764
2.78,35,120.694592
7.28,22,120.711972
7.24,22,120.728472
7.73,26,120.74784
7.61,28,120.769401
8.04,30,120.791884
7.61,26,120.811288
7.67,26,120.841625
2.66,35,120.878202
7.28,22,120.895338
2.91,35,120.922594
8.04,30,120.949178
7.28,22,120.965948
7.59,26,120.992624
2.76,35,121.021585
7.24,22,121.038604
2.97,35,121.065615
7.67,26,121.089537
7.59,26,121.117557
7.65,26,121.145392
8.08,30,121.168604
8.02,30,121.192117
7.2,24,121.211854
7.24,22,121.23237
7.67,26,121.252839
7.63,26,121.272614
8.08,32,121.297563
2.97,35,121.32781
7.28,22,121.344747
8.04,30,121.368634
8.47,34,121.393724
7.24,22,121.410088
8.49,34,121.436443
2.79,35,121.466088


