#{"t_start": 1663528815.3026867, "env_id": "GridRoadEnv-v0"}
r,l,t
0.34,35,0.043805
0.56,35,0.072418
0.75,35,0.100369
0.65,35,0.127665
0.5,35,0.155461
1.31,35,0.181909
0.2,35,0.210283
0.68,35,0.250544
1.48,35,0.278205
0.9,35,0.305066
0.92,35,0.33917
1.15,35,0.365579
1.69,35,0.392158
0.78,35,0.418181
-0.0,35,0.444406
1.28,35,0.474652
1.63,35,0.502506
0.34,35,0.529849
0.9,35,0.55635
0.71,35,0.583558
2.25,35,0.613406
0.98,35,0.640382
2.66,35,0.667315
1.46,35,0.705648
1.42,35,0.738205
2.45,35,0.765409
0.38,35,0.792591
1.12,35,0.819467
1.91,35,0.862416
1.94,35,0.889106
0.68,35,0.926138
1.49,35,0.952874
2.19,35,0.981657
0.92,35,1.008447
1.13,35,1.035157
0.91,35,1.061661
1.24,35,1.089508
0.92,35,1.116396
2.19,35,1.148339
1.81,35,1.178093
1.43,35,1.204733
0.48,35,1.232325
1.02,35,1.266022
2.07,35,1.293468
1.4,35,1.322664
0.99,35,1.349716
0.72,35,1.380729
1.47,35,1.408487
1.87,35,1.435174
0.61,35,1.461912
0.28,35,1.488575
1.57,35,1.515054
2.01,35,1.545812
1.03,35,1.572167
1.49,35,1.603695
0.29,35,1.630128
1.24,35,1.660423
1.48,35,1.702302
1.96,35,2.919231
1.14,35,2.946686
1.18,35,2.973941
0.6,35,3.000484
1.28,35,3.032756
1.63,35,3.059402
1.81,35,3.08827
0.31,35,3.116947
1.75,35,3.150972
0.8,35,3.17778
0.2,35,3.205155
0.25,35,3.232252
1.65,35,3.259468
2.05,35,3.286521
0.4,35,3.324106
1.86,35,3.351882
0.34,35,3.38176
0.08,35,3.407921
0.57,35,3.434408
1.41,35,3.46357
1.92,35,3.496307
2.04,35,3.524071
1.04,35,3.551291
1.43,35,3.578193
1.02,35,3.609652
0.82,35,3.637602
0.89,35,3.664784
1.04,35,3.69845
0.45,35,3.725547
1.58,35,3.75233
2.0,35,3.781706
1.22,35,3.809142
2.7,35,3.840472
1.28,35,3.867472
1.47,35,3.893471
1.51,35,3.91974
-0.05,35,3.953031
-0.06,35,3.980413
0.78,35,4.007063
0.85,35,4.033876
1.64,35,4.064143
0.87,35,4.096263
1.74,35,4.12563
2.14,35,4.153522
1.43,35,4.180651
0.75,35,4.207559
0.88,35,4.234435
1.26,35,4.262528
1.28,35,4.294135
0.27,35,4.330976
0.41,35,4.372594
1.1,35,4.439574
1.26,35,4.482542
1.79,35,4.539985
1.56,35,4.587401
2.82,35,4.632483
0.43,35,4.7128
1.59,35,4.791401
0.5,35,4.836507
1.51,35,6.14144
1.62,35,6.167991
1.64,35,6.194109
2.15,35,6.220741
1.33,35,6.247115
0.55,35,6.273198
0.92,35,6.299229
1.11,35,6.330988
1.66,35,6.376034
1.82,35,6.414042
1.65,35,6.44789
1.85,35,6.481587
2.92,35,6.515302
2.19,35,6.543709
2.04,35,6.569986
1.1,35,6.600146
1.75,35,6.626512
1.55,35,6.653234
1.81,35,6.683177
2.29,35,6.70955
2.51,35,6.735936
2.14,35,6.763169
2.52,35,6.789439
2.65,35,6.819562
2.65,35,6.846227
1.8,35,6.891015
0.86,35,6.917481
1.58,35,6.949327
1.86,35,6.982569
1.55,35,7.010306
1.44,35,7.041422
2.02,35,7.068435
0.47,35,7.097142
1.35,35,7.123636
1.99,35,7.151373
1.07,35,7.177691
2.62,35,7.205568
2.23,35,7.233018
0.75,35,7.269869
1.06,35,7.304125
0.27,35,7.340546
1.76,35,7.371315
2.35,35,7.404931
1.45,35,7.435483
0.93,35,7.462611
0.73,35,7.494068
1.6,35,7.521033
-0.08,35,7.54904
2.92,35,7.579283
2.07,35,7.606317
0.63,35,7.633796
1.74,35,7.660535
2.22,35,7.6875
2.37,35,7.718795
0.93,35,7.766417
1.04,35,7.794392
0.43,35,7.822422
1.37,35,7.851384
2.35,35,9.351146
2.22,35,9.378545
1.4,35,9.40579
1.37,35,9.433816
1.8,35,9.46811
2.75,35,9.495101
2.23,35,9.525367
1.5,35,9.55894
1.5,35,9.589849
0.74,35,9.616787
1.75,35,9.643611
1.28,35,9.671554
-0.04,35,9.699291
1.29,35,9.726488
2.35,35,9.753541
1.01,35,9.784581
1.56,35,9.81203
2.27,35,9.839679
1.25,35,9.868476
1.42,35,9.895285
1.47,35,9.922276
2.11,35,9.949988
0.79,35,9.980099
1.98,35,10.012712
1.26,35,10.039659
2.88,35,10.086073
1.47,35,10.114429
2.29,35,10.142429
0.06,35,10.170647
0.78,35,10.210849
1.18,35,10.246478
1.51,35,10.274566
1.15,35,10.303593
0.66,35,10.337048
1.61,35,10.364195
2.29,35,10.391569
2.12,35,10.418782
0.93,35,10.449828
2.07,35,10.486546
0.71,35,10.513547
2.45,35,10.544312
1.13,35,10.571307
2.3,35,10.598294
1.4,35,10.625226
0.62,35,10.652161
0.68,35,10.678811
1.01,35,10.71144
0.3,35,10.738786
1.6,35,10.766095
1.9,35,10.793201
2.32,35,10.820129
1.19,35,10.850404
1.99,35,10.880528
1.16,35,10.932815
2.04,35,10.96006
0.93,35,10.987836
2.76,35,11.015453
2.59,35,11.041994
1.02,35,11.068906
2.54,35,12.329562
1.26,35,12.356842
0.69,35,12.383723
0.98,35,12.410326
2.62,35,12.441542
2.02,35,12.470639
1.19,35,12.497473
0.95,35,12.536375
1.39,35,12.56377
1.93,35,12.591121
2.27,35,12.61798
1.99,35,12.644542
0.97,35,12.676549
1.55,35,12.703785
1.02,35,12.73047
1.97,35,12.762068
7.54,26,12.784768
2.47,35,12.811458
2.0,35,12.839244
1.81,35,12.866027
2.11,35,12.892748
1.99,35,12.919381
1.68,35,12.946145
0.73,35,13.002199
1.1,35,13.031961
1.78,35,13.058855
2.88,35,13.087103
2.0,35,13.11587
1.73,35,13.144367
1.86,35,13.171247
2.08,35,13.202909
2.85,35,13.230154
2.68,35,13.257013
1.22,35,13.283592
1.72,35,13.315891
1.6,35,13.343792
1.42,35,13.370832
1.68,35,13.398115
1.24,35,13.430176
1.69,35,13.458765
1.7,35,13.486437
1.42,35,13.513567
2.88,35,13.548557
2.21,35,13.576333
2.02,35,13.6043
0.74,35,13.635031
0.87,35,13.665081
0.57,35,13.691914
2.36,35,13.719686
0.73,35,13.746799
2.18,35,13.773926
2.81,35,13.818892
1.07,35,13.851878
1.04,35,13.878933
2.6,35,13.912543
1.69,35,13.941416
2.19,35,13.968458
1.52,35,13.99601
1.89,35,15.17355
7.87,32,15.197616
1.11,35,15.224456
1.93,35,15.251108
1.57,35,15.278313
2.34,35,15.307394
1.44,35,15.337644
1.42,35,15.368455
2.96,35,15.400832
1.69,35,15.428741
1.48,35,15.455934
1.76,35,15.4826
2.55,35,15.509948
1.1,35,15.536888
1.86,35,15.564341
2.09,35,15.599075
1.36,35,15.630781
1.79,35,15.660783
1.69,35,15.687546
2.16,35,15.715099
1.63,35,15.742077
2.79,35,15.769201
1.38,35,15.814554
3.0,35,15.845944
2.31,35,15.872807
1.81,35,15.899471
1.56,35,15.927166
1.1,35,15.957249
1.93,35,15.983874
2.8,35,16.015956
0.87,35,16.049674
3.19,35,16.078071
2.75,35,16.106112
2.87,35,16.134537
1.09,35,16.163233
2.29,35,16.190125
1.97,35,16.21725
1.28,35,16.244002
1.29,35,16.278681
1.24,35,16.306223
1.85,35,16.336834
2.16,35,16.364464
2.46,35,16.39175
1.08,35,16.418886
1.32,35,16.446116
2.33,35,16.473533
3.03,35,16.505763
1.91,35,16.533271
2.13,35,16.560332
2.47,35,16.594871
2.64,35,16.628708
1.55,35,16.675432
1.81,35,16.702811
2.23,35,16.73672
1.09,35,16.764866
2.37,35,16.793134
2.55,35,16.820333
1.56,35,16.847846
1.68,35,16.874662
2.5,35,18.1337
2.43,35,18.162707
2.29,35,18.189297
1.22,35,18.216416
2.02,35,18.24282
1.21,35,18.269824
1.89,35,18.29627
1.6,35,18.325562
2.32,35,18.356683
1.87,35,18.384487
2.21,35,18.411471
2.57,35,18.442284
1.41,35,18.469518
2.52,35,18.496746
1.1,35,18.52448
1.55,35,18.551717
3.3,35,18.58371
2.56,35,18.6106
1.4,35,18.637179
1.33,35,18.672787
2.11,35,18.707227
1.32,35,18.73468
0.72,35,18.761329
2.05,35,18.793439
2.74,35,18.821017
1.19,35,18.850256
1.42,35,18.876731
1.01,35,18.903127
2.23,35,18.930781
3.17,35,18.958169
1.68,35,18.985507
2.1,35,19.021614
1.8,35,19.048178
1.02,35,19.07513
1.52,35,19.102429
1.26,35,19.133319
2.19,35,19.163004
2.44,35,19.189465
2.38,35,19.216963
2.3,35,19.247515
2.01,35,19.274996
1.47,35,19.3018
1.37,35,19.332605
2.21,35,19.360563
1.34,35,19.387967
2.6,35,19.414935
1.77,35,19.448154
1.54,35,19.478199
2.02,35,19.506141
2.22,35,19.540149
2.16,35,19.567158
2.68,35,19.594491
0.62,35,19.621444
1.67,35,19.647962
2.57,35,19.683291
1.88,35,19.712197
1.18,35,19.74245
2.07,35,19.768832
3.21,35,20.972528
0.89,35,20.999262
2.22,35,21.026029
2.49,35,21.056671
1.53,35,21.099478
1.71,35,21.155025
2.22,35,21.242286
2.7,35,21.332177
2.35,35,21.395445
2.86,35,21.448435
2.83,35,21.507839
1.77,35,21.560939
2.04,35,21.606272
1.5,35,21.650388
1.8,35,21.723054
2.48,35,21.794908
1.68,35,21.855928
0.82,35,21.901415
1.36,35,21.950797
1.95,35,22.015483
1.92,35,22.070227
2.15,35,22.114049
1.92,35,22.159148
2.41,35,22.202155
2.56,35,22.251052
2.77,35,22.306646
1.56,35,22.359798
2.3,35,22.401711
1.63,35,22.448674
2.23,35,22.50194
2.12,35,22.606145
3.13,35,22.682779
7.08,22,22.736074
1.59,35,22.908792
3.24,35,23.061644
2.27,35,23.162021
1.73,35,23.248438
2.5,35,23.292573
1.25,35,23.356061
2.08,35,23.387609
1.94,35,23.414786
0.77,35,23.442135
2.41,35,23.469993
1.86,35,23.497782
1.8,35,23.524967
1.23,35,23.552398
1.04,35,23.580209
1.91,35,23.613836
1.42,35,23.662569
3.18,35,23.689345
2.08,35,23.718387
0.99,35,23.744848
2.38,35,23.771712
2.72,35,23.806183
2.64,35,23.839529
2.5,35,23.8679
2.46,35,23.894169
1.46,35,23.92102
1.74,35,23.947623
1.27,35,25.114051
1.0,35,25.150263
2.92,35,25.177456
2.24,35,25.20676
1.88,35,25.233502
1.93,35,25.263185
1.12,35,25.289766
3.21,35,25.325202
2.9,35,25.35638
1.98,35,25.43238
1.72,35,25.488848
2.3,35,25.555322
2.13,35,25.595979
1.32,35,25.636201
1.97,35,25.739518
1.31,35,25.885737
1.46,35,25.99274
2.13,35,26.141729
0.84,35,26.378793
1.43,35,26.568761
1.43,35,26.678228
0.78,35,26.720313
2.33,35,26.774564
1.29,35,26.816562
0.21,35,26.868717
1.53,35,26.923168
1.35,35,26.997556
1.74,35,27.048406
2.98,35,27.095452
1.81,35,27.146186
2.28,35,27.185732
1.91,35,27.239399
2.53,35,27.281956
1.92,35,27.329199
2.12,35,27.3793
0.55,35,27.428786
3.05,35,27.471412
2.04,35,27.525011
1.18,35,27.576861
1.86,35,27.66718
1.83,35,27.807332
2.03,35,27.961916
2.81,35,28.109526
2.98,35,28.258247
2.82,35,28.300744
2.11,35,28.35093
1.95,35,28.390611
0.91,35,28.501313
1.99,35,28.549065
0.72,35,28.589098
1.95,35,28.633329
2.38,35,28.680586
2.15,35,28.75114
2.6,35,28.806313
3.13,35,28.847336
2.68,35,28.887918
2.64,35,28.933527
1.41,35,28.998609
2.29,35,29.0421
1.99,35,30.747585
3.01,35,30.835549
2.57,35,30.877879
2.2,35,30.921016
1.38,35,30.966188
1.93,35,31.034566
2.17,35,31.082988
2.23,35,31.125036
1.4,35,31.197747
1.5,35,31.241791
2.45,35,31.292112
2.07,35,31.357734
1.7,35,31.472979
1.2,35,31.524964
2.14,35,31.588889
1.81,35,31.630806
1.7,35,31.694872
2.05,35,31.745578
1.95,35,31.793678
2.08,35,31.843549
1.0,35,31.883855
1.78,35,31.944407
3.26,35,32.004751
2.79,35,32.045648
2.2,35,32.072881
2.64,35,32.100198
1.78,35,32.12929
2.15,35,32.162529
1.98,35,32.18953
2.04,35,32.216841
1.53,35,32.245921
2.28,35,32.274017
1.41,35,32.301003
2.28,35,32.33118
2.42,35,32.360252
2.65,35,32.393864
3.1,35,32.42794
2.09,35,32.458024
1.91,35,32.484374
1.39,35,32.510844
2.31,35,32.538291
1.32,35,32.564732
3.12,35,32.592451
2.35,35,32.62329
2.78,35,32.650146
2.49,35,32.683398
2.73,35,32.710028
2.52,35,32.736782
2.6,35,32.7633
1.72,35,32.789865
1.46,35,32.81684
1.68,35,32.848562
0.53,35,32.879769
2.12,35,32.906096
3.06,35,32.932663
2.03,35,32.959099
1.88,35,32.986023
2.28,35,33.012511
2.61,35,34.268075
1.42,35,34.295142
1.96,35,34.326237
1.85,35,34.353125
2.07,35,34.380673
0.97,35,34.407467
1.66,35,34.435747
2.68,35,34.463395
1.41,35,34.495185
3.38,35,34.522482
1.09,35,34.549415
0.52,35,34.576433
1.64,35,34.603227
1.02,35,34.630199
2.05,35,34.657189
1.13,35,34.707134
2.43,35,34.734446
1.37,35,34.761319
1.9,35,34.788284
1.85,35,34.815318
2.69,35,34.842609
1.98,35,34.869571
2.72,35,34.896494
1.55,35,34.927544
3.07,35,34.954319
2.68,35,34.984968
2.56,35,35.011953
2.85,35,35.040211
3.08,35,35.070754
2.84,35,35.105599
1.8,35,35.137625
2.29,35,35.167176
2.37,35,35.194307
0.96,35,35.221301
2.21,35,35.247459
2.03,35,35.27522
1.56,35,35.302494
3.15,35,35.333212
2.97,35,35.3648
2.9,35,35.39276
2.49,35,35.42014
1.12,35,35.447966
1.15,35,35.475013
2.93,35,35.501869
1.95,35,35.548087
1.73,35,35.579249
2.83,35,35.607307
2.9,35,35.635313
2.71,35,35.662147
1.8,35,35.68925
3.05,35,35.722809
2.92,35,35.750326
2.26,35,35.777266
2.56,35,35.808672
3.17,35,35.836188
2.67,35,35.866694
2.19,35,35.897646
2.59,35,35.925121
1.76,35,35.952269
2.09,35,37.917584
1.62,35,37.952446
3.19,35,37.994526
3.02,35,38.037046
1.85,35,38.07761
2.89,35,38.125696
2.96,35,38.167438
2.81,35,38.233015
2.31,35,38.301499
2.34,35,38.370525
1.71,35,38.420709
2.39,35,38.478559
2.16,35,38.524731
2.16,35,38.659647
1.55,35,38.712832
2.85,35,38.778649
2.87,35,38.842695
2.2,35,38.885973
1.66,35,38.930456
1.49,35,38.958694
1.45,35,38.986076
2.07,35,39.012821
3.5,35,39.039598
2.13,35,39.074117
1.66,35,39.101329
2.08,35,39.128767
1.88,35,39.160537
2.24,35,39.201186
1.94,35,39.261813
2.15,35,39.311893
1.68,35,39.356533
2.86,35,39.401059
2.51,35,39.450094
3.37,35,39.493477
3.13,35,39.547579
2.72,35,39.59059
3.28,35,39.631639
1.39,35,39.674904
2.62,35,39.719987
2.98,35,39.770122
2.84,35,39.814048
2.76,35,39.856049
2.26,35,39.932527
2.12,35,39.978603
2.19,35,40.028716
0.92,35,40.071302
3.56,35,40.118692
2.89,35,40.156642
1.9,35,40.189201
2.03,35,40.216716
2.48,35,40.243887
2.73,35,40.275479
1.21,35,40.307374
1.79,35,40.337815
1.44,35,40.365087
1.04,35,40.411411
1.7,35,40.451725
2.02,35,40.51049
3.1,35,42.667319
1.36,35,42.708463
2.19,35,42.772538
1.97,35,42.813753
1.8,35,42.863517
3.02,35,42.912605
3.18,35,42.954096
2.99,35,42.997228
2.85,35,43.038213
2.7,35,43.079379
2.23,35,43.127056
2.74,35,43.15631
2.17,35,43.188973
2.72,35,43.235133
2.92,35,43.262316
3.43,35,43.289551
2.43,35,43.31823
1.02,35,43.352809
1.88,35,43.389009
2.39,35,43.418144
2.45,35,43.445316
1.33,35,43.47326
1.83,35,43.499938
3.29,35,43.526946
2.69,35,43.555021
1.42,35,43.586776
1.56,35,43.614605
2.67,35,43.64152
2.41,35,43.669538
2.47,35,43.696666
1.68,35,43.726874
1.4,35,43.753553
1.96,35,43.781066
2.66,35,43.813192
1.35,35,43.840116
2.23,35,43.866881
1.54,35,43.89334
2.1,35,43.920223
2.45,35,43.947458
3.36,35,43.975488
3.37,35,44.004408
2.21,35,44.049974
3.27,35,44.077749
3.03,35,44.10561
1.91,35,44.135499
2.96,35,44.164469
3.02,35,44.193114
2.72,35,44.220905
2.02,35,44.255966
1.72,35,44.283544
2.51,35,44.310605
2.29,35,44.346946
2.82,35,44.375069
1.48,35,44.410398
2.55,35,44.43745
2.35,35,44.469496
2.13,35,44.497486
2.54,35,44.524326
1.98,35,44.550759
3.01,35,45.807615
1.85,35,45.837203
2.26,35,45.867596
3.35,35,45.895201
1.86,35,45.922102
3.26,35,45.948949
1.35,35,45.97593
1.4,35,46.002575
1.63,35,46.034157
2.01,35,46.061331
1.66,35,46.088166
2.15,35,46.13359
2.06,35,46.165344
2.08,35,46.193524
1.89,35,46.22103
2.13,35,46.252782
1.46,35,46.28097
2.15,35,46.307721
2.47,35,46.33701
2.17,35,46.363275
0.3,35,46.389604
2.65,35,46.417229
1.77,35,46.453458
3.02,35,46.488111
2.62,35,46.514852
1.6,35,46.542237
2.57,35,46.568904
3.0,35,46.595676
1.79,35,46.622328
1.85,35,46.649004
3.19,35,46.67574
2.44,35,46.706594
2.96,35,46.733535
2.62,35,46.760592
2.24,35,46.791042
2.41,35,46.817891
2.46,35,46.845006
2.99,35,46.872198
1.63,35,46.899063
1.74,35,46.937096
2.24,35,46.963474
3.62,35,46.991469
1.83,35,47.018784
2.6,35,47.048835
1.83,35,47.075723
2.36,35,47.106761
3.27,35,47.137991
2.85,35,47.165877
2.82,35,47.195049
1.53,35,47.221729
1.73,35,47.2482
2.01,35,47.275068
2.24,35,47.302704
2.8,35,47.331574
2.51,35,47.364482
0.82,35,47.39537
1.84,35,47.422085
2.85,35,47.45038
2.51,35,48.66102
3.47,35,48.68891
2.89,35,48.716493
2.77,35,48.74346
3.27,35,48.770122
2.19,35,48.79716
1.88,35,48.82477
2.85,35,48.854621
1.83,35,48.888109
3.02,35,48.915369
2.37,35,48.962741
2.75,35,48.990886
3.06,35,49.018369
2.33,35,49.045293
1.62,35,49.071909
2.03,35,49.10285
1.73,35,49.131369
2.66,35,49.161219
1.89,35,49.189384
1.89,35,49.216692
2.52,35,49.243516
1.87,35,49.270457
1.83,35,49.29894
2.86,35,49.332539
2.91,35,49.359727
1.66,35,49.387031
2.33,35,49.414505
1.85,35,49.441277
2.31,35,49.471053
7.45,30,49.494606
2.08,35,49.528471
2.55,35,49.559419
2.11,35,49.594424
1.97,35,49.634793
2.87,35,49.674747
2.85,35,49.713969
3.03,35,49.755038
2.93,35,49.826399
3.02,35,49.880388
2.76,35,49.974253
1.71,35,50.014387
3.02,35,50.08496
3.02,35,50.127259
2.5,35,50.176585
2.67,35,50.239692
2.31,35,50.317397
2.16,35,50.382482
3.19,35,50.489107
3.22,35,50.556508
3.03,35,50.631255
2.2,35,50.700292
1.93,35,50.728422
0.89,35,50.757136
2.13,35,50.786814
2.96,35,50.814102
2.66,35,50.841704
2.34,35,50.868611
2.84,35,50.895433
3.04,35,50.922301
1.76,35,52.168855
3.12,35,52.218048
1.76,35,52.260584
2.02,35,52.30283
2.33,35,52.346917
1.68,35,52.397678
2.78,35,52.439171
2.21,35,52.482905
2.58,35,52.585932
1.34,35,52.649335
2.35,35,52.691057
2.4,35,52.734766
2.56,35,52.778031
2.93,35,52.860213
1.38,35,52.907653
3.01,35,52.948901
3.07,35,52.98911
2.53,35,53.048375
2.42,35,53.102616
2.37,35,53.156082
2.77,35,53.220101
1.98,35,53.262296
1.79,35,53.318491
2.66,35,53.366446
2.56,35,53.420455
2.55,35,53.470868
2.33,35,53.511621
2.92,35,53.560327
2.4,35,53.587624
2.26,35,53.623567
3.46,35,53.650839
2.95,35,53.677795
2.18,35,53.705773
2.8,35,53.732616
2.06,35,53.76333
1.97,35,53.794506
0.96,35,53.8229
7.89,32,53.865483
3.12,35,53.892012
2.5,35,53.918719
1.3,35,53.952862
1.71,35,53.985851
2.08,35,54.017531
3.29,35,54.046024
2.09,35,54.074379
2.01,35,54.101325
2.82,35,54.128392
1.79,35,54.156965
2.63,35,54.184971
2.37,35,54.22819
1.26,35,54.267305
2.21,35,54.310869
2.09,35,54.355246
2.28,35,54.403334
2.22,35,54.455785
1.76,35,54.497516
1.74,35,54.552117
2.57,35,54.597123
2.26,35,54.665658
2.23,35,56.253817
2.69,35,56.281241
2.44,35,56.308302
1.3,35,56.339303
2.13,35,56.366422
2.17,35,56.393469
2.02,35,56.446489
1.59,35,56.479067
3.26,35,56.506716
2.03,35,56.535616
2.98,35,56.563084
3.08,35,56.590747
1.23,35,56.618114
2.52,35,56.645337
1.92,35,56.672074
3.1,35,56.714555
3.16,35,56.741874
1.89,35,56.768452
2.71,35,56.795373
3.24,35,56.822373
3.41,35,56.84902
3.0,35,56.875274
1.58,35,56.901466
2.49,35,56.932335
3.28,35,56.958498
2.05,35,56.985269
2.06,35,57.014836
2.64,35,57.048308
2.49,35,57.074577
2.81,35,57.101193
1.21,35,57.127421
2.59,35,57.159117
2.6,35,57.186041
2.24,35,57.214609
1.54,35,57.241532
2.24,35,57.275428
1.95,35,57.303065
2.09,35,57.335035
7.52,26,57.355644
2.19,35,57.387665
2.28,35,57.414412
2.16,35,57.441458
2.37,35,57.468709
2.23,35,57.495329
1.47,35,57.521734
2.16,35,57.548039
2.19,35,57.574649
2.74,35,57.605841
1.82,35,57.636147
2.51,35,57.662077
2.83,35,57.688334
3.49,35,57.71865
3.07,35,57.749399
2.23,35,57.775795
2.29,35,57.802309
2.51,35,57.833585
3.21,35,57.860065
3.1,35,57.886492
3.0,35,59.12157
2.37,35,59.151233
2.39,35,59.180194
2.69,35,59.2094
2.53,35,59.236232
2.26,35,59.262749
2.22,35,59.308172
2.6,35,59.346901
2.02,35,59.374738
2.4,35,59.402472
3.1,35,59.430972
3.06,35,59.458608
2.92,35,59.485636
3.15,35,59.512543
2.69,35,59.539553
2.66,35,59.570858
3.43,35,59.600522
3.08,35,59.627434
3.04,35,59.654133
3.35,35,59.681135
2.7,35,59.708097
2.37,35,59.735389
2.77,35,59.765759
1.79,35,59.800651
2.65,35,59.827717
3.16,35,59.854328
2.74,35,59.88227
1.81,35,59.910265
2.31,35,59.936867
1.63,35,59.963166
2.35,35,59.990239
2.89,35,60.021613
3.27,35,60.052882
3.28,35,60.080559
1.86,35,60.126755
2.23,35,60.158473
2.03,35,60.185036
1.98,35,60.213446
2.9,35,60.248433
2.6,35,60.275461
2.1,35,60.302889
2.62,35,60.332299
2.75,35,60.360216
2.31,35,60.386453
2.66,35,60.413312
1.43,35,60.441432
2.86,35,60.473399
2.41,35,60.500193
7.87,30,60.523371
2.28,35,60.552444
2.11,35,60.579658
2.93,35,60.607233
1.47,35,60.634008
3.17,35,60.660508
2.31,35,60.691379
2.22,35,60.717725
2.53,35,60.743888
1.96,35,60.770456
2.79,35,60.804759
1.76,35,62.007595
3.58,35,62.034834
2.95,35,62.061754
3.22,35,62.090471
0.88,35,62.136824
3.78,35,62.167639
3.29,35,62.194779
2.1,35,62.228782
8.32,34,62.25393
2.56,35,62.281334
2.93,35,62.308891
3.32,35,62.33853
2.15,35,62.365201
2.66,35,62.392258
3.46,35,62.419224
3.24,35,62.45084
3.17,35,62.477879
2.12,35,62.505156
2.61,35,62.532387
2.33,35,62.559958
3.22,35,62.587454
2.78,35,62.614679
2.3,35,62.642638
2.91,35,62.674768
1.75,35,62.701855
1.86,35,62.728939
2.98,35,62.756314
1.1,35,62.783051
2.22,35,62.809885
7.56,26,62.83513
1.94,35,62.86501
3.39,35,62.899686
3.31,35,62.927271
2.26,35,62.973608
1.8,35,63.001295
3.31,35,63.029019
3.26,35,63.060603
2.78,35,63.088519
2.49,35,63.125694
1.59,35,63.160191
1.73,35,63.188642
1.36,35,63.217011
2.71,35,63.243863
1.82,35,63.270638
2.85,35,63.298767
1.81,35,63.329097
2.54,35,63.360656
7.26,22,63.378411
2.59,35,63.416697
3.18,35,63.453863
3.26,35,63.481095
3.4,35,63.507816
2.46,35,63.534438
1.98,35,63.565881
2.44,35,63.593314
2.95,35,63.620683
3.07,35,63.647755
1.9,35,63.674554
2.09,35,63.701461
3.06,35,64.911259
1.6,35,64.938178
2.62,35,64.965166
1.29,35,65.001816
2.58,35,65.03531
1.73,35,65.072055
2.64,35,65.100877
3.02,35,65.133944
2.81,35,65.163879
2.38,35,65.19048
2.69,35,65.218406
2.83,35,65.244871
2.62,35,65.271335
3.35,35,65.298316
3.26,35,65.326699
7.75,34,65.355906
2.95,35,65.38239
3.03,35,65.409969
2.61,35,65.437217
2.63,35,65.464495
8.03,34,65.489024
2.57,35,65.51548
3.1,35,65.541756
1.67,35,65.567755
3.78,35,65.599121
2.19,35,65.626327
8.39,34,65.651309
2.6,35,65.677861
2.33,35,65.70506
2.43,35,65.731698
1.02,35,65.75823
0.54,35,65.804932
2.64,35,65.834393
7.22,28,65.85492
1.66,35,65.888772
1.81,35,65.949294
1.91,35,65.991585
2.7,35,66.098036
3.34,35,66.163051
2.43,35,66.233745
2.09,35,66.281816
2.85,35,66.345723
3.08,35,66.399132
2.71,35,66.444718
2.91,35,66.497791
3.5,35,66.588925
2.71,35,66.632904
2.93,35,66.742722
2.41,35,66.818801
3.28,35,66.89939
2.49,35,66.940456
7.59,28,66.968956
2.38,35,66.996066
3.55,35,67.027757
7.82,32,67.056948
2.34,35,67.084591
2.52,35,67.111459
3.2,35,67.138558
1.87,35,67.16699
2.86,35,68.454431
3.18,35,68.481532
1.43,35,68.527456
2.16,35,68.553957
2.73,35,68.580521
2.2,35,68.607374
2.52,35,68.634618
8.39,34,68.664838
2.95,35,68.692102
2.69,35,68.720384
3.08,35,68.749864
2.58,35,68.776494
2.87,35,68.802778
2.29,35,68.830219
1.43,35,68.856798
2.75,35,68.886426
3.01,35,68.916721
2.65,35,68.943525
3.61,35,68.971624
7.9,32,69.003541
3.47,35,69.031032
3.29,35,69.065172
2.89,35,69.103613
7.12,22,69.128394
2.55,35,69.163843
2.59,35,69.201531
2.47,35,69.23648
1.96,35,69.269931
2.56,35,69.303952
2.65,35,69.334882
2.99,35,69.361789
3.09,35,69.413459
2.12,35,69.4409
7.98,30,69.463282
2.18,35,69.48972
3.3,35,69.519978
2.25,35,69.546388
2.89,35,69.572534
2.99,35,69.6038
2.56,35,69.630787
3.07,35,69.657484
2.46,35,69.684431
7.63,30,69.706631
7.92,30,69.728866
3.26,35,69.755559
7.04,22,69.771988
1.97,35,69.798446
2.29,35,69.830772
2.95,35,69.858896
2.65,35,69.886163
2.48,35,69.913497
2.89,35,69.941312
3.63,35,69.967921
7.29,26,69.991342
7.63,26,70.019087
2.21,35,70.050789
2.78,35,70.077575
2.0,35,70.104475
2.51,35,70.134297
2.69,35,70.163386
3.61,35,70.209126
2.64,35,71.445402
2.61,35,71.472499
2.44,35,71.499605
2.91,35,71.526447
3.25,35,71.553168
3.06,35,71.579872
3.38,35,71.607197
7.46,30,71.630275
2.37,35,71.66244
1.88,35,71.688917
3.03,35,71.716639
2.64,35,71.743304
2.72,35,71.770129
3.15,35,71.797368
2.62,35,71.824227
2.77,35,71.850893
3.31,35,71.882131
2.85,35,71.908799
1.52,35,71.935405
2.58,35,71.962144
2.77,35,71.99432
7.17,22,72.011199
3.3,35,72.038328
7.74,32,72.070366
7.22,24,72.097293
7.6,26,72.11668
2.35,35,72.145092
3.12,35,72.172856
2.96,35,72.200102
8.34,34,72.246371
2.4,35,72.274254
2.79,35,72.30466
1.51,35,72.334855
2.84,35,72.36908
2.79,35,72.396404
2.51,35,72.423478
1.6,35,72.451228
8.32,34,72.476618
3.11,35,72.503832
2.26,35,72.530759
7.98,30,72.553054
2.41,35,72.587984
2.07,35,72.616122
7.22,22,72.633699
2.39,35,72.660851
1.98,35,72.687774
2.94,35,72.714488
3.54,35,72.741379
3.25,35,72.768069
7.89,30,72.794034
3.29,35,72.821656
3.27,35,72.848382
7.13,22,72.864918
7.26,22,72.881503
3.11,35,72.911663
1.85,35,72.938143
7.58,28,72.95875
2.97,35,72.98695
2.87,35,73.017153
3.53,35,73.069616
8.25,34,73.101428
2.74,35,74.323064
7.58,26,74.343946
3.12,35,74.371474
2.41,35,74.400785
2.75,35,74.443856
7.59,32,74.478611
2.14,35,74.520133
7.22,22,74.552155
2.39,35,74.59562
2.49,35,74.636016
3.03,35,74.678999
2.59,35,74.721503
3.06,35,74.764861
1.88,35,74.813064
2.47,35,74.866762
7.57,26,74.899019
7.22,24,74.928246
2.27,35,74.984822
2.07,35,75.108003
2.87,35,75.244698
2.54,35,75.290581
2.72,35,75.395151
2.59,35,75.489103
3.14,35,75.579725
2.12,35,75.64618
7.48,28,75.716434
2.78,35,75.80774
2.48,35,75.879531
7.92,30,75.947889
2.92,35,76.057549
3.03,35,76.104161
3.81,35,76.165404
2.51,35,76.213772
2.74,35,76.250202
7.05,22,76.2667
1.51,35,76.293975
1.66,35,76.329961
7.26,22,76.347277
2.62,35,76.374664
2.46,35,76.401768
2.73,35,76.4313
2.65,35,76.460688
1.5,35,76.488625
2.62,35,76.517315
2.9,35,76.54878
2.44,35,76.575835
2.19,35,76.602174
3.15,35,76.629552
3.33,35,76.656402
2.6,35,76.683083
2.69,35,76.709609
3.6,35,76.736307
3.06,35,76.767529
2.59,35,76.797142
7.97,32,76.821465
2.0,35,76.848402
1.69,35,76.875226
2.45,35,76.902119
7.13,22,76.930264
3.08,35,76.95676
7.01,22,76.977468
2.55,35,77.004565
1.77,35,78.86282
7.24,24,78.880603
8.07,30,78.902469
2.36,35,78.932343
3.35,35,78.958881
7.12,22,78.975554
2.79,35,79.002266
7.17,22,79.023187
7.63,28,79.048185
2.62,35,79.082667
3.07,35,79.109185
7.14,22,79.125661
3.0,35,79.153781
7.06,28,79.174456
2.3,35,79.201005
2.93,35,79.234307
2.83,35,79.271678
2.94,35,79.311154
2.22,35,79.35661
2.81,35,79.40224
7.57,26,79.433588
8.06,32,79.471425
8.0,32,79.506695
2.68,35,79.567105
2.93,35,79.610097
3.03,35,79.660873
2.75,35,79.703691
3.0,35,79.744722
2.3,35,79.829312
2.73,35,79.871984
3.16,35,79.914942
2.75,35,79.969517
3.73,35,80.016141
7.15,24,80.046931
8.03,30,80.080805
7.63,30,80.116333
7.2,22,80.144745
2.75,35,80.186677
2.59,35,80.233194
2.6,35,80.305064
7.54,28,80.346933
2.94,35,80.374955
2.92,35,80.402609
2.6,35,80.430049
2.62,35,80.462059
3.64,35,80.488507
2.07,35,80.514968
7.93,32,80.538514
2.52,35,80.566158
2.69,35,80.605221
3.38,35,80.672141
2.72,35,80.713014
3.05,35,80.739623
7.58,28,80.760689
7.26,22,80.776996
7.22,24,80.794723
7.22,22,80.81101
2.76,35,80.840644
0.71,35,80.866816
3.24,35,80.923075
3.2,35,80.972147
1.68,35,81.01722
2.65,35,81.043884
3.0,35,82.76501
3.69,35,82.80657
3.24,35,82.854233
0.69,35,82.899457
2.35,35,82.947639
2.45,35,83.000332
2.94,35,83.043131
3.14,35,83.086412
2.96,35,83.128338
2.89,35,83.170504
7.12,22,83.205432
2.61,35,83.235241
7.17,28,83.25781
2.31,35,83.28497
3.11,35,83.312772
2.83,35,83.344838
7.17,30,83.36665
7.26,26,83.390163
2.66,35,83.421737
3.39,35,83.453778
1.94,35,83.480269
3.26,35,83.506933
7.13,24,83.524818
8.0,32,83.551443
2.89,35,83.578938
3.47,35,83.607405
3.16,35,83.663741
7.84,30,83.686147
7.5,32,83.711579
2.61,35,83.738798
7.17,24,83.756778
2.81,35,83.78318
2.77,35,83.809992
7.4,28,83.83157
2.7,35,83.861312
3.35,35,83.89326
2.56,35,83.919877
2.85,35,83.949845
3.58,35,83.990114
2.54,35,84.016257
2.93,35,84.043267
2.77,35,84.073133
6.81,32,84.100242
2.4,35,84.128617
7.53,28,84.151234
7.22,24,84.169093
0.86,35,84.195121
2.5,35,84.222846
2.58,35,84.249538
3.32,35,84.277259
3.14,35,84.309668
3.15,35,84.347089
7.48,28,84.368086
3.0,35,84.394783
3.38,35,84.429559
3.43,35,84.458094
3.24,35,84.492509
7.07,28,84.513908
7.22,28,84.535208
7.58,34,84.565486
3.3,35,84.594126
2.89,35,84.621528
2.98,35,85.851292
3.46,35,85.879338
3.2,35,85.906706
2.33,35,85.93412
2.54,35,85.970646
3.39,35,86.000288
3.34,35,86.026742
7.14,22,86.043238
2.92,35,86.076379
3.15,35,86.10457
2.92,35,86.132498
2.67,35,86.161439
2.74,35,86.188542
2.97,35,86.219434
7.18,24,86.237462
7.2,22,86.254548
3.45,35,86.291833
3.38,35,86.327991
3.24,35,86.35667
3.25,35,86.384392
3.01,35,86.412131
3.02,35,86.440465
2.96,35,86.477474
2.9,35,86.509408
3.26,35,86.543954
3.39,35,86.572315
3.35,35,86.599274
3.24,35,86.628047
7.15,22,86.644888
7.65,30,86.666797
1.42,35,86.692939
2.89,35,86.724481
7.17,22,86.741333
3.0,35,86.767649
7.12,22,86.784085
2.9,35,86.812302
7.97,32,86.838493
8.07,30,86.864272
7.26,24,86.882419
3.16,35,86.91027
3.26,35,86.94151
3.44,35,86.968065
2.77,35,86.995773
3.46,35,87.022367
2.97,35,87.049459
7.12,22,87.066094
2.63,35,87.092514
7.05,24,87.110237
7.65,28,87.134083
7.22,22,87.159154
7.61,28,87.185737
7.24,22,87.206517
7.26,24,87.228837
1.08,35,87.267439
7.22,22,87.298901
7.61,26,87.34519
3.07,35,87.412709
3.01,35,87.49726
2.92,35,87.538901
2.96,35,87.58323
2.51,35,87.626255
7.22,22,87.651999
7.2,22,87.678978
2.53,35,87.726215
3.01,35,87.771817
7.45,34,89.223855
2.99,35,89.251044
3.25,35,89.282136
2.8,35,89.309206
3.24,35,89.33827
3.07,35,89.366305
2.43,35,89.393512
3.09,35,89.424958
7.54,26,89.44569
2.59,35,89.478434
2.88,35,89.505119
2.83,35,89.53517
2.93,35,89.566202
3.47,35,89.593035
2.91,35,89.61982
3.48,35,89.647522
3.28,35,89.674436
2.92,35,89.707113
3.19,35,89.734093
2.95,35,89.760426
3.18,35,89.791439
3.36,35,89.819059
2.57,35,89.853942
2.97,35,89.885737
3.14,35,89.915283
3.37,35,89.949766
7.5,26,89.969476
2.56,35,89.997061
2.84,35,90.024019
3.1,35,90.051108
7.17,22,90.067727
2.79,35,90.099327
7.17,24,90.117844
2.91,35,90.151131
3.68,35,90.17873
7.14,26,90.209761
2.09,35,90.250616
7.2,22,90.276785
2.18,35,90.324317
7.24,22,90.365811
7.2,24,90.396997
7.22,26,90.429276
3.15,35,90.474597
7.48,26,90.505946
3.03,35,90.551795
2.89,35,90.614759
7.18,24,90.644919
2.7,35,90.697918
7.96,30,90.734936
2.77,35,90.778866
3.26,35,90.821577
7.51,30,90.85751
3.49,35,90.91421
3.06,35,90.956558
3.36,35,91.041888
7.18,22,91.069138
2.44,35,91.116789
7.22,22,91.14989
7.22,28,91.202056
7.71,30,91.238774
2.82,35,91.282958
3.14,35,91.353881
2.28,35,91.396496
7.97,34,92.748484
3.17,35,92.776259
2.77,35,92.80346
2.28,35,92.830649
7.57,28,92.851612
7.2,24,92.86976
2.68,35,92.900863
3.42,35,92.927967
2.91,35,92.955571
3.29,35,92.991965
2.65,35,93.019696
2.61,35,93.047036
2.64,35,93.074519
3.21,35,93.103726
2.55,35,93.131883
7.17,24,93.151344
2.61,35,93.178736
2.75,35,93.211488
1.41,35,93.238475
2.93,35,93.266578
2.76,35,93.296012
2.94,35,93.337468
2.94,35,93.365473
2.98,35,93.393467
2.66,35,93.424754
7.1,26,93.447275
2.92,35,93.475322
3.53,35,93.50386
7.33,32,93.532404
7.22,22,93.549532
3.31,35,93.576817
3.38,35,93.604798
3.06,35,93.635996
3.3,35,93.67154
3.35,35,93.700921
2.69,35,93.730448
2.69,35,93.756807
7.14,26,93.77716
7.2,22,93.803641
7.26,24,93.829545
3.21,35,93.881776
1.83,35,93.924605
7.22,22,93.950987
2.53,35,93.990402
7.19,22,94.017055
7.24,22,94.04228
1.66,35,94.093693
7.24,22,94.120899
7.26,24,94.1537
7.24,24,94.19061
2.97,35,94.233673
2.96,35,94.280991
7.12,22,94.311651
7.24,22,94.367428
2.78,35,94.448683
2.82,35,94.492328
2.67,35,94.53425
7.17,22,94.560429
3.37,35,94.605868
3.39,35,94.637618
2.95,35,94.668501
2.9,35,94.699875
3.15,35,94.726849
2.85,35,94.753528
7.18,22,94.769987
2.72,35,96.545022
2.83,35,96.571674
2.9,35,96.598744
2.99,35,96.625523
2.9,35,96.654813
2.63,35,96.681726
7.17,26,96.701466
3.08,35,96.739062
3.31,35,96.780041
7.04,22,96.797543
2.54,35,96.825243
2.44,35,96.852466
7.16,26,96.872074
7.22,22,96.892078
2.93,35,96.919269
3.49,35,96.946689
3.15,35,96.97423
3.24,35,97.00591
2.88,35,97.032966
2.9,35,97.06029
2.61,35,97.096244
7.19,22,97.117458
7.22,24,97.136266
7.24,22,97.154335
7.2,26,97.173732
3.05,35,97.216335
3.12,35,97.250656
3.44,35,97.285005
3.14,35,97.318936
3.38,35,97.347477
7.18,22,97.364145
7.2,22,97.380467
3.1,35,97.408714
3.37,35,97.441688
3.18,35,97.475449
2.79,35,97.504441
2.85,35,97.532552
3.06,35,97.559913
3.09,35,97.587095
7.14,24,97.605453
7.22,24,97.623628
7.22,22,97.640249
2.62,35,97.671779
2.96,35,97.701324
7.61,28,97.724162
1.78,35,97.751132
3.03,35,97.786188
2.86,35,97.816178
7.19,22,97.852594
2.68,35,97.889805
7.22,24,97.907939
7.24,30,97.930223
7.24,26,97.951847
7.22,22,97.983028
2.83,35,98.014276
2.53,35,98.040509
2.29,35,98.067322
3.69,35,98.108045
3.36,35,98.142676
3.39,35,98.175967
3.25,35,98.206417
3.21,35,98.233158
2.87,35,98.260782
0.72,35,98.288276
7.22,22,98.310549
1.83,35,99.653972
2.56,35,99.681091
3.05,35,99.709165
3.08,35,99.736235
3.18,35,99.763266
2.65,35,99.790162
3.04,35,99.824597
3.48,35,99.853087
2.69,35,99.888323
2.42,35,99.915414
2.86,35,99.942573
3.33,35,99.969485
7.52,26,99.988882
2.92,35,100.016767
7.19,24,100.034824
2.67,35,100.062129
2.59,35,100.089673
7.18,24,100.111436
7.22,22,100.144444
2.56,35,100.171738
2.78,35,100.199335
8.02,30,100.221934
7.22,22,100.238395
7.22,22,100.255157
7.24,22,100.271791
8.0,32,100.300474
3.02,35,100.338211
8.43,34,100.367727
2.76,35,100.395825
2.77,35,100.424145
3.86,35,100.455473
3.01,35,100.482877
2.87,35,100.509739
3.04,35,100.537066
2.67,35,100.564113
3.16,35,100.590673
2.83,35,100.621675
2.99,35,100.648696
3.1,35,100.675608
3.27,35,100.702295
3.36,35,100.72901
3.34,35,100.758543
7.18,22,100.775007
7.22,24,100.792655
2.63,35,100.819334
2.27,35,100.858449
7.16,22,100.874996
2.76,35,100.901711
3.45,35,100.928342
3.31,35,100.962427
3.41,35,100.989459
2.89,35,101.016796
3.42,35,101.049886
3.31,35,101.080764
2.9,35,101.107639
2.68,35,101.136105
7.19,24,101.15993
3.21,35,101.201149
2.92,35,101.241585
3.49,35,101.30205
7.4,32,101.343914
2.81,35,101.385487
3.14,35,102.66352
2.96,35,102.690163
2.88,35,102.716916
7.18,22,102.733425
3.38,35,102.76
2.6,35,102.786526
7.63,26,102.806026
2.92,35,102.838259
2.93,35,102.880238
2.62,35,102.927514
2.87,35,102.957448
3.14,35,102.985481
7.55,26,103.004454
2.73,35,103.030681
3.1,35,103.056968
2.65,35,103.090023
2.25,35,103.117397
3.12,35,103.154716
7.08,22,103.172082
7.65,28,103.193381
7.22,22,103.21079
7.26,24,103.229932
7.26,22,103.246576
2.74,35,103.278537
7.18,28,103.306519
3.23,35,103.336471
3.18,35,103.363422
7.54,26,103.383001
2.69,35,103.413791
2.6,35,103.441045
2.95,35,103.468254
7.57,28,103.489731
7.26,24,103.508896
2.75,35,103.537481
2.67,35,103.56893
3.33,35,103.596266
7.14,26,103.616049
7.24,24,103.634442
3.3,35,103.662028
3.15,35,103.689853
2.4,35,103.721175
3.27,35,103.749024
7.48,26,103.768917
7.22,22,103.790738
1.4,35,103.8187
2.97,35,103.846565
7.57,26,103.866645
2.61,35,103.894008
7.15,22,103.911052
7.61,26,103.936293
3.45,35,103.985788
3.35,35,104.013271
2.93,35,104.05446
2.84,35,104.081877
2.84,35,104.109627
3.31,35,104.137599
2.72,35,104.166897
3.43,35,104.194468
2.9,35,104.222233
2.68,35,104.249598
3.2,35,104.282141
3.24,35,104.311151
2.88,35,104.346298
2.63,35,104.37332
7.19,22,104.390096
3.2,35,106.555804
3.39,35,106.657997
2.9,35,106.774942
2.84,35,106.850583
7.14,22,106.86749
2.41,35,106.894608
7.22,22,106.91115
2.52,35,106.938104
2.86,35,106.965307
7.54,30,106.994626
3.28,35,107.029151
3.02,35,107.061481
7.18,22,107.078541
2.69,35,107.105316
3.01,35,107.132412
7.15,22,107.15088
3.38,35,107.186897
3.32,35,107.216054
7.16,22,107.236513
2.83,35,107.264072
3.15,35,107.294208
7.14,22,107.312509
7.22,22,107.33545
3.39,35,107.365822
7.04,22,107.383656
7.24,24,107.401673
2.4,35,107.428509
2.85,35,107.455419
2.63,35,107.489819
2.86,35,107.51813
3.47,35,107.546814
2.41,35,107.575837
3.3,35,107.609759
2.31,35,107.637969
8.32,34,107.664445
3.2,35,107.69633
2.8,35,107.725464
3.23,35,107.7526
7.18,22,107.769264
7.22,22,107.785729
2.74,35,107.812591
7.22,24,107.830733
7.22,26,107.850185
8.26,34,107.87954
2.6,35,107.918817
2.87,35,107.946892
2.49,35,107.975805
2.92,35,108.004502
7.54,26,108.037731
7.22,24,108.058221
3.38,35,108.08544
2.84,35,108.11662
3.14,35,108.156871
2.95,35,108.190782
3.88,35,108.227668
3.32,35,108.261187
2.94,35,108.29041
3.25,35,108.322457
7.57,26,108.34382
7.2,24,108.367459
7.56,26,108.386637
7.24,28,108.408018
7.22,22,108.425966
7.22,22,108.442614
2.9,35,108.470498
2.98,35,109.741478
7.14,24,109.760098
8.0,30,109.782641
3.07,35,109.809551
3.39,35,109.839327
3.41,35,109.867325
7.09,22,109.884582
1.79,35,109.911913
7.26,22,109.929319
3.24,35,109.962852
7.85,30,109.985974
2.59,35,110.013479
2.37,35,110.040869
2.93,35,110.078321
3.0,35,110.109963
2.96,35,110.146441
8.01,30,110.173441
3.17,35,110.2016
2.98,35,110.228933
3.37,35,110.256174
3.04,35,110.287041
7.54,28,110.307991
3.01,35,110.339266
3.07,35,110.366485
3.02,35,110.393466
3.18,35,110.426428
3.39,35,110.453913
7.8,32,110.478279
2.74,35,110.50549
3.23,35,110.534094
2.98,35,110.561696
3.73,35,110.59148
2.92,35,110.618736
3.21,35,110.651575
2.45,35,110.679385
7.26,22,110.696221
7.22,22,110.71587
8.06,32,110.739548
7.67,30,110.761992
7.22,22,110.778462
7.22,22,110.795169
3.16,35,110.824925
3.17,35,110.858176
7.04,24,110.878216
7.22,24,110.897011
2.85,35,110.924895
7.14,22,110.942307
7.17,26,110.988793
2.63,35,111.018031
3.32,35,111.046487
3.37,35,111.08421
2.9,35,111.125581
3.82,35,111.155524
7.04,24,111.17714
7.62,26,111.197234
7.61,26,111.217018
2.75,35,111.243816
2.66,35,111.27298
7.59,28,111.298488
7.22,22,111.320595
7.2,22,111.337213
2.54,35,111.365233
7.22,24,111.383839
7.22,22,111.400567
2.83,35,111.430921
2.99,35,111.458158
7.17,22,112.686312
3.46,35,112.721005
7.52,28,112.747235
7.67,34,112.779013
7.22,22,112.799539
7.22,22,112.82023
7.24,22,112.840327
3.28,35,112.871505
7.9,30,112.894149
2.67,35,112.924312
3.75,35,112.956534
7.46,26,112.976542
2.25,35,113.003564
3.87,35,113.030526
2.94,35,113.078052
3.25,35,113.11075
7.18,24,113.128931
2.59,35,113.173721
7.17,22,113.191787
8.04,30,113.214505
7.24,22,113.231247
7.65,26,113.25448
2.56,35,113.282017
3.03,35,113.309438
2.48,35,113.340894
3.58,35,113.368036
2.9,35,113.399663
2.96,35,113.427444
2.91,35,113.456954
3.12,35,113.483876
3.14,35,113.511059
7.18,26,113.532208
7.24,22,113.549189
7.63,26,113.568463
2.54,35,113.596229
3.55,35,113.628738
2.82,35,113.659375
2.84,35,113.687069
1.64,35,113.715316
8.02,34,113.740627
7.65,28,113.761916
2.7,35,113.788403
3.16,35,113.815562
3.22,35,113.84677
7.08,26,113.865967
2.79,35,113.895573
2.81,35,113.929595
7.19,24,113.947598
3.0,35,113.974735
7.04,22,113.992895
2.62,35,114.019325
2.37,35,114.048645
3.42,35,114.079927
3.3,35,114.108235
2.86,35,114.138828
7.16,22,114.159039
2.56,35,114.198136
7.57,26,114.220164
7.63,30,114.248584
3.33,35,114.281503
2.86,35,114.313893
3.32,35,114.346097
3.2,35,114.374595
7.01,22,114.39151
2.6,35,114.418042
3.15,35,115.793602
2.94,35,115.827137
2.84,35,115.856317
3.48,35,115.883935
3.43,35,115.910565
3.03,35,115.938172
2.9,35,115.965575
2.4,35,115.992854
2.99,35,116.027747
7.17,22,116.044424
2.87,35,116.071675
2.75,35,116.130437
2.8,35,116.159612
2.88,35,116.187059
2.79,35,116.214626
3.68,35,116.255491
2.61,35,116.282719
7.14,22,116.299559
2.9,35,116.334464
2.85,35,116.361564
2.87,35,116.388634
2.64,35,116.417917
3.09,35,116.444829
2.59,35,116.476988
7.61,26,116.497115
2.96,35,116.524444
2.72,35,116.551481
7.56,26,116.570873
7.22,22,116.587277
2.07,35,116.614155
3.15,35,116.644275
3.27,35,116.670953
3.2,35,116.703329
2.45,35,116.730054
2.74,35,116.756677
7.61,26,116.776007
8.43,34,116.800599
7.64,30,116.822645
7.65,26,116.841991
7.22,22,116.858462
2.72,35,116.885177
3.04,35,116.920255
3.52,35,116.955559
2.95,35,116.982096
7.04,22,117.002448
2.68,35,117.029263
2.73,35,117.057778
2.94,35,117.08502
2.95,35,117.111482
3.09,35,117.146047
3.4,35,117.172938
2.16,35,117.20056
7.22,22,117.217788
7.59,26,117.237055
3.46,35,117.275881
2.72,35,117.304002
3.02,35,117.335313
3.83,35,117.368014
1.99,35,117.394517
2.72,35,117.420998
2.63,35,117.448219
3.16,35,117.475235
3.02,35,117.502329
1.21,35,118.734292
2.66,35,118.761309
7.97,30,118.783791
2.48,35,118.811257
3.36,35,118.838735
3.26,35,118.865869
2.42,35,118.893013
7.84,30,118.915435
7.26,22,118.932326
2.75,35,118.972666
2.86,35,119.000285
3.63,35,119.027233
3.3,35,119.054115
7.54,26,119.073598
2.89,35,119.100403
2.93,35,119.131535
2.81,35,119.159487
3.27,35,119.192091
3.45,35,119.218763
2.88,35,119.245343
3.22,35,119.271704
3.27,35,119.303375
3.38,35,119.341291
2.62,35,119.368004
2.65,35,119.399137
2.98,35,119.427025
2.64,35,119.453437
2.92,35,119.48008
7.95,30,119.502505
7.63,32,119.526081
7.24,22,119.542263
2.81,35,119.568922
3.29,35,119.6001
3.18,35,119.629849
8.22,34,119.655068
3.25,35,119.681804
3.43,35,119.708611
7.04,22,119.725149
2.38,35,119.751463
2.43,35,119.785294
3.44,35,119.811881
7.41,26,119.833243
2.73,35,119.864483
7.14,22,119.880818
2.65,35,119.910221
7.97,30,119.932472
7.61,26,119.952276
7.24,26,119.971247
7.22,22,119.987486
2.69,35,120.017123
2.85,35,120.043517
2.57,35,120.074242
2.39,35,120.10078
2.79,35,120.127335
2.85,35,120.154781
2.37,35,120.181372
2.26,35,120.210827
3.16,35,120.237101
2.84,35,120.263417
2.8,35,120.294421
7.12,28,120.318224
2.72,35,120.357166
3.49,35,121.617873
3.41,35,121.645383
7.08,22,121.66219
7.24,22,121.678962
3.47,35,121.706212
3.25,35,121.733272
1.95,35,121.760158
3.34,35,121.787153
2.5,35,121.825757
2.52,35,121.853138
7.56,28,121.874191
7.61,26,121.894109
3.24,35,121.921129
2.53,35,121.948159
2.82,35,121.97529
2.9,35,122.002405
7.19,22,122.01902
2.82,35,122.049998
3.06,35,122.076553
3.37,35,122.104273
3.3,35,122.136484
3.31,35,122.167469
3.44,35,122.193897
2.89,35,122.221313
7.1,26,122.240436
7.22,22,122.261757
2.73,35,122.288574
3.19,35,122.318789
7.18,22,122.335461
7.26,24,122.355076
7.71,26,122.375508
7.64,26,122.404212
7.61,28,122.425447
2.96,35,122.451758
2.93,35,122.479211
3.11,35,122.51156
7.19,24,122.531143
7.24,22,122.548407
2.25,35,122.575507
2.67,35,122.602059
7.14,22,122.618849
7.65,26,122.645955
2.93,35,122.672577
2.7,35,122.699902
2.6,35,122.731696
7.57,26,122.751214
2.81,35,122.778067
2.67,35,122.804757
7.56,30,122.827376
2.79,35,122.854137
7.96,32,122.877853
2.69,35,122.904759
2.97,35,122.932487
2.97,35,122.963756
2.59,35,122.99053
3.09,35,123.017304
7.16,22,123.039188
7.22,26,123.058638
7.2,22,123.07569
2.92,35,123.103436
7.17,24,123.121228
7.61,28,123.143441
2.26,35,123.175137
7.24,24,123.193095
7.22,26,123.212992
2.82,35,123.239755


