#{"t_start": 1663527813.2687435, "env_id": "SizeThreeGridRoadEnv-v0"}
r,l,t
0.13,16,0.021459
0.09,16,0.034339
0.02,14,0.045249
0.01,22,0.061232
0.07,22,0.078134
0.06,14,0.08908
-0.04,30,0.110984
0.01,20,0.126819
0.05,18,0.140662
0.22,16,0.152708
0.02,20,0.167103
0.05,18,0.181365
0.06,26,0.202574
-0.04,26,0.221453
-0.04,20,0.237033
0.11,14,0.247593
0.07,18,0.260729
0.1,16,0.273059
0.14,26,0.291468
0.08,20,0.307454
0.01,16,0.324047
0.01,18,0.340889
0.04,18,0.356699
0.02,32,0.38104
0.09,26,0.400427
-0.04,14,0.410765
0.08,16,0.422481
0.04,28,0.442268
0.06,26,0.461083
0.08,22,0.476989
0.01,14,0.487227
0.09,14,0.497611
0.01,16,0.509247
0.07,20,0.523812
0.04,32,0.547587
0.04,24,0.564921
0.1,16,0.576552
0.13,16,0.592073
0.06,20,0.60655
0.08,22,0.622245
0.07,21,0.637401
0.07,22,0.662981
0.12,14,0.674055
0.04,14,0.684494
0.0,20,0.699264
-0.06,14,0.709608
0.1,22,0.725473
0.04,20,0.740098
0.23,22,0.760929
0.07,26,0.780386
0.05,32,0.823397
-0.02,16,0.835613
0.05,24,0.85401
0.09,18,0.868095
0.15,16,0.880127
0.04,18,0.893651
-0.04,20,0.909054
0.07,26,0.927755
-0.06,20,0.946233
0.05,14,0.959204
0.15,20,0.974998
-0.02,16,0.98796
-0.02,18,1.006082
0.04,18,1.01969
0.01,22,1.037033
0.06,20,1.054025
0.12,16,1.068052
0.15,14,1.07848
0.15,16,1.090274
0.11,20,1.104912
0.09,28,1.125106
0.04,14,1.137086
0.02,18,1.158857
-0.02,20,1.175435
-0.03,22,1.191663
0.1,18,1.205853
0.01,24,1.223148
-0.06,20,1.239109
0.16,16,1.250634
0.07,20,1.26522
0.03,22,1.281096
0.13,24,1.298086
0.1,22,1.317667
0.07,20,1.332145
0.07,16,1.350975
-0.07,18,1.366821
0.05,20,1.382553
0.09,16,1.394523
0.0,26,1.418434
0.05,18,1.43511
0.06,16,1.450153
0.07,14,1.4636
-0.04,14,1.476698
0.04,24,1.498477
0.06,16,1.513433
0.09,14,1.526428
0.06,14,1.536958
0.08,20,1.551376
-0.02,16,1.563376
0.04,24,1.580463
0.06,16,1.592258
-0.04,22,1.611474
0.04,24,1.635867
0.18,14,1.646232
0.06,20,2.843389
0.1,16,2.855135
0.09,16,2.86695
0.06,18,2.880538
0.07,18,2.893781
0.02,14,2.904565
0.09,20,2.91903
0.13,20,2.933827
0.1,16,2.94566
-0.05,26,2.970874
0.18,24,2.991709
0.05,14,3.002136
0.07,22,3.018258
0.1,18,3.031621
0.11,14,3.04208
0.01,18,3.055727
0.07,14,3.066329
0.1,22,3.082449
0.13,18,3.095596
0.08,14,3.106926
0.01,26,3.126742
0.13,16,3.139204
0.1,16,3.151069
0.0,16,3.163232
0.01,14,3.174487
0.1,20,3.189556
0.06,18,3.20312
0.02,18,3.216284
0.11,20,3.230991
-0.04,16,3.244765
0.1,14,3.255833
0.07,18,3.27287
0.06,16,3.2855
0.07,28,3.307079
0.07,20,3.322468
0.06,20,3.33745
0.08,18,3.351522
0.03,16,3.363455
0.1,22,3.380843
0.03,18,3.40249
0.01,22,3.423252
0.07,26,3.442189
0.04,22,3.460158
0.04,32,3.488211
0.15,14,3.499421
0.15,28,3.519918
0.01,14,3.531166
0.09,18,3.544441
0.0,18,3.557603
0.05,18,3.575034
0.11,16,3.58718
-0.02,20,3.622775
0.04,20,3.639805
0.08,22,3.656714
0.07,22,3.67308
0.09,20,3.687797
0.15,16,3.7036
0.07,20,3.718433
0.08,14,3.728877
0.07,26,3.747755
0.17,16,3.75974
0.05,18,3.773221
0.07,26,3.79212
0.12,18,3.805436
0.04,20,3.82016
0.05,16,3.831974
-0.02,16,3.843864
0.12,26,3.862601
0.1,16,3.875199
0.05,14,3.886386
0.1,14,3.897693
0.03,18,3.914178
-0.04,28,3.93464
0.01,22,3.950783
0.01,18,3.964663
0.1,18,3.978384
0.03,22,3.995026
2.71,16,4.007029
0.07,14,4.017674
0.05,22,4.034
0.1,14,4.044719
-0.04,14,4.055327
0.02,20,4.070115
0.04,18,4.083492
0.0,16,4.095386
0.07,14,4.106013
0.11,16,4.118326
0.01,18,4.131581
0.04,26,4.150522
0.12,22,4.170496
0.07,22,4.191106
0.05,20,4.207403
0.06,16,4.223082
0.07,18,4.238275
0.22,14,4.248979
0.12,18,4.262383
0.12,20,4.277918
-0.03,18,4.291703
0.01,24,4.309179
0.02,28,4.329441
0.13,16,4.341608
0.04,20,4.356397
0.1,24,4.374063
0.04,20,4.408186
0.07,22,4.431868
0.15,32,4.455958
0.16,16,4.468977
0.11,16,4.481786
0.09,16,5.721386
0.03,22,5.739931
0.15,14,5.750425
0.08,32,5.774421
0.07,22,5.790932
0.15,16,5.802846
0.1,14,5.813546
0.05,14,5.824148
0.05,20,5.838828
-0.02,16,5.851403
0.1,16,5.864052
0.09,30,5.886403
0.16,16,5.898398
0.1,28,5.918816
0.12,24,5.936343
0.04,14,5.946716
0.09,14,5.9579
0.07,14,5.969591
0.04,16,5.992468
0.1,20,6.00719
0.05,14,6.018554
0.17,16,6.031904
0.1,16,6.045139
0.09,16,6.058116
0.16,26,6.07861
0.07,30,6.10334
0.1,18,6.116632
0.02,18,6.130523
0.11,24,6.148589
0.08,24,6.168216
0.14,22,6.186706
0.14,16,6.198871
0.13,18,6.212219
0.08,20,6.226906
0.07,22,6.244267
0.07,20,6.259811
0.05,16,6.271664
0.11,23,6.288826
0.05,14,6.299376
0.08,16,6.311697
0.07,22,6.327655
0.15,18,6.341071
0.04,16,6.356046
0.15,18,6.372823
0.15,16,6.385423
0.16,14,6.398329
0.07,22,6.416245
0.1,14,6.426967
0.15,18,6.462929
-0.02,16,6.479774
0.05,18,6.493113
0.09,22,6.509157
0.08,20,6.524194
0.09,22,6.541444
0.04,18,6.555507
0.04,18,6.56863
0.07,16,6.580523
0.11,16,6.592752
-0.04,20,6.607989
0.11,18,6.621412
0.08,14,6.632342
0.1,24,6.653696
0.09,24,6.670982
0.07,22,6.690777
0.03,20,6.705396
0.1,20,6.720115
0.14,18,6.733458
0.07,20,6.748001
-0.07,18,6.761893
0.1,32,6.786082
0.09,20,6.800891
0.09,20,6.815654
0.07,16,6.827556
0.09,14,6.838073
0.09,14,6.848555
0.08,14,6.859228
0.17,14,6.869688
0.0,18,6.883112
0.09,20,6.901384
0.06,20,6.916957
0.12,14,6.927486
0.08,20,6.942991
0.06,14,6.953228
0.09,14,6.963514
0.15,16,6.980619
0.12,16,6.997175
0.09,16,7.010215
0.01,18,7.023806
0.09,16,7.03585
0.08,24,7.054161
0.13,26,7.073195
0.07,14,7.083915
0.12,14,7.094636
0.06,14,7.105196
0.1,16,7.117194
0.1,24,7.134457
0.11,20,7.149346
0.07,14,7.15982
0.17,18,7.174016
0.1,30,7.196322
0.16,20,7.211112
0.12,20,7.225891
0.1,14,7.245149
0.02,22,7.261238
0.14,14,7.271787
0.22,14,7.28238
0.02,18,7.295717
0.1,16,7.307582
-0.01,20,7.322103
0.04,16,7.333879
0.13,32,8.539119
0.09,20,8.5538
0.16,16,8.565574
0.13,20,8.581582
0.17,16,8.593594
0.11,32,8.617456
0.12,20,8.632165
0.1,20,8.646811
0.1,32,8.670913
0.05,16,8.683013
0.18,16,8.695174
0.07,14,8.705796
0.16,20,8.72071
0.18,16,8.73339
0.14,16,8.749234
0.07,30,8.770676
0.17,20,8.785747
0.07,28,8.806398
0.06,16,8.818438
0.04,14,8.828972
0.13,18,8.842225
0.18,18,8.855603
0.13,20,8.870205
0.14,18,8.883631
0.16,22,8.899734
0.14,20,8.914667
0.13,18,8.928138
0.18,18,8.94127
0.07,24,8.959037
0.07,17,8.971554
0.14,16,8.983938
0.04,14,8.997996
0.18,16,9.012668
0.1,24,9.033499
0.04,18,9.047094
0.07,20,9.062173
0.16,22,9.078612
0.1,22,9.09481
0.02,24,9.113215
0.17,18,9.127079
0.07,18,9.140739
2.71,20,9.155583
0.07,20,9.170649
-0.07,14,9.20148
0.13,20,9.217487
0.16,24,9.235118
0.1,14,9.246267
0.02,16,9.258601
0.1,16,9.270701
0.13,14,9.281272
0.14,20,9.295919
0.04,14,9.306818
0.18,26,9.326242
0.14,18,9.34237
2.71,18,9.357512
0.1,20,9.372069
0.16,18,9.389151
0.14,14,9.400814
0.1,18,9.414048
0.1,22,9.429991
0.12,24,9.447668
0.13,22,9.464108
0.07,24,9.481327
0.08,22,9.497032
0.1,16,9.508708
0.13,20,9.523251
0.18,16,9.538246
0.22,16,9.554281
0.16,25,9.572133
0.07,22,9.589776
0.04,16,9.601988
0.04,14,9.612462
0.15,18,9.625743
0.1,30,9.649908
0.07,22,9.666627
0.13,26,9.685803
0.22,14,9.696266
0.07,26,9.714978
0.17,16,9.726748
0.07,20,9.741366
0.11,25,9.759407
0.16,20,9.774203
0.1,20,9.789321
0.07,20,9.803903
0.22,14,9.814327
0.07,26,9.832905
0.04,22,9.850959
0.09,14,9.869125
0.04,22,9.885748
0.11,23,9.905674
0.04,16,9.917907
0.16,16,9.929833
0.05,28,9.951411
0.23,16,9.963431
0.08,14,9.992769
0.11,32,10.017003
0.09,20,10.031532
0.06,20,10.046427
0.06,20,10.060931
0.18,18,10.074043
0.1,22,10.090153
0.23,20,10.104787
0.15,18,10.118136
0.07,16,10.129908
0.18,14,11.353685
0.1,18,11.370478
0.07,30,11.393407
0.09,20,11.408668
0.1,26,11.427877
0.13,16,11.440473
0.18,20,11.45524
0.07,28,11.475527
0.16,24,11.494917
0.1,18,11.508243
0.1,24,11.525671
0.15,18,11.538974
0.1,20,11.553914
0.11,18,11.567025
0.18,18,11.583663
0.07,18,11.601192
0.07,28,11.623036
0.1,26,11.642478
0.05,16,11.654625
0.03,20,11.669493
0.17,22,11.68594
0.14,14,11.696708
0.1,20,11.711811
0.23,22,11.72818
0.16,32,11.753185
0.1,20,11.767938
0.07,16,11.780033
0.15,20,11.794855
0.14,24,11.812726
0.1,18,11.826165
0.16,18,11.839689
0.14,22,11.85616
0.11,32,11.880425
0.08,32,11.904466
0.14,14,11.914778
0.09,26,11.933165
0.1,20,11.947663
0.23,16,11.964045
0.08,32,11.995162
0.18,14,12.005959
0.1,22,12.028442
0.13,18,12.044095
0.14,26,12.063709
0.18,18,12.077229
0.14,14,12.08858
0.07,20,12.103371
0.18,22,12.119436
0.1,24,12.136612
0.13,24,12.154397
2.71,20,12.16899
0.23,28,12.194576
0.08,14,12.206344
0.12,26,12.229857
0.1,20,12.24585
0.12,14,12.257573
0.1,20,12.272159
0.16,18,12.285792
0.16,20,12.301554
0.1,32,12.326972
0.18,18,12.341733
0.04,26,12.364132
2.71,18,12.377961
0.18,18,12.391731
0.16,14,12.403048
0.11,21,12.418479
0.18,14,12.428893
0.17,14,12.439337
0.07,32,12.465727
0.18,14,12.477101
0.13,28,12.498656
0.16,22,12.516251
0.15,22,12.538124
0.16,14,12.548732
0.07,18,12.56265
0.15,20,12.577394
0.08,18,12.590613
0.13,14,12.60328
0.06,18,12.622447
2.71,24,12.63993
2.71,12,12.648866
0.07,20,12.663751
0.05,14,12.674134
0.08,32,12.6984
0.07,20,12.713063
0.16,18,12.726387
0.01,22,12.742409
-0.06,14,12.752985
0.13,24,12.789432
0.08,32,12.813128
0.12,20,12.827783
0.13,18,12.84094
0.16,16,12.852833
0.15,14,12.863788
0.1,20,12.88384
0.13,24,12.904379
0.08,20,12.924536
0.07,26,12.94426
0.03,16,12.957669
0.08,14,12.969799
0.15,30,14.196713
0.11,18,14.210014
0.1,28,14.230254
0.16,18,14.243616
0.07,26,14.263241
0.15,22,14.279405
0.08,14,14.289957
0.15,30,14.311064
0.1,14,14.321596
0.23,18,14.334846
0.12,20,14.353189
0.23,14,14.364333
0.18,28,14.384494
2.71,20,14.399117
0.11,22,14.415063
0.06,18,14.428791
0.11,20,14.443505
0.13,16,14.459042
0.1,20,14.473563
0.13,32,14.497573
2.71,14,14.508209
0.1,24,14.525494
0.16,18,14.538829
2.71,14,14.549389
0.1,28,14.569692
0.15,18,14.582915
0.18,20,14.597496
0.15,18,14.610529
0.09,20,14.625008
0.15,16,14.63691
0.23,22,14.659263
0.09,20,14.675913
0.16,14,14.68642
0.17,14,14.696781
0.07,16,14.713573
0.15,20,14.729192
0.1,18,14.742753
0.1,26,14.762715
0.16,14,14.792967
0.1,20,14.807837
2.71,14,14.818563
0.23,16,14.830878
0.1,20,14.845732
0.17,16,14.858033
0.18,14,14.868801
0.13,32,14.893248
2.71,12,14.902547
0.08,32,14.92684
0.05,16,14.9387
0.15,16,14.950407
2.71,14,14.966733
0.1,22,14.990189
0.15,24,15.007746
0.16,18,15.02132
0.07,18,15.040436
0.13,18,15.053814
2.71,20,15.069356
0.14,14,15.079962
0.15,18,15.093504
0.07,28,15.11395
0.15,22,15.130966
0.09,16,15.143411
0.08,32,15.169092
2.71,12,15.180194
0.16,20,15.196045
0.13,28,15.216932
0.23,16,15.229016
0.1,22,15.246413
0.1,14,15.257371
0.14,18,15.274404
0.1,32,15.300961
0.16,22,15.317417
0.14,16,15.330495
0.16,28,15.355411
0.08,26,15.379054
0.07,32,15.414478
0.07,30,15.442625
0.14,20,15.458014
0.16,26,15.478185
0.1,18,15.491718
0.16,18,15.505519
0.1,20,15.520354
0.08,32,15.544151
0.08,32,15.568163
0.13,32,15.59572
0.16,14,15.629349
0.09,16,15.64103
0.12,18,15.654178
0.13,14,15.665591
0.06,24,15.691029
0.07,14,15.70158
0.08,32,15.726818
0.16,20,15.741849
2.71,12,15.751094
0.16,14,15.761398
0.09,18,15.774411
0.11,32,15.798138
0.16,26,15.816916
0.15,18,15.829924
2.71,18,15.843387
0.13,32,17.073916
0.1,20,17.089449
0.16,14,17.099807
0.1,16,17.111717
0.18,14,17.122187
0.15,20,17.144927
0.1,22,17.162593
0.1,20,17.178609
0.17,14,17.189586
2.71,22,17.206715
0.17,18,17.220366
0.1,16,17.232887
0.08,16,17.245472
0.07,18,17.259073
0.18,20,17.276132
0.1,20,17.293439
0.13,14,17.303947
0.08,32,17.328475
0.15,26,17.347704
0.08,32,17.373256
2.71,12,17.382514
0.16,20,17.40072
0.22,28,17.421648
0.09,18,17.435318
0.1,18,17.448897
2.71,14,17.459579
0.07,24,17.47749
0.22,18,17.491036
0.08,14,17.501532
0.22,28,17.52178
0.23,24,17.544906
0.09,18,17.558853
0.12,16,17.57091
0.12,32,17.595385
0.16,18,17.608632
0.23,20,17.641864
0.15,14,17.652349
2.71,14,17.662675
0.1,18,17.675833
2.71,14,17.686217
0.1,16,17.698221
2.71,18,17.712196
0.16,18,17.73321
0.07,22,17.750045
0.16,24,17.767533
0.07,28,17.787801
2.71,14,17.803135
0.18,18,17.818621
0.08,26,17.837449
2.71,14,17.847824
2.71,14,17.858424
0.1,24,17.875771
0.07,26,17.895014
0.1,20,17.910017
2.71,14,17.920446
0.13,24,17.937863
0.16,26,17.956722
2.71,16,17.968506
0.1,18,17.981652
2.71,22,17.997766
0.13,18,18.010976
0.15,16,18.02282
0.16,16,18.034714
0.15,30,18.061615
0.1,26,18.080383
0.23,14,18.091048
0.15,32,18.115745
2.71,20,18.1389
0.16,20,18.154116
0.1,14,18.164708
0.16,18,18.181106
0.13,28,18.203662
2.71,12,18.212804
0.22,20,18.227562
0.1,16,18.239751
2.71,14,18.250455
0.13,14,18.26099
2.71,18,18.275336
0.14,20,18.290814
0.16,18,18.304201
2.71,16,18.317637
0.23,18,18.332791
0.11,32,18.360545
2.71,22,18.377415
0.1,20,18.392535
2.71,14,18.403692
0.13,16,18.41582
0.07,20,18.449732
2.71,26,18.468813
0.15,14,18.480232
0.23,18,18.493872
2.71,18,18.507241
0.16,28,18.527538
0.15,20,18.542199
0.1,32,18.570035
0.1,28,18.59034
0.16,14,18.601025
0.17,18,18.614623
2.71,12,18.623761
0.06,24,18.641507
0.07,18,18.655507
2.71,20,18.675159
0.08,14,18.685641
2.71,20,19.88975
2.71,14,19.900382
2.71,20,19.915564
2.71,12,19.924637
0.08,32,19.949133
2.71,22,19.965491
0.18,16,19.977388
0.16,18,19.990522
0.11,32,20.014638
0.16,22,20.030756
2.71,14,20.041225
0.13,28,20.061481
0.23,14,20.071857
2.71,16,20.086041
2.71,16,20.098614
0.1,26,20.117404
2.71,18,20.130898
2.71,18,20.144367
0.13,18,20.168027
0.07,26,20.188212
2.71,14,20.198806
2.71,12,20.208501
0.13,18,20.221976
0.1,30,20.243812
0.17,20,20.258717
0.1,22,20.276334
0.18,16,20.288469
0.1,26,20.307712
0.22,16,20.319681
0.23,18,20.333063
2.71,12,20.342394
0.22,18,20.358493
0.16,14,20.369469
2.71,12,20.37865
0.08,32,20.42238
0.04,20,20.437473
2.71,12,20.446496
2.71,20,20.46216
0.23,14,20.472951
2.71,22,20.489094
2.71,12,20.498435
0.07,24,20.515957
0.1,16,20.527981
0.17,18,20.541353
0.13,32,20.565665
0.04,22,20.58224
2.71,14,20.592702
0.1,24,20.613543
0.13,32,20.63852
0.05,16,20.650744
0.22,16,20.662642
0.1,32,20.686214
0.13,14,20.696952
0.09,32,20.720522
0.23,18,20.734259
0.08,32,20.758243
0.16,14,20.769049
0.22,24,20.790342
0.07,26,20.813731
0.23,14,20.824332
2.71,16,20.836149
0.16,20,20.854648
2.71,12,20.863907
0.16,18,20.877147
0.23,20,20.891993
2.71,16,20.903812
0.07,22,20.923391
0.07,18,20.93677
0.1,14,20.947378
2.71,18,20.96091
2.71,12,20.970052
0.15,32,20.994492
0.08,32,21.018829
0.22,16,21.030934
0.1,32,21.055058
0.09,32,21.083624
0.18,20,21.098688
2.71,16,21.110942
0.14,24,21.128573
2.71,18,21.141908
2.71,12,21.151231
0.1,18,21.164591
0.18,22,21.182964
0.08,32,21.223783
2.71,12,21.233599
2.71,16,21.245882
2.71,16,21.257891
2.71,12,21.267592
2.71,20,21.283913
2.71,14,21.29477
0.15,26,21.314349
0.13,18,21.327811
0.23,24,21.345438
0.06,28,21.36883
0.14,18,21.382196
2.71,24,21.40051
0.16,18,21.418589
0.13,14,21.429206
0.22,18,21.442728
0.22,14,21.453483
2.71,16,21.465463
0.16,28,21.486204
0.18,14,21.497143
2.71,12,21.506331
0.07,32,22.722469
0.13,20,22.738643
2.71,12,22.748109
0.16,18,22.761624
0.13,14,22.772108
0.14,32,22.796231
2.71,18,22.809615
0.08,32,22.837535
0.08,32,22.865252
2.71,14,22.882235
0.15,26,22.901104
0.1,14,22.911688
0.07,24,22.933921
2.71,26,22.952504
0.13,28,22.972764
0.13,18,22.985907
0.1,18,22.999115
2.71,20,23.013787
0.17,30,23.035365
0.05,24,23.052468
2.71,14,23.062783
2.71,20,23.077504
0.13,14,23.087883
2.71,18,23.10101
0.16,28,23.121065
0.16,20,23.135841
2.71,22,23.151654
2.71,14,23.162086
2.71,16,23.17476
2.71,12,23.190883
2.71,14,23.201433
2.71,12,23.210589
0.18,14,23.221515
0.1,14,23.23198
0.05,18,23.245251
0.21,32,23.268944
2.71,20,23.284934
2.71,16,23.296813
0.15,28,23.31658
2.71,30,23.337717
2.71,14,23.350091
2.71,12,23.36205
2.71,16,23.374573
2.71,22,23.394327
2.71,16,23.405949
2.71,16,23.4177
0.23,16,23.429883
0.22,14,23.440284
2.71,14,23.450692
2.71,18,23.463729
2.71,16,23.476162
2.71,16,23.488034
2.71,14,23.498731
2.71,12,23.507653
2.71,24,23.525525
0.23,18,23.53862
0.14,14,23.54894
2.71,18,23.561915
2.71,16,23.57348
2.71,14,23.583854
0.16,24,23.601046
2.71,14,23.611398
2.71,14,23.621746
0.1,22,23.637366
0.15,18,23.650542
2.71,16,23.662461
0.15,32,23.685796
0.23,14,23.696418
2.71,20,23.710647
2.71,18,23.723789
0.13,20,23.738787
0.0,18,23.752102
2.71,12,23.761086
2.71,14,23.771435
2.71,12,23.780768
0.23,18,23.793796
2.71,16,23.805443
0.13,16,23.817157
2.71,14,23.827404
2.71,12,23.836184
2.71,14,23.846486
0.18,14,23.862509
2.71,14,23.875624
2.71,16,23.890558
2.71,20,23.905866
2.71,14,23.916711
0.22,22,23.932476
0.1,20,23.965615
0.1,18,23.978791
2.71,16,23.990604
2.71,18,24.003774
0.15,32,24.027364
0.13,16,24.039238
2.71,14,24.049654
0.07,30,24.07108
2.71,14,24.08607
0.07,30,24.107717
0.14,16,24.119542
2.71,12,24.128589
2.71,16,24.140271
2.71,18,24.15641
2.71,16,24.169605
2.71,12,24.179692
2.71,18,24.19368
0.18,14,24.204468
2.71,12,24.214813
2.71,12,24.22438
2.71,12,24.233709
2.71,16,24.246948
2.71,16,24.261874
0.16,16,24.273733
2.71,14,24.28556
2.71,16,24.297522
2.71,12,25.517959
2.71,12,25.527502
2.71,12,25.537441
2.71,14,25.548012
2.71,12,25.557286
2.71,16,25.569143
2.71,12,25.578414
2.71,14,25.589599
2.71,12,25.598758
2.71,24,25.61648
0.23,18,25.629731
0.11,16,25.642015
0.15,14,25.652883
0.16,22,25.676692
2.71,20,25.697889
2.71,12,25.709219
2.71,28,25.729479
0.1,16,25.742017
0.13,22,25.758405
2.71,14,25.768875
2.71,14,25.779521
0.12,30,25.801543
2.71,12,25.81071
0.14,20,25.825605
2.71,12,25.83481
0.1,30,25.856786
2.71,20,25.871566
0.13,24,25.8936
2.71,12,25.906884
0.13,26,25.93154
2.71,12,25.941591
0.1,16,25.954148
2.71,14,25.965357
0.13,14,25.997159
0.23,14,26.008403
0.13,14,26.022375
0.15,20,26.038608
2.71,16,26.050606
2.71,24,26.067973
2.71,18,26.0812
2.71,14,26.091872
2.71,14,26.102452
0.1,18,26.1165
2.71,12,26.125509
2.71,12,26.134861
2.71,16,26.146738
2.71,16,26.159407
2.71,18,26.173313
2.71,20,26.193129
0.22,20,26.207558
2.71,14,26.218037
0.07,18,26.231613
2.71,20,26.246389
0.1,32,26.269703
2.71,26,26.289581
2.71,14,26.300096
2.71,14,26.310372
0.16,18,26.323642
0.1,28,26.343655
0.23,18,26.361174
0.1,18,26.37455
2.71,14,26.385221
0.1,14,26.395683
0.23,16,26.407443
2.71,12,26.416863
2.71,12,26.425808
0.23,16,26.440381
2.71,24,26.458115
2.71,26,26.481117
2.71,16,26.496726
2.71,12,26.508201
2.71,14,26.518873
0.18,14,26.529504
0.05,14,26.539886
2.71,12,26.54884
0.14,16,26.560787
2.71,14,26.571079
0.15,14,26.581372
2.71,12,26.590214
2.71,14,26.600579
2.71,12,26.609471
0.1,14,26.62004
0.13,18,26.63303
0.13,22,26.648971
2.71,12,26.657978
0.13,16,26.669658
2.71,14,26.680025
2.71,14,26.690886
2.71,14,26.701828
2.71,12,26.711016
0.23,18,26.724613
0.1,16,26.737849
2.71,14,26.751239
2.71,12,26.760404
2.71,14,26.771154
2.71,14,26.79066
2.71,12,26.799783
2.71,12,26.809256
2.71,14,26.81998
2.71,16,26.831902
2.71,12,26.841003
0.23,18,26.854752
0.14,32,26.879184
2.71,16,26.89138
0.1,20,26.906433
0.16,14,26.917518
0.23,14,26.932874
0.09,16,26.94786
2.71,14,26.958586
2.71,12,26.967706
2.71,12,26.976937
2.71,20,26.996534
2.71,14,27.00702
2.71,18,27.020445
0.23,16,27.033241
2.71,14,27.043879
2.71,14,27.054779
2.71,14,27.065536
0.16,14,27.076062
2.71,16,27.087791
0.15,20,27.108109
2.71,12,27.117141
2.71,14,27.127457
2.71,22,27.143412
2.71,12,27.152423
2.71,14,28.397638
0.1,22,28.414555
2.71,12,28.42398
0.13,14,28.434639
2.71,20,28.450168
0.08,32,28.475471
2.71,14,28.487511
2.71,12,28.496832
2.71,14,28.507646
2.71,12,28.518614
2.71,14,28.529892
2.71,12,28.540557
2.71,14,28.551401
2.71,14,28.561918
2.71,16,28.573821
2.71,12,28.582869
2.71,12,28.591783
2.71,12,28.601385
0.13,28,28.62172
2.71,12,28.635426
2.71,20,28.650256
0.13,14,28.660643
2.71,16,28.672719
2.71,12,28.685123
2.71,14,28.696091
2.71,14,28.70647
2.71,12,28.715472
2.71,12,28.72459
0.13,22,28.740662
2.71,12,28.749638
2.71,14,28.760212
2.71,12,28.769272
2.71,14,28.779746
2.71,14,28.790168
2.71,12,28.799177
0.1,28,28.838975
2.71,16,28.850854
0.1,22,28.867034
0.07,30,28.889744
2.71,12,28.902225
2.71,14,28.912674
2.71,14,28.92386
2.71,12,28.933947
0.22,18,28.948673
0.14,14,28.959001
2.71,14,28.972623
2.71,14,28.987619
2.71,16,28.999645
0.1,16,29.013132
2.71,28,29.035674
0.1,26,29.05443
2.71,22,29.070248
0.13,20,29.084886
0.1,24,29.10254
2.71,14,29.11292
2.71,14,29.123397
2.71,12,29.132342
2.71,12,29.141557
2.71,12,29.153709
2.71,24,29.176389
2.71,14,29.187416
0.03,16,29.199448
2.71,22,29.215878
2.71,12,29.22518
0.13,16,29.237942
2.71,12,29.247109
0.14,22,29.263399
2.71,12,29.272498
2.71,22,29.288471
2.71,12,29.298922
2.71,14,29.309819
2.71,16,29.321732
2.71,16,29.333905
0.14,22,29.353707
2.71,12,29.363757
2.71,18,29.377156
0.18,14,29.388637
2.71,12,29.39812
2.71,14,29.408666
0.1,16,29.42054
2.71,14,29.431585
2.71,14,29.442776
2.71,12,29.45217
2.71,12,29.462254
0.14,16,29.474472
2.71,18,29.488373
0.14,26,29.509816
0.1,20,29.526481
2.71,22,29.542595
2.71,16,29.554702
2.71,14,29.56538
2.71,12,29.574433
0.1,26,29.593391
2.71,14,29.603925
2.71,12,29.633623
2.71,12,29.643403
0.11,16,29.655761
2.71,12,29.665133
2.71,16,29.677275
2.71,12,29.686455
2.71,16,29.698856
2.71,14,29.709811
2.71,12,29.71928
2.71,18,29.73275
0.22,22,29.7499
0.23,24,29.7681
0.11,20,29.782694
0.1,22,29.798419
2.71,18,29.811966
2.71,12,29.824338
2.71,14,29.835938
2.71,12,29.844868
2.71,18,29.858122
2.71,14,29.869933
2.71,12,29.879646
2.71,16,29.89149
2.71,12,29.900718
0.09,32,29.925352
0.13,18,29.938673
2.71,12,29.947724
2.71,14,29.958323
0.23,16,29.970093
2.71,12,29.979113
2.71,16,29.992791
0.23,16,30.010502
2.71,12,30.019896
2.71,12,30.029008
0.13,32,31.294489
2.71,14,31.305698
2.71,12,31.31507
2.71,16,31.327027
2.71,12,31.336279
0.13,22,31.35485
2.71,12,31.364042
2.71,12,31.376204
2.71,12,31.385256
2.71,12,31.39443
0.13,24,31.412001
0.08,14,31.422527
0.03,16,31.434381
2.71,14,31.445128
2.71,14,31.455623
0.22,16,31.467566
0.23,14,31.478127
2.71,12,31.487181
0.07,20,31.507458
2.71,12,31.51653
2.71,16,31.528401
2.71,14,31.539004
2.71,16,31.551036
2.71,12,31.560269
2.71,14,31.570739
2.71,14,31.581193
2.71,14,31.591647
2.71,12,31.600679
2.71,12,31.609757
0.1,26,31.629011
2.71,14,31.639844
2.71,16,31.65167
2.71,12,31.668034
2.71,12,31.677122
2.71,12,31.686127
2.71,12,31.695128
2.71,12,31.704237
0.1,20,31.719059
2.71,12,31.728065
2.71,16,31.742955
2.71,12,31.752149
2.71,12,31.761285
2.71,14,31.771747
0.16,18,31.784945
0.13,14,31.795403
2.71,14,31.805879
2.71,12,31.814914
2.71,12,31.824122
2.71,12,31.833068
2.71,12,31.842262
2.71,12,31.851365
2.71,18,31.869508
0.1,18,31.882796
2.71,14,31.893209
2.71,16,31.905236
0.16,20,31.925239
2.71,22,31.941397
2.71,18,31.954586
2.71,16,31.966459
2.71,16,31.978401
2.71,12,31.987443
0.13,20,32.002061
2.71,14,32.012662
0.23,14,32.023376
2.71,14,32.033887
0.15,20,32.053613
2.71,14,32.066813
2.71,12,32.075896
2.71,12,32.084961
2.71,14,32.095381
2.71,12,32.10447
2.71,14,32.115165
2.71,12,32.124466
2.71,12,32.133533
2.71,12,32.142797
2.71,14,32.153239
2.71,18,32.166472
2.71,16,32.18066
0.23,14,32.193285
2.71,18,32.206849
2.71,12,32.216575
2.71,12,32.22588
2.71,12,32.234996
2.71,14,32.245716
0.16,14,32.256226
0.13,14,32.267228
2.71,14,32.278453
2.71,16,32.294441
2.71,14,32.308875
0.1,20,32.327412
2.71,16,32.342284
2.71,14,32.357745
0.14,16,32.37151
0.13,22,32.387906
0.13,18,32.401416
2.71,12,32.410583
0.23,14,32.421221
2.71,12,32.430408
2.71,14,32.441183
2.71,16,32.453422
0.15,28,32.496705
2.71,12,32.505986
2.71,12,32.515564
2.71,14,32.526424
2.71,14,32.536922
2.71,12,32.54596
0.13,24,32.56377
2.71,12,32.573254
2.71,12,32.582427
0.13,18,32.596279
0.16,14,32.606684
0.23,18,32.619884
2.71,12,32.628867
2.71,16,32.640543
2.71,12,32.649499
2.71,12,32.658537
2.71,14,32.671144
2.71,12,32.681615
2.71,12,32.690497
0.16,14,32.700919
2.71,14,32.711463
2.71,12,32.7209
0.1,16,32.732856
2.71,12,32.742008
2.71,14,32.752512
2.71,12,32.761485
2.71,12,32.770417
2.71,12,32.779427
0.23,18,32.792686
2.71,12,32.80166
2.71,14,32.811952
2.71,12,32.821177
2.71,12,32.830171
2.71,14,32.840488
2.71,16,32.852232
0.22,18,32.86534
2.71,14,32.875667
2.71,14,32.886151
2.71,12,32.895171
2.71,16,32.90699
2.71,14,34.142528
2.71,12,34.152036
2.71,12,34.161961
0.22,14,34.173495
2.71,12,34.183943
0.15,32,34.208513
2.71,12,34.217972
2.71,12,34.227414
0.13,24,34.245797
2.71,16,34.257847
2.71,14,34.268498
2.71,14,34.279876
2.71,12,34.289971
2.71,14,34.301718
2.71,14,34.312818
2.71,18,34.326633
2.71,12,34.335707
2.71,12,34.344864
2.71,12,34.358956
2.71,14,34.369666
2.71,14,34.380352
0.13,16,34.392446
2.71,12,34.401814
0.1,18,34.420024
0.12,18,34.43336
2.71,12,34.44222
2.71,14,34.452917
2.71,12,34.462433
2.71,12,34.471732
2.71,20,34.506683
2.71,16,34.518778
2.71,14,34.529418
2.71,12,34.538701
2.71,14,34.549371
2.71,12,34.558757
0.15,18,34.571904
2.71,18,34.585236
2.71,12,34.594208
2.71,12,34.603413
2.71,14,34.614074
2.71,12,34.623686
2.71,12,34.632802
2.71,12,34.641754
0.1,14,34.654217
2.71,12,34.664395
0.23,14,34.674937
2.71,14,34.685407
2.71,14,34.702023
2.71,12,34.711488
2.71,12,34.720887
2.71,16,34.732909
2.71,12,34.742639
2.71,14,34.753531
0.1,20,34.768233
2.71,12,34.7773
2.71,12,34.786497
2.71,12,34.795555
2.71,12,34.804762
2.71,12,34.813741
2.71,12,34.822972
2.71,14,34.83373
2.71,14,34.844493
2.71,12,34.853754
2.71,12,34.863555
2.71,12,34.872699
2.71,12,34.882973
2.71,14,34.89361
2.71,18,34.9071
2.71,14,34.917858
0.07,22,34.938429
2.71,14,34.949043
2.71,14,34.962603
2.71,12,34.972222
2.71,16,34.984105
0.1,16,34.996239
2.71,14,35.006752
2.71,14,35.017616
2.71,18,35.031155
2.71,12,35.040586
2.71,12,35.0501
0.13,14,35.060451
0.13,16,35.072374
2.71,12,35.081272
2.71,14,35.091679
2.71,14,35.102057
2.71,12,35.113751
2.71,12,35.126815
2.71,12,35.136839
2.71,12,35.1465
2.71,24,35.163832
2.71,12,35.173911
2.71,12,35.184047
2.71,16,35.195925
2.71,12,35.20491
0.09,18,35.21801
0.23,16,35.230094
2.71,12,35.239807
2.71,18,35.254781
0.14,16,35.266548
2.71,12,35.27551
2.71,12,35.284405
0.1,14,35.31583
2.71,12,35.324678
2.71,14,35.335169
2.71,12,35.344267
2.71,16,35.359775
2.71,12,35.36892
0.1,14,35.379914
2.71,12,35.38905
2.71,14,35.399971
2.71,12,35.409184
2.71,12,35.418324
2.71,12,35.427277
2.71,12,35.436401
2.71,12,35.445657
2.71,14,35.45641
0.14,14,35.466909
0.16,20,35.481398
2.71,12,35.490412
2.71,12,35.503532
2.71,18,35.517136
2.71,16,35.529323
2.71,14,35.539816
2.71,18,35.553579
0.13,14,35.564914
2.71,14,35.575206
2.71,12,35.584184
2.71,12,35.593135
2.71,18,35.606194
2.71,16,35.617948
2.71,12,35.627843
2.71,12,35.636863
2.71,12,35.645782
2.71,14,35.656207
2.71,12,35.665097
2.71,14,35.675387
2.71,14,35.685931
2.71,12,35.69491
2.71,14,35.705375
2.71,14,35.715851
2.71,12,35.724907
2.71,14,35.73541
2.71,12,35.744736
2.71,12,35.755856
2.71,14,35.766983
2.71,12,35.776549
2.71,14,35.787241
2.71,20,37.130184
2.71,12,37.13939
0.22,16,37.151871
2.71,14,37.167781
2.71,12,37.179629
2.71,12,37.189089
2.71,12,37.198141
0.13,18,37.211971
2.71,14,37.222353
2.71,12,37.23127
0.23,14,37.242061
2.71,12,37.251053
2.71,12,37.259939
2.71,14,37.270145
2.71,12,37.279118
2.71,12,37.287916
2.71,12,37.297573
2.71,12,37.307968
2.71,16,37.320114
2.71,12,37.329113
2.71,12,37.338162
2.71,12,37.348064
0.13,14,37.360203
2.71,14,37.370633
2.71,12,37.379689
2.71,12,37.388642
2.71,14,37.399028
2.71,12,37.409015
2.71,12,37.439376
2.71,12,37.448535
2.71,14,37.459182
2.71,12,37.468227
0.1,16,37.480116
2.71,16,37.492557
2.71,12,37.501656
2.71,12,37.510748
0.11,18,37.524232
2.71,12,37.533333
2.71,14,37.543838
2.71,12,37.553188
2.71,12,37.56226
2.71,12,37.571371
2.71,12,37.580432
2.71,12,37.589557
2.71,20,37.604135
2.71,12,37.613325
0.15,26,37.63793
2.71,12,37.647656
2.71,12,37.657056
2.71,12,37.666134
2.71,12,37.675978
2.71,12,37.685978
0.16,18,37.699275
2.71,14,37.709683
2.71,12,37.718791
2.71,12,37.72775
2.71,12,37.736729
2.71,16,37.748499
2.71,14,37.759114
2.71,14,37.769442
2.71,14,37.779882
2.71,12,37.788867
2.71,12,37.797926
2.71,12,37.806823
2.71,14,37.817095
2.71,14,37.827464
2.71,14,37.83794
2.71,12,37.847049
2.71,14,37.857594
2.71,14,37.868109
2.71,12,37.877087
2.71,12,37.886018
0.22,14,37.896693
2.71,12,37.907839
2.71,12,37.917271
2.71,14,37.927556
2.71,12,37.936537
2.71,12,37.950404
2.71,12,37.960662
2.71,12,37.970389
2.71,14,37.981129
2.71,12,37.990374
2.71,18,38.004861
2.71,12,38.014445
2.71,12,38.026433
2.71,12,38.036289
2.71,12,38.045734
2.71,14,38.056578
2.71,18,38.070114
2.71,12,38.07933
2.71,14,38.089925
2.71,12,38.099204
2.71,12,38.108397
2.71,12,38.118144
0.13,30,38.140442
2.71,14,38.151616
2.71,14,38.162232
2.71,12,38.171207
2.71,14,38.185967
2.71,14,38.200677
2.71,12,38.212155
2.71,12,38.223184
2.71,12,38.251718
2.71,14,38.262216
2.71,12,38.271374
2.71,12,38.280612
2.71,12,38.289693
2.71,16,38.301517
2.71,12,38.311701
2.71,12,38.321603
2.71,14,38.332126
2.71,14,38.342695
2.71,12,38.354479
2.71,12,38.363509
2.71,12,38.372463
2.71,14,38.383562
2.71,12,38.392839
2.71,12,38.401901
2.71,14,38.412267
2.71,12,38.42141
2.71,12,38.430412
2.71,14,38.446033
2.71,12,38.455665
2.71,12,38.465205
2.71,12,38.474591
0.12,14,38.485392
2.71,12,38.495147
2.71,14,38.506017
2.71,14,38.51723
2.71,18,38.530931
2.71,12,38.540206
2.71,12,38.549895
2.71,12,38.559331
2.71,16,38.571432
0.16,14,38.582084
0.23,14,38.592719
2.71,14,38.603408
2.71,12,38.612558
0.07,18,38.626055
0.13,16,38.638285
2.71,12,38.647523
2.71,12,38.656891
2.71,12,38.666193
2.71,12,38.675365
2.71,12,38.684536
2.71,16,38.69662
2.71,14,38.70733
2.71,12,38.71932
2.71,12,38.728646
2.71,12,38.73795
2.71,14,38.748703
2.71,12,38.75822
2.71,14,38.770947
2.71,12,40.006263
2.71,12,40.016703
2.71,12,40.025888
2.71,12,40.035647
2.71,12,40.045105
2.71,12,40.058401
2.71,14,40.068803
2.71,12,40.077803
2.71,12,40.08769
2.71,12,40.097268
2.71,14,40.109441
0.12,20,40.125062
2.71,12,40.134247
2.71,14,40.144986
2.71,12,40.154029
2.71,14,40.164662
2.71,12,40.174737
2.71,12,40.184257
2.71,12,40.193459
0.13,20,40.20837
2.71,12,40.217619
2.71,14,40.231632
2.71,12,40.245381
2.71,14,40.256279
2.71,14,40.266908
0.12,24,40.304132
2.71,12,40.314349
0.22,16,40.326554
2.71,14,40.337151
2.71,12,40.346684
2.71,14,40.361667
2.71,12,40.371436
2.71,12,40.380928
2.71,12,40.390052
2.71,12,40.399158
2.71,14,40.40959
2.71,14,40.420104
2.71,12,40.429183
2.71,12,40.438454
2.71,12,40.447523
2.71,12,40.45684
2.71,12,40.465882
2.71,12,40.474895
2.71,14,40.491014
2.71,12,40.504092
2.71,12,40.513136
2.71,12,40.522415
2.71,14,40.532982
2.71,12,40.542465
2.71,12,40.551918
0.16,14,40.5625
2.71,14,40.572957
2.71,12,40.581963
2.71,12,40.590967
2.71,14,40.601384
2.71,16,40.613154
2.71,14,40.623741
2.71,12,40.632757
2.71,12,40.641959
0.13,14,40.652539
2.71,14,40.663315
2.71,14,40.673721
2.71,12,40.682688
0.15,26,40.701396
2.71,16,40.713228
2.71,12,40.723087
2.71,12,40.732406
0.13,16,40.746236
2.71,12,40.758001
2.71,18,40.775528
2.71,12,40.789777
2.71,12,40.801277
2.71,12,40.812525
2.71,12,40.824049
2.71,14,40.837175
2.71,12,40.848892
2.71,14,40.862542
2.71,12,40.873785
2.71,12,40.883886
2.71,14,40.894644
2.71,12,40.903928
2.71,12,40.91318
2.71,12,40.922901
2.71,12,40.932147
0.1,18,40.945607
2.71,14,40.956215
2.71,14,40.973337
2.71,12,40.982627
2.71,12,40.991704
2.71,12,41.000815
2.71,12,41.009999
2.71,12,41.019578
2.71,12,41.028867
2.71,14,41.039442
2.71,12,41.048845
2.71,14,41.059338
2.71,12,41.068731
2.71,12,41.078178
2.71,18,41.091564
2.71,12,41.100794
2.71,12,41.118871
2.71,12,41.128159
2.71,12,41.137426
2.71,12,41.146831
2.71,14,41.157867
2.71,12,41.167198
2.71,12,41.177057
2.71,12,41.186382
2.71,16,41.198671
2.71,12,41.207861
0.15,18,41.221647
2.71,18,41.234849
0.23,14,41.246812
2.71,18,41.266499
2.71,12,41.275752
2.71,12,41.286503
2.71,12,41.296101
2.71,12,41.305026
0.07,20,41.325435
2.71,12,41.334824
0.15,16,41.346941
2.71,12,41.358161
2.71,12,41.367221
2.71,16,41.379531
2.71,12,41.388682
2.71,14,41.399577
2.71,12,41.408688
0.15,18,41.421931
2.71,12,41.430889
2.71,14,41.44138
2.71,12,41.450891
2.71,16,41.462791
0.1,14,41.473168
2.71,12,41.482205
2.71,12,41.491275
2.71,12,41.500351
2.71,14,41.511005
2.71,12,41.520408
2.71,12,41.529445
2.71,14,41.542576
2.71,12,41.55163
2.71,12,41.560694
0.1,14,41.571288
2.71,12,41.580325
2.71,12,41.58926
2.71,14,41.599574
2.71,12,41.608433
2.71,12,41.617544
2.71,18,41.630588
2.71,12,41.639719
2.71,14,41.650152
2.71,12,41.659112
2.71,14,41.669404
2.71,12,41.678346
0.1,14,42.847068
2.71,12,42.856883
2.71,12,42.865969
2.71,14,42.876406
2.71,12,42.885564
2.71,12,42.894641
2.71,14,42.904999
2.71,16,42.916959
2.71,12,42.926384
2.71,14,42.936785
2.71,12,42.946042
2.71,12,42.955326
2.71,12,42.964318
2.71,12,42.973364
2.71,12,42.982605
2.71,12,42.991658
2.71,12,43.000683
0.13,14,43.011102
2.71,12,43.020171
2.71,12,43.029236
2.71,12,43.038224
2.71,12,43.047287
2.71,12,43.064496
2.71,12,43.08051
2.71,12,43.089637
2.71,12,43.098772
2.71,12,43.10786
2.71,12,43.117145
2.71,12,43.12678
2.71,12,43.135924
2.71,12,43.145008
2.71,12,43.15413
2.71,14,43.164674
2.71,14,43.176604
2.71,12,43.18609
2.71,12,43.195191
2.71,12,43.204398
2.71,12,43.213516
2.71,12,43.222588
2.71,12,43.23172
2.71,12,43.241104
2.71,12,43.251085
2.71,12,43.263502
2.71,12,43.273885
2.71,12,43.283119
2.71,12,43.293103
2.71,14,43.308511
2.71,12,43.319579
2.71,14,43.332176
2.71,16,43.346162
2.71,12,43.357356
2.71,12,43.366394
2.71,14,43.377433
2.71,12,43.386505
2.71,14,43.397964
2.71,12,43.407705
0.15,20,43.422511
2.71,12,43.431571
2.71,14,43.442267
2.71,16,43.454316
2.71,14,43.464993
2.71,12,43.474029
2.71,14,43.484564
2.71,12,43.493837
2.71,12,43.502929
2.71,12,43.512011
2.71,12,43.52143
2.71,12,43.530499
2.71,12,43.539631
0.12,20,43.554755
2.71,12,43.563938
2.71,12,43.572989
2.71,12,43.582144
2.71,12,43.591211
2.71,14,43.601701
2.71,12,43.611101
2.71,16,43.623075
2.71,14,43.633458
2.71,12,43.642633
2.71,12,43.652817
2.71,14,43.66611
2.71,12,43.675489
0.22,14,43.685956
2.71,12,43.695028
2.71,12,43.704091
2.71,12,43.713172
2.71,14,43.723943
2.71,12,43.733251
2.71,12,43.742402
2.71,12,43.751639
2.71,14,43.762197
2.71,12,43.771268
2.71,12,43.780414
2.71,12,43.789457
2.71,12,43.798635
2.71,14,43.809114
2.71,12,43.818214
2.71,14,43.828574
2.71,14,43.839064
2.71,12,43.848498
2.71,16,43.880406
2.71,12,43.889637
0.14,16,43.902185
2.71,12,43.911401
2.71,12,43.920937
2.71,14,43.93163
2.71,14,43.942203
2.71,12,43.951535
2.71,14,43.962133
2.71,12,43.971347
2.71,12,43.985716
2.71,12,43.994871
2.71,12,44.004009
2.71,12,44.0134
2.71,14,44.024323
2.71,12,44.033379
2.71,12,44.042671
2.71,12,44.052
2.71,14,44.06734
2.71,12,44.076525
2.71,14,44.087394
2.71,12,44.096585
2.71,12,44.10576
2.71,14,44.116389
2.71,12,44.125692
2.71,14,44.136149
2.71,12,44.14571
2.71,12,44.154987
2.71,12,44.164011
2.71,12,44.173899
2.71,14,44.18484
2.71,16,44.196648
2.71,14,44.206995
2.71,14,44.217753
2.71,14,44.228117
2.71,18,44.241445
2.71,12,44.25335
2.71,18,44.266699
2.71,12,44.276644
2.71,14,44.287485
2.71,12,44.296544
2.71,12,44.305562
2.71,12,44.315251
2.71,12,44.329149
2.71,12,44.341678
2.71,12,44.353329
2.71,12,44.362812
2.71,12,44.371964
2.71,14,44.382649
2.71,12,44.391746
2.71,12,44.400939
2.71,14,44.411453
2.71,12,44.420641
2.71,12,44.429933
2.71,12,44.439105
2.71,12,44.448582
2.71,12,44.458286
2.71,12,44.467428
2.71,12,44.476481
2.71,12,45.725538
2.71,14,45.737419
2.71,12,45.747334
2.71,12,45.756952
2.71,12,45.766873
0.13,14,45.78058
2.71,12,45.79204
2.71,14,45.805262
2.71,12,45.816905
2.71,12,45.828251
2.71,12,45.839844
2.71,18,45.856621
2.71,12,45.86798
2.71,12,45.878724
2.71,12,45.887923
2.71,14,45.898444
2.71,12,45.908043
2.71,12,45.917216
2.71,12,45.948306
2.71,12,45.957801
2.71,12,45.967168
2.71,12,45.976663
2.71,12,45.985858
2.71,14,45.996341
2.71,12,46.005349
2.71,12,46.014575
2.71,12,46.02393
2.71,12,46.033364
2.71,12,46.042549
2.71,12,46.051657
2.71,12,46.060947
2.71,12,46.069896
2.71,12,46.079173
2.71,12,46.096082
2.71,12,46.105652
2.71,12,46.114773
2.71,12,46.124102
2.71,12,46.135625
2.71,14,46.148509
2.71,12,46.157788
2.71,12,46.166879
2.71,14,46.179383
2.71,12,46.188863
2.71,12,46.198179
2.71,12,46.20733
2.71,12,46.21641
2.71,12,46.22558
2.71,14,46.236188
2.71,14,46.247036
2.71,12,46.256398
2.71,12,46.265556
2.71,12,46.274657
2.71,16,46.28687
2.71,12,46.295925
2.71,12,46.305093
2.71,12,46.314506
2.71,12,46.324198
2.71,14,46.335554
2.71,12,46.344733
0.16,14,46.357399
2.71,12,46.369259
2.71,12,46.389667
2.71,12,46.402575
0.22,14,46.419592
2.71,12,46.429016
2.71,12,46.438132
2.71,12,46.447418
2.71,12,46.456727
2.71,14,46.467621
2.71,12,46.476655
2.71,12,46.485606
2.71,12,46.497483
2.71,12,46.506535
2.71,12,46.515877
0.15,14,46.526444
0.23,14,46.536988
0.13,18,46.55037
2.71,12,46.559554
2.71,12,46.569227
2.71,12,46.578264
2.71,12,46.587191
2.71,12,46.596254
2.71,12,46.60523
2.71,14,46.615589
2.71,12,46.624606
2.71,12,46.633556
2.71,12,46.642652
0.11,22,46.658952
2.71,12,46.668
2.71,14,46.678546
2.71,12,46.687841
2.71,12,46.696948
2.71,12,46.70594
2.71,12,46.714969
2.71,12,46.724297
2.71,12,46.735346
2.71,14,46.746718
2.71,12,46.755801
2.71,12,46.773145
2.71,12,46.782109
2.71,12,46.791169
2.71,12,46.800171
2.71,14,46.810707
2.71,12,46.819706
2.71,12,46.828694
2.71,12,46.837786
2.71,12,46.846827
2.71,12,46.856252
2.71,12,46.865625
2.71,12,46.87465
2.71,12,46.883705
2.71,14,46.894048
2.71,12,46.903069
2.71,14,46.913569
2.71,12,46.922887
2.71,12,46.931937
2.71,14,46.942263
2.71,12,46.951206
2.71,12,46.960428
2.71,12,46.973428
2.71,12,46.982832
2.71,16,46.99835
2.71,14,47.008525
2.71,12,47.018078
2.71,12,47.027042
2.71,12,47.036133
2.71,12,47.045074
2.71,12,47.054391
2.71,12,47.063364
2.71,12,47.072711
2.71,12,47.082232
2.71,14,47.092882
2.71,12,47.102023
2.71,12,47.111149
2.71,12,47.12036
2.71,12,47.129537
2.71,12,47.138867
2.71,12,47.148082
2.71,14,47.158736
2.71,12,47.167933
0.12,20,47.183725
2.71,12,47.192957
2.71,12,47.202279
2.71,12,47.211279
2.71,12,47.220347
2.71,16,47.233375
2.71,12,47.245011
2.71,12,47.254236
2.71,12,47.26336
2.71,12,47.272455
2.71,12,47.281695
2.71,12,47.290985
2.71,16,47.30309
2.71,12,47.312097
2.71,12,47.321173
2.71,12,47.331156
2.71,14,47.342697
2.71,12,47.355411
2.71,14,47.366604
2.71,12,47.375957
2.71,12,47.385211
2.71,12,47.394431
2.71,14,48.66377
2.71,12,48.67291
2.71,12,48.681981
2.71,12,48.690994
2.71,12,48.69998
2.71,12,48.708955
2.71,18,48.72228
2.71,14,48.732786
2.71,12,48.741861
2.71,12,48.751018
2.71,14,48.761415
2.71,12,48.770418
2.71,14,48.781698
2.71,12,48.790957
2.71,12,48.800524
2.71,12,48.830009
2.71,12,48.839431
2.71,14,48.850427
2.71,12,48.859699
2.71,14,48.870442
2.71,16,48.882528
2.71,12,48.891682
2.71,14,48.902227
2.71,12,48.911427
2.71,12,48.920715
2.71,12,48.930084
2.71,12,48.939235
2.71,12,48.948392
2.71,12,48.958011
2.71,12,48.967354
2.71,12,48.97638
2.71,12,48.985477
2.71,12,48.994599
2.71,12,49.004066
2.71,14,49.018281
2.71,12,49.028359
2.71,12,49.037244
2.71,12,49.046139
2.71,12,49.055357
2.71,12,49.064876
2.71,12,49.073852
2.71,14,49.084377
2.71,12,49.095746
2.71,12,49.105979
2.71,12,49.114943
2.71,12,49.123874
2.71,12,49.13301
2.71,12,49.141954
2.71,12,49.151043
2.71,12,49.160009
2.71,14,49.170401
2.71,12,49.181193
2.71,12,49.190526
2.71,14,49.201453
2.71,12,49.211828
2.71,12,49.221256
2.71,14,49.231867
2.71,14,49.242655
2.71,14,49.253471
2.71,14,49.264278
2.71,12,49.275355
2.71,12,49.285487
2.71,14,49.296017
2.71,12,49.305133
2.71,12,49.314248
2.71,12,49.323208
2.71,14,49.334834
2.71,12,49.345281
2.71,14,49.358657
2.71,12,49.368213
2.71,12,49.378316
2.71,14,49.389083
2.71,12,49.399235
2.71,14,49.409823
2.71,14,49.420389
2.71,12,49.430048
2.71,14,49.441696
2.71,12,49.455853
2.71,12,49.46795
2.71,12,49.477187
2.71,14,49.488618
2.71,12,49.498012
2.71,12,49.50793
2.71,12,49.517149
2.71,12,49.528424
2.71,12,49.53826
2.71,14,49.548854
2.71,12,49.558487
2.71,16,49.57062
2.71,14,49.581186
2.71,12,49.590385
2.71,12,49.599483
2.71,12,49.608694
2.71,12,49.617945
2.71,12,49.648397
2.71,12,49.657957
2.71,12,49.667539
2.71,16,49.679405
2.71,12,49.688417
2.71,12,49.698781
2.71,14,49.709549
2.71,16,49.722389
2.71,14,49.733378
2.71,12,49.742565
2.71,12,49.751671
2.71,12,49.760912
2.71,12,49.770316
2.71,12,49.779447
2.71,12,49.78846
2.71,12,49.797678
2.71,12,49.806801
2.71,12,49.815897
2.71,12,49.825073
2.71,12,49.838123
2.71,14,49.849016
2.71,12,49.858894
2.71,12,49.868093
2.71,12,49.877209
2.71,12,49.886784
2.71,12,49.895844
2.71,12,49.905076
2.71,12,49.914182
2.71,12,49.923514
2.71,12,49.932736
2.71,12,49.9418
2.71,12,49.950904
2.71,12,49.960275
2.71,12,49.969484
0.16,14,49.979959
2.71,12,49.989114
2.71,12,50.002293
2.71,12,50.011732
2.71,14,50.022434
2.71,14,50.033026
0.23,16,50.045
2.71,12,50.054484
2.71,12,50.063599
2.71,12,50.07258
2.71,12,50.08162
2.71,12,50.091112
2.71,12,50.100127
2.71,12,50.109839
2.71,12,50.118935
2.71,12,50.128358
2.71,12,50.137499
2.71,12,50.146571
2.71,12,50.15598
2.71,12,50.165036
2.71,12,50.174846
2.71,12,50.184265
2.71,12,50.193354
2.71,12,50.202585
2.71,12,50.211572
2.71,12,50.220809
2.71,12,50.229836
2.71,12,50.239149
2.71,12,50.248187
2.71,12,50.257314
2.71,12,50.266336
2.71,12,50.275428
0.16,14,50.286069
2.71,14,50.296565
2.71,12,50.306019
2.71,12,50.315026
2.71,12,51.538611
2.71,12,51.547789
2.71,12,51.557155
2.71,12,51.566396
2.71,12,51.575503
2.71,12,51.584694
2.71,12,51.594
2.71,12,51.603177
2.71,12,51.612216
2.71,12,51.621361
2.71,14,51.631896
2.71,12,51.649549
2.71,12,51.659133
2.71,14,51.669925
2.71,12,51.679439
2.71,14,51.69011
2.71,12,51.69926
2.71,12,51.708395
2.71,14,51.719008
2.71,12,51.729234
2.71,12,51.740541
2.71,12,51.749924
2.71,12,51.759286
0.15,16,51.771333
2.71,14,51.782023
2.71,12,51.79126
2.71,12,51.800588
2.71,12,51.810196
2.71,14,51.820671
2.71,12,51.829741
2.71,12,51.839277
2.71,12,51.853484
2.71,12,51.863721
2.71,12,51.873097
2.71,12,51.882444
2.71,12,51.891955
2.71,12,51.901992
2.71,12,51.910997
2.71,12,51.919985
2.71,12,51.929421
2.71,12,51.938358
2.71,12,51.947217
2.71,12,51.956506
2.71,12,51.965496
2.71,14,51.975859
2.71,14,51.986129
2.71,14,51.996474
2.71,14,52.006769
2.71,12,52.015687
2.71,12,52.024654
2.71,12,52.033979
2.71,12,52.043619
2.71,12,52.052785
2.71,12,52.061921
2.71,12,52.070832
2.71,12,52.079714
2.71,12,52.088633
2.71,12,52.097798
2.71,12,52.11246
2.71,12,52.122458
2.71,12,52.131771
2.71,12,52.141397
2.71,12,52.150607
2.71,12,52.159734
2.71,12,52.168712
2.71,12,52.1795
2.71,12,52.188862
2.71,14,52.199522
2.71,12,52.209072
2.71,12,52.218259
2.71,12,52.227444
2.71,12,52.236586
2.71,12,52.245865
2.71,12,52.255245
2.71,12,52.264827
2.71,14,52.275904
2.71,12,52.285254
2.71,12,52.294469
2.71,12,52.303688
2.71,12,52.312963
2.71,12,52.322984
2.71,12,52.332776
2.71,12,52.342695
0.13,14,52.360071
0.13,18,52.373192
2.71,12,52.382104
2.71,12,52.39108
2.71,12,52.400026
2.71,12,52.408851
2.71,12,52.418583
2.71,12,52.427437
2.71,12,52.444209
2.71,12,52.453197
2.71,12,52.462276
2.71,12,52.471171
2.71,14,52.481564
2.71,12,52.4904
2.71,12,52.499278
2.71,12,52.508094
2.71,12,52.519757
2.71,12,52.532776
2.71,12,52.542092
2.71,12,52.55123
2.71,12,52.560265
2.71,12,52.569096
2.71,12,52.57793
2.71,12,52.586767
2.71,12,52.595558
2.71,12,52.606949
2.71,12,52.61576
2.71,12,52.624659
2.71,12,52.633518
2.71,12,52.644317
2.71,12,52.655167
2.71,14,52.665499
2.71,12,52.674404
2.71,12,52.68327
2.71,12,52.692403
0.13,14,52.702658
2.71,12,52.711923
2.71,14,52.722379
2.71,12,52.731396
2.71,14,52.741702
2.71,12,52.750554
2.71,12,52.759557
2.71,12,52.768398
2.71,14,52.778632
2.71,12,52.787475
2.71,12,52.796371
2.71,12,52.805156
2.71,14,52.815404
2.71,12,52.824237
2.71,12,52.833004
2.71,14,52.843208
0.23,14,52.853578
2.71,12,52.862764
2.71,12,52.871623
2.71,12,52.880516
2.71,12,52.889394
2.71,12,52.898223
2.71,12,52.907082
2.71,12,52.915923
2.71,12,52.924897
0.22,14,52.935208
2.71,12,52.944051
2.71,14,52.954405
2.71,12,52.963335
2.71,12,52.972132
2.71,12,52.980966
2.71,12,52.989817
0.13,14,53.000702
2.71,12,53.014759
2.71,12,53.023667
2.71,12,53.032617
2.71,12,53.041527
2.71,12,53.050386
2.71,12,53.061071
2.71,12,53.069935
2.71,12,53.078831
2.71,14,53.089074
2.71,12,53.097941
2.71,16,53.110099
2.71,12,53.119323
2.71,12,53.128159
2.71,12,53.137173
2.71,12,54.312286
2.71,12,54.321412
2.71,12,54.330785
2.71,12,54.340715
2.71,12,54.352794
2.71,12,54.362422
2.71,12,54.371794
2.71,12,54.390421
2.71,12,54.399697
2.71,12,54.408827
2.71,12,54.417904
2.71,12,54.42703
2.71,12,54.436627
2.71,12,54.445755
2.71,14,54.456397
2.71,12,54.465553
2.71,12,54.47458
2.71,12,54.48518
2.71,12,54.495389
0.1,24,54.512982
2.71,12,54.52265
2.71,12,54.53196
2.71,12,54.541127
2.71,12,54.550445
2.71,14,54.563142
2.71,12,54.576469
2.71,12,54.588397
2.71,12,54.599326
2.71,12,54.608205
2.71,12,54.617278
2.71,12,54.626267
2.71,12,54.635242
2.71,12,54.64481
2.71,12,54.654011
2.71,12,54.663412
2.71,12,54.672489
2.71,12,54.681538
2.71,12,54.690538
2.71,12,54.699554
2.71,12,54.708587
2.71,12,54.71762
2.71,12,54.726763
2.71,12,54.736087
2.71,12,54.745231
2.71,12,54.754431
2.71,12,54.763499
2.71,12,54.772574
2.71,12,54.781708
2.71,12,54.790891
2.71,12,54.800029
2.71,12,54.809054
2.71,12,54.81818
2.71,12,54.827565
2.71,12,54.836716
2.71,12,54.845661
2.71,12,54.854913
2.71,12,54.864569
2.71,14,54.874986
2.71,12,54.884015
2.71,12,54.893093
2.71,12,54.905216
2.71,12,54.915526
2.71,12,54.925027
2.71,12,54.934336
2.71,12,54.943378
2.71,14,54.953944
2.71,12,54.963185
2.71,12,54.972282
0.1,24,54.989638
2.71,12,54.99874
2.71,12,55.007802
2.71,14,55.018338
2.71,12,55.027396
2.71,12,55.036428
2.71,12,55.045485
2.71,12,55.054669
2.71,12,55.063925
2.71,12,55.07301
2.71,12,55.082049
2.71,12,55.091122
2.71,12,55.100146
2.71,12,55.109184
2.71,12,55.118282
2.71,12,55.134138
2.71,12,55.143326
2.71,14,55.153768
2.71,12,55.162862
2.71,12,55.181135
2.71,12,55.190476
2.71,14,55.200995
2.71,12,55.210012
2.71,12,55.21911
2.71,12,55.228176
2.71,12,55.237788
2.71,12,55.24694
2.71,12,55.256048
2.71,12,55.265426
2.71,12,55.274523
2.71,12,55.284256
2.71,12,55.293384
2.71,12,55.302508
2.71,12,55.311585
2.71,12,55.320648
2.71,14,55.331266
2.71,12,55.340612
2.71,12,55.351801
2.71,12,55.361814
2.71,12,55.372759
2.71,12,55.385214
2.71,12,55.395059
2.71,12,55.404351
2.71,12,55.413358
2.71,12,55.422416
2.71,12,55.431682
2.71,12,55.440742
2.71,12,55.449809
2.71,14,55.460478
2.71,12,55.470499
2.71,16,55.482547
2.71,12,55.49176
2.71,14,55.502254
2.71,12,55.511434
2.71,12,55.520521
2.71,12,55.529594
2.71,14,55.540387
2.71,12,55.549599
2.71,14,55.56058
2.71,12,55.569639
2.71,12,55.578763
0.15,14,55.594005
2.71,14,55.607394
2.71,12,55.61653
2.71,12,55.625611
2.71,12,55.634754
2.71,12,55.644769
2.71,12,55.654324
2.71,12,55.663526
2.71,12,55.672581
2.71,12,55.681759
2.71,12,55.690782
2.71,12,55.69979
2.71,12,55.70889
2.71,12,55.718
2.71,12,55.727512
2.71,12,55.736843
2.71,14,55.747246
2.71,12,55.756536
2.71,12,55.765568
2.71,12,55.774595
2.71,12,55.783727
2.71,12,55.792898
2.71,12,55.802017
2.71,12,55.811196
2.71,12,55.820525
2.71,12,55.829593
2.71,12,55.838778
2.71,12,55.847855
2.71,12,55.857422
2.71,12,55.866927
2.71,12,55.876083
2.71,12,55.88524
2.71,16,55.897249
2.71,12,55.90628
2.71,12,55.915343
2.71,12,55.925249
2.71,12,57.14324
2.71,12,57.154312
2.71,12,57.163918
2.71,12,57.1736
2.71,12,57.191239
2.71,12,57.200273
2.71,12,57.209236
2.71,12,57.218378
2.71,12,57.22738
2.71,12,57.236912
2.71,12,57.245893
2.71,14,57.256337
2.71,12,57.265358
2.71,12,57.27441
2.71,12,57.283949
2.71,12,57.293018
2.71,12,57.30208
2.71,12,57.311114
2.71,14,57.32207
2.71,12,57.331809
2.71,12,57.341115
2.71,12,57.352874
2.71,12,57.362874
2.71,12,57.371768
2.71,12,57.380811
2.71,12,57.394459
2.71,12,57.403443
2.71,12,57.412479
2.71,12,57.421461
2.71,12,57.430451
2.71,12,57.439762
2.71,12,57.448684
2.71,12,57.458499
2.71,14,57.469232
2.71,12,57.478389
2.71,12,57.487483
2.71,12,57.496496
2.71,12,57.505569
2.71,12,57.514646
2.71,12,57.523885
2.71,12,57.536181
2.71,12,57.546474
2.71,12,57.555937
2.71,12,57.565075
2.71,12,57.574283
2.71,12,57.584035
0.23,14,57.595906
2.71,12,57.606826
2.71,12,57.615934
2.71,12,57.62509
2.71,12,57.638756
2.71,12,57.651281
0.22,14,57.662007
2.71,12,57.671277
2.71,12,57.680344
2.71,12,57.689317
2.71,12,57.698276
2.71,12,57.707807
2.71,12,57.716894
2.71,12,57.726014
2.71,12,57.735123
2.71,12,57.746283
2.71,12,57.755412
2.71,14,57.765709
2.71,12,57.774869
2.71,12,57.783883
2.71,12,57.792867
2.71,12,57.801875
2.71,12,57.81084
2.71,12,57.819875
2.71,12,57.829439
2.71,12,57.839588
2.71,12,57.849037
2.71,12,57.858466
2.71,12,57.868237
2.71,12,57.877513
2.71,12,57.887123
2.71,12,57.897056
2.71,12,57.906479
2.71,12,57.915722
2.71,12,57.924859
2.71,12,57.934104
2.71,12,57.94324
2.71,12,57.952471
2.71,12,57.9619
2.71,12,57.971109
2.71,12,57.994072
2.71,12,58.003277
2.71,12,58.012385
2.71,14,58.022835
2.71,14,58.033374
2.71,12,58.042528
2.71,12,58.051793
2.71,12,58.060893
2.71,12,58.069992
2.71,12,58.079505
2.71,12,58.088567
2.71,12,58.097701
2.71,12,58.106965
2.71,12,58.116338
2.71,12,58.125377
2.71,12,58.136879
2.71,12,58.146254
2.71,12,58.155619
2.71,12,58.16569
2.71,12,58.176136
2.71,12,58.190975
2.71,12,58.200912
2.71,12,58.210257
2.71,12,58.219464
2.71,12,58.229129
2.71,12,58.238884
2.71,12,58.248008
2.71,12,58.257116
2.71,12,58.266406
2.71,12,58.275671
2.71,12,58.284978
2.71,12,58.294181
2.71,12,58.303214
2.71,12,58.312344
2.71,12,58.321424
2.71,14,58.331836
2.71,12,58.341283
2.71,12,58.353823
2.71,12,58.364496
2.71,12,58.373858
2.71,14,58.385176
2.71,12,58.394347
2.71,12,58.40495
2.71,12,58.413934
2.71,12,58.422982
2.71,16,58.435067
2.71,12,58.444284
2.71,12,58.453533
2.71,12,58.462673
2.71,14,58.473819
2.71,12,58.482879
2.71,12,58.492036
2.71,12,58.501127
2.71,12,58.510344
2.71,12,58.519377
2.71,12,58.528394
2.71,12,58.537669
2.71,12,58.546677
2.71,12,58.555987
2.71,12,58.565172
2.71,12,58.574387
2.71,12,58.583353
2.71,12,58.592232
2.71,12,58.601284
2.71,12,58.610319
2.71,12,58.619319
2.71,12,58.630003
2.71,12,58.641521
2.71,12,58.654934
2.71,12,58.67114
2.71,14,58.686355
2.71,12,58.699661
2.71,12,58.709195
2.71,12,58.718399
2.71,12,58.72747
2.71,12,58.737074
2.71,12,58.746042
2.71,12,58.755131
2.71,12,58.76415
2.71,12,58.773203
2.71,12,58.782338
2.71,12,58.791388
2.71,12,58.808918
2.71,12,60.028403
2.71,12,60.037508
2.71,12,60.047156
0.22,14,60.057734
2.71,12,60.066993
2.71,14,60.077634
2.71,12,60.086589
2.71,12,60.09598
2.71,12,60.105125
2.71,12,60.114266
2.71,12,60.123256
2.71,12,60.132468
2.71,12,60.141576
2.71,12,60.151006
2.71,12,60.162846
2.71,12,60.172091
2.71,12,60.18173
2.71,12,60.190755
2.71,12,60.199802
2.71,12,60.208763
2.71,12,60.217818
2.71,12,60.227315
2.71,12,60.23624
2.71,12,60.245964
2.71,12,60.254916
2.71,12,60.263886
2.71,12,60.273014
2.71,12,60.282146
2.71,14,60.292644
2.71,12,60.302695
2.71,12,60.312164
2.71,12,60.321332
2.71,12,60.330345
2.71,12,60.340344
2.71,12,60.352157
2.71,12,60.362048
2.71,12,60.371045
2.71,12,60.380003
2.71,12,60.388908
2.71,12,60.398853
2.71,12,60.410469
2.71,12,60.421981
2.71,12,60.433326
2.71,12,60.444662
2.71,12,60.456238
2.71,12,60.466394
2.71,12,60.475415
2.71,14,60.485856
2.71,12,60.494821
2.71,12,60.503889
2.71,12,60.51298
2.71,12,60.522034
2.71,12,60.530968
2.71,12,60.540081
2.71,12,60.549223
2.71,12,60.558335
2.71,12,60.567226
2.71,12,60.576123
2.71,12,60.584986
2.71,12,60.593955
2.71,14,60.605182
2.71,12,60.614951
2.71,12,60.624047
2.71,12,60.633104
2.71,12,60.642028
2.71,12,60.651205
2.71,12,60.66017
2.71,12,60.669279
2.71,12,60.67844
2.71,12,60.687272
2.71,12,60.696117
2.71,12,60.70965
2.71,12,60.721738
2.71,12,60.730978
2.71,12,60.740267
2.71,12,60.749136
2.71,12,60.758115
2.71,12,60.766981
2.71,12,60.775913
2.71,12,60.785728
2.71,12,60.795141
2.71,12,60.812912
2.71,12,60.822569
2.71,12,60.831946
2.71,12,60.841274
2.71,14,60.852552
2.71,12,60.861943
2.71,12,60.871253
2.71,12,60.880771
2.71,12,60.890058
2.71,12,60.899382
2.71,14,60.910234
2.71,12,60.919465
2.71,12,60.929114
2.71,12,60.938341
2.71,12,60.947638
2.71,12,60.956907
2.71,12,60.966327
2.71,12,60.975681
2.71,12,60.984897
2.71,12,60.994116
2.71,12,61.003418
2.71,12,61.014079
0.13,14,61.02745
2.71,12,61.036864
2.71,12,61.046288
2.71,12,61.05609
2.71,12,61.065932
2.71,12,61.075401
2.71,14,61.086081
2.71,12,61.09541
2.71,14,61.106069
2.71,12,61.115449
0.13,32,61.140847
2.71,12,61.154963
2.71,12,61.16392
2.71,12,61.173573
2.71,12,61.182776
2.71,12,61.191676
2.71,12,61.20069
2.71,12,61.20965
2.71,12,61.218522
2.71,12,61.227418
2.71,12,61.236366
2.71,14,61.246855
2.71,12,61.255855
2.71,12,61.26497
2.71,12,61.273936
2.71,12,61.282879
2.71,12,61.291841
2.71,12,61.300892
2.71,12,61.310461
2.71,12,61.319795
0.1,20,61.334624
2.71,12,61.34756
2.71,12,61.362909
2.71,12,61.373233
2.71,12,61.382862
2.71,12,61.392002
2.71,12,61.40157
2.71,12,61.410925
2.71,12,61.420442
2.71,12,61.429693
2.71,12,61.43858
2.71,14,61.449192
2.71,12,61.45837
2.71,12,61.467334
2.71,12,61.476473
2.71,12,61.485388
2.71,12,61.494231
2.71,12,61.503165
2.71,12,61.512103
2.71,12,61.521031
2.71,12,61.529872
2.71,16,61.541725
2.71,12,61.550584
2.71,12,61.559805
2.71,12,61.568991
2.71,12,61.57784
2.71,12,61.586655
2.71,12,61.595482
2.71,12,61.617015
2.71,12,61.625975
2.71,12,61.634921
2.71,12,61.643847
2.71,12,61.652887
2.71,12,62.870844
2.71,12,62.881199
2.71,12,62.890348
2.71,12,62.899853
2.71,12,62.909365
2.71,12,62.918388
2.71,12,62.927403
2.71,12,62.936594
2.71,12,62.945836
2.71,12,62.959027
2.71,12,62.968138
2.71,12,62.977614
2.71,12,62.986637
2.71,12,62.995871
2.71,12,63.005258
2.71,12,63.014239
2.71,12,63.023315
2.71,12,63.032477
2.71,12,63.041613
2.71,12,63.050686
2.71,12,63.059877
2.71,12,63.069081
2.71,12,63.078217
2.71,12,63.087274
2.71,12,63.096401
2.71,12,63.105464
2.71,12,63.114415
2.71,12,63.123436
2.71,12,63.13288
2.71,12,63.142394
2.71,12,63.151517
2.71,12,63.160749
2.71,12,63.169748
2.71,12,63.181499
2.71,12,63.193188
2.71,12,63.202386
2.71,12,63.211484
2.71,12,63.220693
2.71,12,63.230461
2.71,12,63.239833
2.71,12,63.249098
2.71,12,63.258467
2.71,12,63.267413
2.71,12,63.276534
2.71,12,63.285702
2.71,12,63.29487
2.71,12,63.303819
2.71,12,63.312816
2.71,12,63.32175
2.71,12,63.330636
2.71,12,63.339608
2.71,12,63.351745
2.71,12,63.360926
2.71,12,63.371244
2.71,12,63.38046
2.71,12,63.389471
2.71,12,63.39866
2.71,12,63.40792
2.71,12,63.417348
2.71,12,63.426837
2.71,12,63.436044
2.71,12,63.4454
2.71,12,63.45475
2.71,12,63.46427
2.71,12,63.473254
2.71,12,63.482383
2.71,12,63.491393
0.23,14,63.50182
2.71,12,63.510736
2.71,12,63.519651
2.71,14,63.529797
2.71,12,63.53862
2.71,14,63.548923
2.71,12,63.558518
2.71,12,63.567345
2.71,12,63.576141
2.71,12,63.585365
2.71,12,63.59411
2.71,12,63.611581
2.71,12,63.620641
2.71,12,63.629563
2.71,12,63.63848
2.71,12,63.647398
2.71,12,63.656443
2.71,12,63.665546
2.71,12,63.674417
2.71,12,63.683658
2.71,12,63.692562
2.71,12,63.701502
2.71,12,63.710434
2.71,12,63.719407
2.71,12,63.728484
2.71,12,63.738183
2.71,12,63.747454
2.71,14,63.757985
2.71,12,63.769261
2.71,12,63.782548
2.71,12,63.793238
2.71,12,63.802343
2.71,12,63.815938
2.71,12,63.825067
2.71,12,63.834067
2.71,12,63.84311
2.71,12,63.85224
2.71,12,63.866959
2.71,12,63.87666
2.71,12,63.886055
2.71,12,63.895323
2.71,12,63.904836
2.71,12,63.913918
2.71,12,63.923043
2.71,12,63.932485
2.71,12,63.941509
2.71,12,63.950585
2.71,12,63.959777
2.71,12,63.969015
2.71,12,63.977948
2.71,12,63.986859
2.71,12,63.995802
2.71,12,64.004784
2.71,12,64.013653
2.71,12,64.022705
2.71,12,64.031735
2.71,12,64.040618
2.71,12,64.049495
2.71,12,64.058673
2.71,12,64.067603
2.71,12,64.076582
2.71,12,64.085964
2.71,12,64.09538
2.71,12,64.104693
2.71,14,64.116019
2.71,12,64.125064
2.71,12,64.138391
2.71,12,64.147823
2.71,12,64.157107
2.71,12,64.166159
2.71,12,64.177086
2.71,12,64.186343
2.71,12,64.195629
2.71,12,64.205445
2.71,12,64.214558
0.12,14,64.225057
2.71,12,64.2344
2.71,12,64.243851
2.71,12,64.252891
2.71,12,64.262164
2.71,12,64.272417
2.71,12,64.284269
2.71,12,64.295438
2.71,12,64.304941
2.71,12,64.314207
2.71,12,64.323405
2.71,12,64.332561
2.71,12,64.341719
2.71,12,64.35367
2.71,12,64.362855
2.71,12,64.373753
2.71,12,64.38316
2.71,12,64.392216
2.71,12,64.401331
2.71,12,64.419185
2.71,12,64.428386
2.71,12,64.441575
2.71,12,64.451182
2.71,12,64.460917
2.71,12,64.470552
2.71,12,64.479896
2.71,12,64.488924
2.71,12,65.682955
2.71,12,65.692021
2.71,12,65.700932
2.71,12,65.709894
2.71,12,65.718886
2.71,12,65.728003
2.71,12,65.73828
2.71,12,65.747358
0.13,14,65.757876
2.71,12,65.766978
2.71,12,65.775934
2.71,12,65.784817
2.71,12,65.793874
2.71,12,65.802921
2.71,12,65.813501
2.71,12,65.827097
2.71,12,65.838397
2.71,12,65.847556
2.71,12,65.856971
2.71,12,65.866195
2.71,12,65.87538
2.71,12,65.884493
2.71,12,65.893507
2.71,12,65.90262
2.71,12,65.91161
2.71,12,65.920713
2.71,12,65.929851
2.71,12,65.93903
2.71,12,65.948266
2.71,12,65.957333
2.71,14,65.97539
2.71,12,65.987056
2.71,12,65.99608
2.71,12,66.005076
2.71,12,66.014048
2.71,12,66.023152
2.71,12,66.033067
2.71,12,66.042191
2.71,12,66.051447
2.71,12,66.060753
2.71,12,66.070225
2.71,12,66.079506
2.71,12,66.08886
2.71,12,66.098047
2.71,12,66.107048
2.71,12,66.116025
2.71,12,66.125245
2.71,14,66.135716
2.71,12,66.144848
2.71,12,66.154678
2.71,12,66.164542
2.71,12,66.175359
2.71,12,66.184908
2.71,14,66.198644
2.71,14,66.209222
2.71,12,66.218381
2.71,12,66.227395
2.71,12,66.237532
2.71,12,66.246814
2.71,12,66.255862
2.71,12,66.265139
2.71,12,66.274275
2.71,12,66.283635
2.71,12,66.292643
2.71,12,66.301741
2.71,12,66.310658
2.71,12,66.319991
2.71,12,66.328881
2.71,12,66.337776
2.71,12,66.347093
2.71,12,66.35851
2.71,12,66.367902
2.71,12,66.378542
2.71,12,66.387762
2.71,12,66.40626
2.71,12,66.415348
2.71,12,66.424396
2.71,12,66.433671
2.71,12,66.442746
2.71,12,66.452178
2.71,14,66.462793
2.71,12,66.471834
2.71,12,66.481536
2.71,12,66.490832
2.71,12,66.499802
2.71,12,66.508749
2.71,12,66.51765
2.71,12,66.526706
2.71,12,66.535801
2.71,12,66.545269
2.71,12,66.555271
2.71,14,66.567654
2.71,12,66.57934
2.71,12,66.588606
2.71,12,66.598098
2.71,12,66.613093
2.71,12,66.622743
2.71,12,66.631953
2.71,12,66.641125
2.71,12,66.650824
2.71,12,66.660093
2.71,12,66.669287
2.71,12,66.678381
2.71,12,66.687788
2.71,12,66.696976
2.71,12,66.706316
2.71,12,66.715476
2.71,12,66.724742
2.71,12,66.734125
2.71,12,66.743323
2.71,12,66.752804
2.71,12,66.762383
2.71,12,66.771502
2.71,12,66.780791
2.71,12,66.789969
2.71,12,66.799095
2.71,12,66.808282
2.71,12,66.817457
2.71,12,66.82668
2.71,12,66.839546
2.71,12,66.856218
2.71,12,66.873725
2.71,12,66.883409
2.71,12,66.892475
2.71,12,66.901559
2.71,12,66.910979
2.71,12,66.92028
2.71,12,66.930218
2.71,12,66.939564
2.71,12,66.948855
2.71,12,66.957942
2.71,12,66.967101
2.71,12,66.976799
2.71,12,66.985999
2.71,12,66.995052
2.71,12,67.003972
2.71,12,67.013037
2.71,12,67.022074
2.71,12,67.031053
2.71,12,67.040401
2.71,12,67.049502
2.71,12,67.064958
2.71,12,67.078016
2.71,12,67.094999
0.13,18,67.108944
2.71,12,67.118416
2.71,12,67.127778
2.71,12,67.136955
2.71,12,67.146159
2.71,12,67.156043
2.71,12,67.165164
2.71,12,67.175841
2.71,12,67.185755
2.71,12,67.195231
2.71,12,67.204417
2.71,14,67.215017
2.71,12,67.233274
2.71,12,67.24439
2.71,12,67.25442
2.71,12,67.263601
2.71,12,67.273131
2.71,12,67.282264
2.71,12,67.291664
2.71,12,67.301458
2.71,12,67.310757
2.71,12,67.319828
2.71,12,67.328996
2.71,12,67.338138
2.71,12,67.347697
2.71,12,68.564669
2.71,12,68.573997
2.71,12,68.583067
2.71,12,68.592063
2.71,12,68.601058
2.71,12,68.609997
2.71,12,68.618935
2.71,12,68.627879
2.71,12,68.636909
2.71,12,68.645949
2.71,12,68.655024
2.71,12,68.664064
2.71,12,68.67347
2.71,12,68.682378
2.71,12,68.691489
2.71,12,68.700389
2.71,12,68.709258
2.71,12,68.718282
2.71,12,68.727907
2.71,12,68.737783
2.71,12,68.746858
2.71,12,68.756371
2.71,12,68.765469
2.71,12,68.774664
2.71,12,68.783765
2.71,12,68.792695
2.71,12,68.801832
2.71,12,68.810795
2.71,14,68.821347
2.71,12,68.830555
2.71,12,68.839598
2.71,12,68.848575
2.71,12,68.857873
2.71,12,68.866922
2.71,14,68.87734
2.71,12,68.888177
2.71,12,68.901565
2.71,12,68.911788
2.71,12,68.92127
2.71,12,68.930786
2.71,12,68.940072
2.71,12,68.949236
2.71,12,68.958457
2.71,12,68.96759
2.71,12,68.981697
2.71,12,68.994237
2.71,14,69.004755
2.71,12,69.013958
2.71,12,69.023106
2.71,12,69.03268
2.71,12,69.041792
2.71,12,69.050792
2.71,12,69.05986
2.71,12,69.069395
2.71,12,69.078647
2.71,12,69.087754
2.71,12,69.097341
2.71,12,69.107058
2.71,12,69.11652
2.71,12,69.125874
2.71,12,69.135707
2.71,12,69.145047
2.71,12,69.15461
2.71,12,69.163873
2.71,12,69.173893
2.71,12,69.183545
2.71,12,69.194034
2.71,12,69.205651
2.71,12,69.21699
2.71,12,69.228289
2.71,14,69.253503
2.71,12,69.265076
2.71,12,69.276396
2.71,12,69.287973
2.71,12,69.299569
2.71,12,69.310791
2.71,12,69.322181
2.71,12,69.333503
2.71,12,69.344811
2.71,12,69.358913
2.71,12,69.368605
2.71,12,69.378378
2.71,12,69.3889
2.71,12,69.398257
2.71,12,69.4075
2.71,12,69.416712
2.71,12,69.426031
2.71,12,69.435169
2.71,12,69.444905
2.71,12,69.460583
2.71,12,69.47697
2.71,12,69.491224
2.71,12,69.505172
2.71,14,69.516999
2.71,12,69.526125
2.71,12,69.535423
2.71,12,69.544663
2.71,12,69.554096
2.71,12,69.563444
2.71,12,69.572536
2.71,12,69.581882
2.71,12,69.5911
2.71,12,69.60025
2.71,12,69.609265
2.71,12,69.618749
2.71,12,69.627759
2.71,12,69.636914
2.71,12,69.645977
2.71,12,69.655169
2.71,12,69.664268
2.71,12,69.673487
2.71,12,69.682639
2.71,12,69.691657
2.71,12,69.700926
2.71,12,69.710043
2.71,12,69.719073
2.71,12,69.728174
2.71,12,69.737834
2.71,12,69.746826
2.71,12,69.758481
2.71,12,69.767621
2.71,12,69.776972
2.71,12,69.786086
2.71,12,69.795148
2.71,12,69.804795
2.71,12,69.81399
2.71,12,69.823129
2.71,12,69.832242
2.71,12,69.841382
2.71,14,69.851773
2.71,12,69.861591
2.71,12,69.870738
2.71,12,69.884505
2.71,12,69.894499
2.71,12,69.903796
2.71,12,69.916404
2.71,12,69.929496
2.71,12,69.939172
2.71,12,69.949018
2.71,12,69.960823
2.71,12,69.970212
2.71,12,69.979334
2.71,12,69.988997
2.71,12,69.998551
2.71,12,70.007604
2.71,12,70.022118
2.71,12,70.03328
2.71,12,70.042342
2.71,14,70.052671
2.71,12,70.061858
2.71,12,70.070793
2.71,12,70.079739
2.71,12,70.089418
2.71,12,70.108186
2.71,12,70.117298
2.71,12,70.126493
2.71,12,70.135653
2.71,12,70.144593
2.71,12,70.155857
2.71,12,70.16546
2.71,12,70.175487
2.71,12,70.18506
2.71,12,70.19459
0.13,14,70.205523
2.71,12,70.214706
2.71,12,70.223986
2.71,12,70.233219
2.71,12,70.242994
2.71,12,70.252052
2.71,12,71.900103
2.71,12,71.935545
2.71,12,71.95119
2.71,12,71.965271
2.71,12,71.977619
2.71,12,71.986954
2.71,12,72.001752
2.71,12,72.011028
2.71,12,72.020137
2.71,12,72.029193
2.71,12,72.038893
2.71,12,72.048828
2.71,12,72.058214
2.71,12,72.067503
2.71,12,72.07699
2.71,12,72.086216
2.71,12,72.095281
2.71,12,72.104614
2.71,12,72.114451
2.71,12,72.123633
2.71,12,72.132706
2.71,12,72.141751
2.71,12,72.150852
2.71,12,72.160388
2.71,12,72.169414
2.71,12,72.180727
2.71,12,72.189969
2.71,12,72.199459
2.71,12,72.208667
2.71,12,72.21788
2.71,12,72.227201
2.71,12,72.236918
2.71,12,72.246059
2.71,12,72.255072
2.71,12,72.264069
2.71,12,72.273043
2.71,12,72.28206
2.71,12,72.290951
2.71,12,72.301845
2.71,12,72.312452
2.71,14,72.323212
2.71,12,72.332434
2.71,12,72.341781
2.71,12,72.353274
2.71,12,72.362702
2.71,12,72.372218
2.71,12,72.381799
2.71,12,72.392376
2.71,12,72.401533
2.71,12,72.41057
2.71,12,72.419656
2.71,12,72.428777
2.71,12,72.43837
2.71,12,72.44785
2.71,12,72.457824
2.71,12,72.46743
2.71,14,72.477913
2.71,12,72.487049
2.71,12,72.496086
2.71,12,72.505846
2.71,12,72.51501
2.71,12,72.52394
2.71,12,72.533373
2.71,12,72.542439
2.71,12,72.551694
2.71,12,72.561419
2.71,12,72.570632
2.71,12,72.588865
2.71,12,72.598275
2.71,12,72.607806
2.71,12,72.616801
2.71,12,72.625798
0.23,14,72.636233
2.71,12,72.645339
2.71,12,72.654962
2.71,14,72.665554
2.71,14,72.675937
2.71,12,72.68503
2.71,12,72.694154
2.71,12,72.703285
2.71,12,72.71236
2.71,12,72.7214
2.71,12,72.730457
2.71,12,72.7396
2.71,12,72.74854
2.71,12,72.757857
2.71,12,72.766783
2.71,12,72.775808
2.71,12,72.78857
2.71,12,72.798179
2.71,12,72.807146
2.71,12,72.816265
2.71,12,72.825331
2.71,12,72.834459
2.71,12,72.844054
2.71,12,72.853274
2.71,12,72.86246
2.71,12,72.871516
2.71,12,72.880676
2.71,12,72.889826
2.71,12,72.902714
2.71,12,72.911762
2.71,12,72.920802
2.71,12,72.930002
2.71,12,72.94019
2.71,12,72.95052
2.71,12,72.959804
2.71,12,72.968884
2.71,12,72.979631
2.71,12,72.993686
2.71,12,73.004628
2.71,12,73.013858
2.71,12,73.022998
2.71,12,73.032028
2.71,12,73.041205
2.71,12,73.053431
2.71,12,73.062506
2.71,12,73.071492
2.71,12,73.080453
2.71,12,73.089438
2.71,12,73.099092
2.71,12,73.108219
2.71,12,73.117458
2.71,12,73.126853
2.71,12,73.135817
2.71,12,73.144712
2.71,12,73.153736
2.71,14,73.164232
2.71,12,73.174396
2.71,12,73.18411
2.71,12,73.193108
2.71,12,73.202652
2.71,12,73.211641
2.71,12,73.220721
2.71,12,73.229733
2.71,12,73.239099
2.71,12,73.24846
2.71,12,73.257488
2.71,12,73.266928
2.71,12,73.276052
2.71,12,73.285246
2.71,12,73.294216
2.71,12,73.303664
2.71,12,73.31261
2.71,12,73.321569
2.71,12,73.331092
2.71,12,73.342276
2.71,12,73.354605
2.71,12,73.363733
2.71,12,73.381775
2.71,12,73.39222
2.71,12,73.401343
2.71,12,73.410347
2.71,12,73.419283
2.71,12,73.428663
2.71,12,73.437688
2.71,12,73.446572
2.71,12,73.455629
2.71,12,73.464615
2.71,12,73.473461
2.71,12,73.48237
2.71,12,73.491524
2.71,12,73.500897
2.71,12,73.510082
2.71,14,73.520676
2.71,12,73.529867
2.71,12,73.538987
2.71,12,73.547986
2.71,12,73.55734
2.71,12,73.566663
2.71,12,74.825708
2.71,12,74.835466
0.22,14,74.84728
2.71,12,74.856632
2.71,12,74.866275
2.71,12,74.875335
2.71,12,74.884359
2.71,12,74.893834
2.71,12,74.902905
2.71,12,74.91202
2.71,12,74.921037
2.71,12,74.930225
2.71,12,74.939725
2.71,12,74.94867
2.71,12,74.957686
2.71,12,74.96681
2.71,12,74.975686
2.71,12,74.98465
2.71,12,74.993562
2.71,12,75.005246
2.71,12,75.016608
2.71,12,75.027836
2.71,12,75.041354
2.71,12,75.052049
2.71,12,75.06107
2.71,12,75.070161
2.71,12,75.079406
2.71,12,75.088386
2.71,12,75.097496
2.71,12,75.106532
2.71,12,75.115972
2.71,12,75.124967
2.71,12,75.134149
2.71,12,75.143337
2.71,12,75.15248
2.71,12,75.161803
2.71,12,75.170861
2.71,12,75.180943
2.71,12,75.190399
2.71,12,75.199653
2.71,12,75.208801
2.71,12,75.21878
2.71,12,75.228012
2.71,12,75.238012
2.71,12,75.24741
2.71,12,75.256661
2.71,12,75.265981
2.71,12,75.275733
2.71,12,75.284912
2.71,12,75.296484
2.71,12,75.305744
2.71,12,75.315105
2.71,12,75.324006
2.71,12,75.332915
2.71,12,75.342128
2.71,12,75.354014
2.71,12,75.36439
2.71,12,75.374128
2.71,12,75.383857
2.71,12,75.39415
2.71,12,75.403628
2.71,12,75.413036
2.71,12,75.431219
2.71,12,75.440674
2.71,12,75.450024
2.71,12,75.459674
2.71,12,75.468869
2.71,12,75.478091
2.71,12,75.487739
2.71,12,75.497256
2.71,12,75.506961
2.71,12,75.516649
2.71,12,75.526186
2.71,12,75.535144
2.71,12,75.544129
2.71,12,75.553034
2.71,12,75.562246
2.71,12,75.571238
2.71,12,75.580212
2.71,12,75.589622
2.71,12,75.598551
2.71,12,75.607795
2.71,12,75.616739
2.71,12,75.625816
2.71,12,75.639352
2.71,12,75.648765
2.71,12,75.658433
2.71,12,75.667627
2.71,12,75.676911
2.71,12,75.686829
2.71,12,75.695898
2.71,12,75.704974
2.71,12,75.714173
2.71,14,75.724781
2.71,12,75.73412
2.71,12,75.74335
2.71,12,75.752384
2.71,12,75.761837
2.71,12,75.770998
2.71,12,75.780393
2.71,12,75.78943
2.71,12,75.798466
2.71,12,75.807586
2.71,12,75.816986
2.71,12,75.826037
2.71,12,75.835192
2.71,12,75.845169
2.71,12,75.858645
2.71,12,75.86843
2.71,12,75.880087
2.71,12,75.889406
2.71,12,75.89846
2.71,12,75.909656
2.71,12,75.918757
2.71,12,75.927715
2.71,12,75.937176
2.71,12,75.946737
0.13,32,75.975111
2.71,12,75.985772
2.71,12,75.995902
2.71,12,76.005383
2.71,12,76.014734
2.71,12,76.023951
2.71,12,76.033415
2.71,12,76.042802
2.71,12,76.056112
2.71,12,76.069196
2.71,12,76.078476
2.71,12,76.087502
2.71,12,76.096457
2.71,12,76.105396
2.71,12,76.114995
2.71,12,76.124013
2.71,12,76.133104
2.71,12,76.14223
2.71,12,76.151236
2.71,12,76.160502
2.71,12,76.169626
2.71,12,76.183195
2.71,12,76.194538
2.71,12,76.203956
2.71,12,76.213893
2.71,12,76.223036
2.71,12,76.232008
2.71,12,76.250617
2.71,12,76.25955
2.71,12,76.268624
2.71,12,76.277591
2.71,14,76.28858
2.71,12,76.297535
2.71,12,76.306434
0.13,32,76.330841
2.71,12,76.34144
2.71,12,76.352995
2.71,12,76.362514
2.71,12,76.371852
2.71,12,76.381066
2.71,12,76.390369
2.71,12,76.40063
0.16,20,76.415515
2.71,12,76.424706
2.71,12,76.433865
2.71,12,76.443141
2.71,12,76.456544
2.71,12,76.466715
2.71,12,76.475707
2.71,12,77.678799
2.71,12,77.687814
2.71,12,77.696871
2.71,12,77.705777
2.71,12,77.715117
2.71,12,77.724025
2.71,12,77.733274
2.71,12,77.742398
2.71,12,77.751493
2.71,12,77.760397
2.71,12,77.769469
2.71,12,77.778446
2.71,12,77.787698
2.71,12,77.796628
2.71,12,77.805457
2.71,12,77.814377
2.71,12,77.823499
2.71,12,77.832672
2.71,12,77.841728
2.71,12,77.850759
2.71,12,77.860178
2.71,12,77.869243
2.71,12,77.878453
2.71,12,77.887608
2.71,12,77.896601
2.71,12,77.905757
2.71,12,77.914935
2.71,12,77.923939
2.71,12,77.932916
2.71,12,77.942182
2.71,12,77.951183
2.71,12,77.96049
2.71,12,77.969582
2.71,12,77.979251
2.71,12,77.988402
2.71,12,77.997475
2.71,12,78.006427
2.71,12,78.020914
2.71,12,78.029963
2.71,12,78.039574
2.71,12,78.048566
2.71,12,78.060257
2.71,12,78.071977
2.71,12,78.083509
2.71,12,78.097344
2.71,12,78.113476
2.71,12,78.126283
2.71,12,78.137614
2.71,12,78.148844
2.71,12,78.160149
2.71,12,78.17165
2.71,12,78.184102
2.71,12,78.193854
2.71,12,78.202845
2.71,12,78.21184
2.71,12,78.221171
2.71,12,78.230216
2.71,12,78.239473
2.71,12,78.248456
2.71,12,78.266655
2.71,12,78.27566
2.71,12,78.284722
2.71,12,78.293629
2.71,12,78.302581
2.71,12,78.311448
2.71,12,78.322265
2.71,12,78.331422
2.71,12,78.340518
2.71,12,78.352544
2.71,12,78.362964
2.71,12,78.372083
2.71,12,78.381392
2.71,12,78.390605
2.71,12,78.400762
2.71,12,78.410272
2.71,12,78.419466
2.71,12,78.42871
2.71,12,78.437777
2.71,12,78.447287
2.71,12,78.456533
2.71,12,78.470152
2.71,12,78.479255
2.71,12,78.488194
2.71,12,78.497254
2.71,12,78.506885
2.71,12,78.517355
2.71,12,78.526539
2.71,12,78.535575
2.71,12,78.544674
2.71,12,78.554006
2.71,12,78.563108
2.71,12,78.572478
2.71,12,78.582395
2.71,12,78.591395
2.71,12,78.600878
2.71,12,78.61003
2.71,12,78.619393
2.71,12,78.628287
2.71,12,78.637242
2.71,12,78.646147
2.71,12,78.65534
2.71,12,78.664321
2.71,12,78.673212
2.71,12,78.682518
2.71,12,78.691442
2.71,12,78.700399
2.71,12,78.709357
2.71,12,78.71842
0.12,16,78.730003
2.71,12,78.73897
2.71,12,78.747902
2.71,12,78.757862
2.71,12,78.769942
2.71,12,78.779697
2.71,12,78.788628
2.71,12,78.797534
2.71,12,78.806406
2.71,12,78.815244
2.71,12,78.824221
2.71,12,78.83307
2.71,12,78.84197
2.71,12,78.850876
2.71,12,78.860096
2.71,12,78.869052
2.71,12,78.877956
2.71,12,78.886903
2.71,12,78.895877
2.71,12,78.90475
2.71,12,78.913743
2.71,12,78.926244
2.71,12,78.93529
2.71,12,78.944452
2.71,12,78.953339
2.71,12,78.963557
2.71,12,78.973122
2.71,12,78.982421
2.71,12,78.991403
2.71,12,79.000275
2.71,12,79.009692
2.71,12,79.018688
2.71,12,79.027779
2.71,12,79.036726
2.71,12,79.055091
2.71,12,79.064056
2.71,12,79.072963
2.71,12,79.081893
2.71,12,79.090798
2.71,12,79.099662
2.71,12,79.108538
2.71,12,79.119438
2.71,12,79.132533
2.71,14,79.14459
2.71,12,79.153914
2.71,12,79.162719
2.71,12,79.172045
2.71,12,79.181764
2.71,12,79.190679
2.71,12,79.199626
2.71,12,79.208608
2.71,12,79.218446
2.71,12,79.227993
2.71,12,79.237192
2.71,12,79.246499
2.71,12,79.259359
2.71,12,79.268385
0.23,14,79.279061
2.71,12,79.28828
2.71,12,79.297401
2.71,12,79.306563
2.71,12,79.315708
2.71,12,80.55676
2.71,12,80.567054
2.71,12,80.576154
2.71,12,80.58512
2.71,12,80.594213
2.71,12,80.603251
2.71,12,80.612275
2.71,12,80.622488
2.71,12,80.631596
2.71,12,80.640728
2.71,12,80.64974
2.71,12,80.658999
2.71,12,80.667953
2.71,12,80.676938
2.71,12,80.686031
2.71,12,80.69499
2.71,12,80.704134
2.71,12,80.713105
2.71,12,80.722333
2.71,12,80.731778
2.71,12,80.740849
2.71,12,80.750011
2.71,12,80.759248
2.71,12,80.768445
2.71,12,80.777485
2.71,12,80.786775
2.71,12,80.795845
2.71,12,80.804823
2.71,12,80.813989
2.71,12,80.823345
2.71,12,80.832337
2.71,12,80.841347
2.71,12,80.850457
2.71,12,80.859702
2.71,12,80.868779
2.71,12,80.877918
2.71,12,80.887043
2.71,12,80.896213
2.71,12,80.905242
2.71,12,80.91432
2.71,12,80.923577
2.71,12,80.936335
2.71,12,80.946379
2.71,12,80.9556
2.71,12,80.964921
2.71,12,80.974175
2.71,12,80.983254
2.71,12,80.992406
2.71,12,81.001587
2.71,12,81.01071
2.71,12,81.019796
2.71,12,81.03456
2.71,12,81.043921
2.71,12,81.053082
2.71,12,81.062175
2.71,12,81.0808
2.71,12,81.090229
2.71,12,81.099346
2.71,12,81.108376
2.71,12,81.117574
2.71,12,81.126704
2.71,12,81.135992
2.71,12,81.14507
2.71,12,81.154226
2.71,12,81.165059
2.71,12,81.178932
2.71,12,81.190954
2.71,12,81.200239
2.71,12,81.209267
2.71,12,81.21839
2.71,12,81.227373
2.71,12,81.236602
2.71,12,81.245879
2.71,12,81.254851
2.71,12,81.26383
2.71,12,81.273959
2.71,12,81.28603
2.71,12,81.295366
2.71,12,81.304476
2.71,12,81.313748
2.71,12,81.323228
2.71,12,81.334036
2.71,12,81.343207
2.71,12,81.354946
2.71,12,81.364217
2.71,12,81.373444
2.71,12,81.382437
2.71,12,81.392439
2.71,12,81.401869
2.71,12,81.41222
2.71,12,81.421282
2.71,12,81.430171
2.71,12,81.439066
2.71,12,81.447997
2.71,12,81.45836
2.71,12,81.467573
2.71,12,81.476697
2.71,12,81.485785
2.71,12,81.494898
2.71,12,81.504222
2.71,12,81.513277
2.71,12,81.523193
2.71,12,81.532384
2.71,12,81.541461
2.71,12,81.550545
2.71,12,81.55968
2.71,12,81.568847
2.71,12,81.578549
2.71,12,81.587819
2.71,12,81.59696
2.71,12,81.605992
2.71,12,81.615374
2.71,12,81.624401
2.71,12,81.633792
2.71,12,81.643007
2.71,12,81.652513
2.71,12,81.661653
2.71,12,81.670737
2.71,12,81.679801
2.71,12,81.689027
2.71,12,81.697986
2.71,12,81.706927
2.71,12,81.71605
2.71,12,81.725174
2.71,12,81.734513
2.71,12,81.743589
2.71,12,81.752808
2.71,12,81.76189
2.71,12,81.773544
2.71,12,81.782733
2.71,12,81.791741
2.71,12,81.801152
2.71,12,81.810594
2.71,12,81.819751
2.71,12,81.829368
2.71,12,81.838388
2.71,12,81.84738
2.71,12,81.856658
2.71,12,81.875271
2.71,12,81.884384
2.71,12,81.89337
2.71,12,81.902377
2.71,12,81.911321
2.71,12,81.920427
2.71,12,81.930411
2.71,12,81.942741
2.71,12,81.951732
2.71,12,81.960904
2.71,12,81.970026
2.71,12,81.980268
2.71,12,81.990137
2.71,12,81.999445
2.71,12,82.008657
2.71,12,82.017766
2.71,12,82.026917
2.71,12,82.036977
2.71,12,82.046731
2.71,12,82.056017
2.71,14,82.066801
2.71,12,82.07999
2.71,12,82.08927
2.71,12,82.098634
2.71,12,82.107914
2.71,12,82.117388
2.71,12,82.12668
2.71,12,82.135992
2.71,12,82.145156
2.71,12,82.154425
2.71,12,82.164092
2.71,12,82.1746
2.71,12,82.184329
2.71,12,83.387546
2.71,12,83.397142
2.71,12,83.406927
2.71,12,83.417177
2.71,12,83.42644
2.71,12,83.435961
2.71,12,83.445634
2.71,12,83.454939
2.71,12,83.464112
2.71,12,83.474241
2.71,12,83.483505
2.71,12,83.493151
2.71,12,83.503806
2.71,12,83.513417
2.71,12,83.522951
2.71,12,83.532382
2.71,12,83.541378
2.71,12,83.550541
2.71,12,83.5597
2.71,12,83.568659
2.71,12,83.578206
2.71,12,83.587862
2.71,12,83.596804
2.71,12,83.605691
2.71,12,83.614606
2.71,12,83.623602
2.71,12,83.632483
2.71,12,83.641422
2.71,12,83.653365
2.71,12,83.662508
2.71,12,83.671427
2.71,12,83.680435
2.71,12,83.689441
2.71,12,83.699103
2.71,12,83.708287
2.71,12,83.717785
2.71,12,83.727015
2.71,12,83.736278
2.71,12,83.745505
2.71,12,83.755151
2.71,12,83.764209
2.71,12,83.773398
2.71,14,83.784514
2.71,12,83.793733
2.71,12,83.802687
2.71,12,83.811594
2.71,12,83.820581
2.71,12,83.829568
2.71,12,83.838669
2.71,12,83.84763
2.71,12,83.866045
2.71,12,83.874955
2.71,12,83.883888
2.71,12,83.892803
2.71,12,83.903792
2.71,12,83.914011
2.71,12,83.923197
2.71,12,83.932128
2.71,12,83.94151
2.71,12,83.950488
2.71,12,83.959558
2.71,12,83.96865
2.71,12,83.977845
2.71,12,83.986773
2.71,12,83.995693
2.71,12,84.004687
2.71,12,84.013619
2.71,12,84.022597
2.71,12,84.031672
2.71,12,84.04477
2.71,12,84.055403
2.71,12,84.067434
2.71,12,84.076968
2.71,12,84.085818
2.71,12,84.09543
2.71,12,84.1044
2.71,12,84.113347
2.71,12,84.122283
2.71,12,84.131123
2.71,12,84.139962
2.71,12,84.149565
2.71,12,84.158701
2.71,12,84.167787
2.71,12,84.178151
2.71,12,84.187195
2.71,12,84.196185
2.71,12,84.205589
2.71,12,84.215082
2.71,12,84.224555
2.71,12,84.235872
2.71,12,84.248977
2.71,12,84.259106
2.71,12,84.267929
2.71,12,84.277823
2.71,12,84.288868
2.71,12,84.298561
2.71,12,84.307491
2.71,12,84.316438
0.13,32,84.342
2.71,12,84.354028
2.71,12,84.36403
2.71,12,84.373236
2.71,12,84.382334
2.71,14,84.393071
2.71,12,84.402511
2.71,12,84.411882
2.71,12,84.421081
2.71,12,84.429945
2.71,12,84.439371
2.71,12,84.448257
2.71,12,84.457472
2.71,12,84.466399
2.71,12,84.475244
2.71,12,84.484167
2.71,12,84.493044
2.71,12,84.502059
2.71,12,84.510963
2.71,12,84.520469
2.71,12,84.529483
2.71,12,84.539124
2.71,12,84.55303
2.71,12,84.562156
2.71,12,84.571152
2.71,12,84.580482
2.71,12,84.589466
2.71,12,84.599658
2.71,12,84.610043
2.71,12,84.61902
2.71,12,84.62794
2.71,12,84.636904
2.71,12,84.646199
2.71,12,84.65543
2.71,12,84.673944
2.71,12,84.68387
2.71,12,84.693719
2.71,12,84.702935
2.71,12,84.712015
2.71,12,84.721221
2.71,12,84.730403
2.71,12,84.739736
2.71,12,84.748915
2.71,12,84.758161
2.71,12,84.767111
2.71,12,84.776233
2.71,12,84.785346
2.71,12,84.794385
2.71,12,84.803565
2.71,12,84.812788
2.71,12,84.822047
2.71,12,84.831107
2.71,12,84.84013
2.71,12,84.849804
2.71,12,84.861385
2.71,12,84.874462
0.15,14,84.884978
2.71,12,84.893985
2.71,12,84.903016
2.71,12,84.912003
2.71,12,84.921417
2.71,12,84.930698
2.71,12,84.939863
2.71,12,84.952874
2.71,12,84.962018
2.71,12,84.971151
2.71,12,84.980376
2.71,12,84.990286
2.71,12,84.999951
2.71,12,85.009381
2.71,12,86.245385
2.71,12,86.254919
2.71,12,86.264589
2.71,12,86.274327
2.71,12,86.288231
2.71,12,86.30081
2.71,12,86.310317
2.71,12,86.320422
2.71,12,86.32961
0.13,14,86.340593
2.71,12,86.352388
2.71,12,86.361433
2.71,12,86.37039
2.71,12,86.379425
2.71,12,86.388821
2.71,12,86.397932
2.71,12,86.408185
2.71,12,86.419332
2.71,12,86.428345
2.71,12,86.437401
2.71,12,86.446548
2.71,12,86.456177
2.71,12,86.46539
2.71,12,86.474335
2.71,12,86.483401
2.71,12,86.492551
2.71,12,86.501587
2.71,12,86.510761
2.71,12,86.519761
0.13,14,86.530452
2.71,12,86.539442
2.71,12,86.548455
2.71,12,86.557553
2.71,12,86.566541
2.71,12,86.575751
2.71,12,86.585417
2.71,12,86.595052
0.15,16,86.607386
2.71,12,86.616488
2.71,12,86.625643
2.71,12,86.63478
2.71,12,86.644032
2.71,12,86.653548
2.71,12,86.662723
2.71,12,86.671798
2.71,12,86.681048
2.71,12,86.69932
2.71,12,86.709242
2.71,12,86.719047
2.71,12,86.728535
2.71,12,86.73787
2.71,12,86.747736
2.71,12,86.757538
2.71,12,86.766583
2.71,12,86.775989
2.71,12,86.785454
2.71,12,86.794886
2.71,12,86.80426
2.71,12,86.813547
2.71,12,86.823469
2.71,12,86.832743
2.71,12,86.842091
2.71,12,86.851276
2.71,12,86.860441
2.71,12,86.869482
2.71,12,86.87872
2.71,12,86.887755
2.71,12,86.899175
2.71,12,86.910264
2.71,12,86.91938
2.71,12,86.928584
2.71,12,86.937789
2.71,12,86.947269
2.71,12,86.956509
2.71,12,86.965501
2.71,12,86.974697
2.71,12,86.983862
2.71,12,86.992872
2.71,12,87.002129
2.71,12,87.011223
2.71,12,87.02028
2.71,12,87.029393
2.71,12,87.038438
2.71,12,87.047486
2.71,12,87.061125
2.71,14,87.072122
2.71,12,87.081551
2.71,12,87.091124
2.71,12,87.10046
2.71,12,87.109741
2.71,12,87.119035
2.71,12,87.128509
2.71,12,87.137708
2.71,12,87.146716
2.71,12,87.158657
2.71,12,87.169271
2.71,12,87.17961
2.71,12,87.189193
2.71,12,87.198397
2.71,12,87.207455
2.71,12,87.216568
2.71,12,87.225567
2.71,12,87.237007
2.71,12,87.246324
2.71,12,87.255332
2.71,12,87.264493
2.71,12,87.273538
2.71,12,87.282613
2.71,12,87.29163
2.71,12,87.30293
2.71,12,87.316149
2.71,12,87.327052
2.71,12,87.336018
2.71,12,87.345568
2.71,12,87.357419
2.71,12,87.367185
2.71,12,87.376611
2.71,12,87.38567
2.71,12,87.395219
0.13,14,87.406068
2.71,12,87.415148
2.71,12,87.425181
2.71,12,87.434485
2.71,12,87.443617
2.71,12,87.452722
2.71,12,87.462817
2.71,12,87.476485
2.71,12,87.485818
2.71,12,87.495156
2.71,12,87.514098
2.71,12,87.523108
2.71,12,87.53232
2.71,12,87.541389
2.71,12,87.550391
2.71,12,87.55963
2.71,12,87.568891
2.71,12,87.578374
2.71,12,87.587353
2.71,12,87.596951
2.71,12,87.606607
2.71,12,87.616424
2.71,12,87.625401
2.71,12,87.638953
2.71,12,87.65313
2.71,12,87.666028
2.71,12,87.679785
2.71,12,87.689392
2.71,12,87.698699
2.71,12,87.707872
2.71,12,87.721521
2.71,12,87.731101
2.71,12,87.740258
2.71,12,87.749288
2.71,12,87.758543
2.71,12,87.768038
2.71,12,87.777847
2.71,12,87.786873
2.71,12,87.795932
2.71,12,87.805054
2.71,12,87.814168
2.71,12,87.823253
2.71,12,87.832256
2.71,12,87.841507
2.71,12,87.850656
2.71,12,87.860003
2.71,12,87.869202
2.71,12,87.878409
2.71,12,87.887488
2.71,12,87.896627
2.71,12,87.905762
2.71,12,89.148907
2.71,12,89.158383
2.71,12,89.167777
2.71,12,89.178226
2.71,12,89.187573
2.71,12,89.197164
2.71,12,89.206933
2.71,12,89.216174
2.71,12,89.225137
2.71,12,89.234182
2.71,12,89.243249
2.71,12,89.252149
2.71,12,89.261047
2.71,12,89.270169
2.71,12,89.2794
2.71,12,89.288282
2.71,12,89.297141
2.71,12,89.306062
2.71,12,89.314962
2.71,12,89.323901
2.71,12,89.333572
2.71,12,89.343049
2.71,12,89.358191
2.71,12,89.3711
2.71,12,89.380729
2.71,12,89.390529
2.71,12,89.399568
2.71,12,89.408639
2.71,12,89.417847
2.71,12,89.427678
2.71,12,89.43682
2.71,12,89.445839
2.71,12,89.455603
2.71,12,89.464958
2.71,12,89.474437
2.71,12,89.483607
2.71,12,89.492792
2.71,12,89.501875
2.71,12,89.51099
2.71,12,89.520273
2.71,12,89.529391
2.71,12,89.538482
2.71,12,89.556686
2.71,12,89.566515
2.71,12,89.575518
2.71,12,89.584801
2.71,12,89.593816
2.71,12,89.603259
2.71,12,89.612328
2.71,12,89.621351
2.71,12,89.630329
2.71,12,89.639408
2.71,12,89.649756
2.71,12,89.659397
2.71,12,89.6684
2.71,12,89.677508
2.71,12,89.686702
2.71,12,89.695744
2.71,12,89.704729
2.71,12,89.713834
2.71,12,89.722929
2.71,12,89.732184
2.71,12,89.741698
2.71,12,89.751123
2.71,12,89.764192
2.71,12,89.773713
2.71,12,89.782861
2.71,12,89.792138
2.71,12,89.801108
2.71,12,89.810507
2.71,12,89.819739
2.71,12,89.829512
2.71,12,89.839034
2.71,12,89.848217
2.71,12,89.857642
2.71,12,89.866894
2.71,12,89.876036
2.71,12,89.885196
2.71,12,89.894464
2.71,12,89.903652
2.71,12,89.912807
2.71,12,89.922025
2.71,12,89.931121
2.71,12,89.940163
2.71,12,89.94951
2.71,12,89.958956
2.71,12,89.968117
2.71,12,89.977159
2.71,12,89.986444
2.71,12,89.995887
2.71,12,90.004899
0.23,14,90.015428
2.71,12,90.024681
2.71,12,90.03367
2.71,12,90.043988
2.71,12,90.054261
2.71,12,90.063401
2.71,12,90.07767
2.71,12,90.087026
2.71,12,90.096363
2.71,12,90.105441
2.71,12,90.114779
2.71,12,90.124431
2.71,12,90.133811
2.71,12,90.14312
0.12,14,90.153675
2.71,12,90.162755
2.71,12,90.172036
2.71,12,90.182203
2.71,12,90.191197
2.71,12,90.200282
2.71,12,90.209477
2.71,12,90.218621
2.71,12,90.227724
2.71,12,90.237135
2.71,12,90.246382
2.71,12,90.255382
2.71,12,90.264204
2.71,12,90.273053
2.71,12,90.282158
2.71,12,90.291825
2.71,12,90.301556
2.71,12,90.311064
2.71,12,90.320581
2.71,12,90.331647
2.71,12,90.352951
2.71,12,90.362494
2.71,12,90.37279
2.71,12,90.389312
2.71,12,90.403083
2.71,12,90.414408
2.71,12,90.426291
2.71,12,90.437753
2.71,12,90.448987
2.71,12,90.460619
2.71,12,90.4719
2.71,12,90.482761
2.71,12,90.491937
2.71,12,90.501076
2.71,12,90.510322
2.71,12,90.520803
2.71,12,90.532341
2.71,12,90.543746
2.71,12,90.558883
2.71,12,90.570853
2.71,12,90.582435
2.71,12,90.593666
2.71,12,90.604769
2.71,12,90.614024
2.71,12,90.623287
2.71,12,90.632378
2.71,12,90.641407
2.71,12,90.650628
2.71,12,90.660171
2.71,12,90.671526
2.71,12,90.683354
2.71,12,90.693423
2.71,12,90.702585
2.71,12,90.711666
2.71,12,90.720855
2.71,12,90.730025
2.71,12,90.739276
2.71,12,90.748523
2.71,12,90.757744
2.71,12,90.766837
2.71,12,90.775859
2.71,12,90.785078
2.71,12,90.79419
2.71,12,90.803356
2.71,12,90.812616
2.71,12,92.023622
2.71,12,92.032573
2.71,12,92.041765
2.71,12,92.050771
2.71,12,92.059835
2.71,12,92.068823
2.71,12,92.077776
2.71,12,92.086622
2.71,12,92.095608
2.71,12,92.104603
2.71,12,92.113446
2.71,12,92.122395
2.71,12,92.131258
0.13,32,92.155425
2.71,12,92.164526
2.71,12,92.174262
2.71,12,92.18355
2.71,12,92.195905
2.71,12,92.20521
2.71,12,92.214273
2.71,12,92.223413
2.71,12,92.232468
2.71,12,92.241714
2.71,12,92.250758
2.71,12,92.259959
2.71,12,92.268901
2.71,12,92.277985
2.71,12,92.287118
2.71,12,92.296238
2.71,12,92.305193
2.71,12,92.314144
2.71,12,92.323335
2.71,12,92.332497
2.71,12,92.342112
2.71,12,92.353629
2.71,12,92.368577
2.71,12,92.377709
2.71,12,92.396513
2.71,12,92.40581
2.71,12,92.414785
2.71,12,92.426198
2.71,12,92.439357
2.71,12,92.450193
2.71,12,92.459404
2.71,12,92.468402
2.71,12,92.477408
2.71,12,92.486486
2.71,12,92.495948
2.71,12,92.504884
2.71,12,92.513907
2.71,12,92.522911
2.71,12,92.531946
2.71,12,92.541064
2.71,12,92.550105
2.71,12,92.559178
2.71,12,92.568224
2.71,12,92.577337
2.71,12,92.586603
2.71,12,92.599416
2.71,12,92.608548
2.71,12,92.617808
2.71,12,92.626763
2.71,12,92.635701
2.71,12,92.644696
2.71,12,92.653873
2.71,12,92.662956
2.71,12,92.671991
2.71,12,92.681001
2.71,12,92.692428
2.71,12,92.702801
2.71,12,92.712544
2.71,12,92.722019
2.71,12,92.731323
2.71,12,92.740572
2.71,12,92.749518
2.71,12,92.758968
2.71,12,92.768045
2.71,12,92.777003
2.71,12,92.786146
2.71,12,92.795516
2.71,12,92.804534
2.71,12,92.813411
2.71,12,92.822428
2.71,12,92.831483
2.71,12,92.840445
2.71,12,92.84928
2.71,12,92.858459
2.71,12,92.867499
2.71,12,92.876508
2.71,12,92.885411
2.71,12,92.894448
2.71,12,92.903427
2.71,12,92.91238
2.71,12,92.921256
2.71,12,92.930447
2.71,12,92.939492
2.71,12,92.948489
2.71,12,92.95772
2.71,12,92.967157
2.71,12,92.976248
2.71,12,92.987263
2.71,12,93.000772
2.71,14,93.01402
2.71,12,93.025366
2.71,12,93.036653
2.71,12,93.048048
2.71,12,93.059476
2.71,12,93.070649
2.71,12,93.082217
2.71,12,93.096995
2.71,12,93.107086
2.71,12,93.116841
2.71,12,93.125844
0.13,14,93.13666
2.71,12,93.145606
2.71,12,93.154532
2.71,12,93.164648
2.71,12,93.177162
2.71,12,93.187928
2.71,12,93.196982
2.71,12,93.214862
2.71,12,93.223785
2.71,12,93.232717
2.71,12,93.242132
2.71,12,93.251163
2.71,12,93.260164
2.71,12,93.269101
2.71,12,93.278175
2.71,12,93.287083
2.71,12,93.296283
2.71,12,93.30584
2.71,12,93.315001
2.71,12,93.324051
2.71,12,93.333041
2.71,12,93.342243
0.23,14,93.354802
2.71,12,93.363816
2.71,12,93.372823
2.71,12,93.381901
2.71,12,93.39316
2.71,12,93.403175
2.71,12,93.417493
2.71,12,93.428162
2.71,12,93.438927
2.71,12,93.451159
2.71,12,93.464639
2.71,12,93.475091
2.71,12,93.484387
2.71,12,93.493618
2.71,12,93.502751
2.71,12,93.511986
2.71,12,93.522282
2.71,12,93.531848
2.71,12,93.541096
2.71,12,93.551636
2.71,12,93.56141
2.71,12,93.571646
2.71,12,93.581026
2.71,12,93.59084
2.71,12,93.600842
2.71,12,93.612375
2.71,12,93.622064
2.71,12,93.63146
2.71,12,93.64074
2.71,12,93.650051
2.71,12,93.659356
2.71,12,93.671668
2.71,12,93.681801
2.71,12,93.691205
2.71,12,94.864852
2.71,12,94.874424
0.13,14,94.885562
2.71,12,94.896556
2.71,12,94.909047
2.71,12,94.918149
2.71,12,94.927088
2.71,12,94.936367
2.71,12,94.945746
2.71,12,94.954888
2.71,12,94.963846
2.71,12,94.972797
2.71,12,94.981832
2.71,12,94.99088
2.71,12,95.000096
2.71,12,95.009156
2.71,12,95.018561
2.71,12,95.027569
2.71,12,95.036593
2.71,12,95.045599
2.71,12,95.054633
2.71,12,95.063695
2.71,12,95.072692
2.71,12,95.08168
2.71,12,95.090717
2.71,12,95.099997
2.71,12,95.10899
2.71,12,95.118107
2.71,12,95.127158
2.71,12,95.136287
2.71,12,95.145523
2.71,12,95.156693
2.71,12,95.166736
2.71,12,95.176894
2.71,12,95.195431
2.71,12,95.204872
2.71,12,95.213913
2.71,12,95.222887
2.71,12,95.231888
2.71,12,95.241088
2.71,12,95.250003
2.71,12,95.258918
2.71,12,95.267833
2.71,12,95.276883
2.71,12,95.285805
2.71,12,95.294768
2.71,12,95.304027
2.71,12,95.312891
2.71,12,95.321786
2.71,12,95.330763
2.71,12,95.340066
2.71,12,95.351559
2.71,12,95.361401
2.71,12,95.37049
2.71,12,95.379623
2.71,12,95.388992
2.71,12,95.402519
2.71,12,95.411621
2.71,12,95.420812
2.71,12,95.429831
2.71,12,95.439928
2.71,12,95.449549
2.71,12,95.458845
2.71,12,95.467963
2.71,12,95.477019
2.71,12,95.48608
2.71,12,95.497658
2.71,12,95.511929
2.71,12,95.52155
2.71,12,95.530568
2.71,12,95.539884
2.71,12,95.548957
2.71,12,95.558161
2.71,12,95.571841
2.71,12,95.583425
2.71,12,95.594977
2.71,12,95.606364
2.71,12,95.617593
2.71,12,95.629401
2.71,12,95.640788
2.71,12,95.652066
2.71,12,95.662827
2.71,12,95.674454
2.71,12,95.684367
2.71,12,95.693497
2.71,12,95.70261
2.71,12,95.711699
2.71,12,95.720734
2.71,12,95.729826
2.71,12,95.739096
2.71,12,95.74828
2.71,12,95.758057
2.71,12,95.767263
2.71,12,95.777338
2.71,12,95.786981
2.71,12,95.795956
2.71,12,95.805249
2.71,12,95.814216
2.71,12,95.823481
2.71,12,95.832463
2.71,12,95.841564
2.71,12,95.850572
2.71,12,95.85984
2.71,12,95.868868
2.71,12,95.877917
2.71,12,95.886821
2.71,12,95.895702
2.71,12,95.904608
2.71,12,95.913635
2.71,12,95.922825
2.71,12,95.931718
2.71,12,95.940857
2.71,12,95.950334
2.71,12,95.959471
2.71,12,95.968773
2.71,12,95.977682
2.71,12,95.986825
2.71,12,96.005
2.71,12,96.01425
2.71,12,96.023156
2.71,12,96.032188
2.71,12,96.041152
2.71,12,96.050219
2.71,12,96.059267
2.71,12,96.068195
2.71,12,96.077125
2.71,12,96.086125
2.71,12,96.095033
2.71,12,96.108096
2.71,12,96.116998
2.71,12,96.125817
2.71,12,96.134795
2.71,12,96.143992
2.71,12,96.154778
2.71,12,96.164071
2.71,12,96.173727
2.71,12,96.185165
2.71,12,96.19479
2.71,12,96.205624
2.71,12,96.216847
2.71,12,96.225808
2.71,12,96.234742
2.71,12,96.244021
2.71,12,96.252861
2.71,12,96.261921
2.71,12,96.271764
2.71,12,96.280827
2.71,12,96.289912
2.71,12,96.298865
2.71,12,96.307974
2.71,12,96.317416
2.71,12,96.326415
2.71,12,96.335281
2.71,12,96.344392
2.71,12,96.355774
2.71,12,96.36543
2.71,12,96.374564
2.71,12,96.383797
2.71,12,96.393272
2.71,12,96.402568
2.71,12,96.411858
2.71,12,96.420953
2.71,12,96.42994
2.71,12,96.440088
2.71,12,96.449755
2.71,12,96.459065
2.71,12,96.469651
2.71,12,96.479659
2.71,12,96.488636
2.71,14,96.499083
2.71,12,97.713283
2.71,12,97.724524
2.71,12,97.735879
2.71,12,97.747256
2.71,12,97.758814
2.71,12,97.769933
2.71,14,97.782809
2.71,12,97.79412
2.71,12,97.805288
2.71,12,97.81651
2.71,12,97.827727
2.71,12,97.838892
2.71,12,97.850038
2.71,12,97.861502
2.71,12,97.872362
2.71,12,97.88138
2.71,12,97.890811
2.71,12,97.900437
2.71,12,97.915259
2.71,12,97.925359
2.71,12,97.934232
2.71,12,97.943297
2.71,12,97.95236
2.71,12,97.961675
2.71,12,97.970572
2.71,12,97.979629
2.71,12,97.988673
2.71,12,98.002263
2.71,12,98.014984
2.71,12,98.027495
2.71,12,98.047655
2.71,12,98.058891
2.71,12,98.068145
2.71,12,98.077713
2.71,12,98.086773
2.71,12,98.096799
2.71,12,98.106063
2.71,12,98.115197
2.71,12,98.124817
2.71,12,98.134174
2.71,12,98.14356
2.71,12,98.152963
2.71,12,98.162456
2.71,12,98.172331
2.71,12,98.181918
2.71,12,98.191141
2.71,12,98.200184
2.71,12,98.209377
2.71,12,98.218835
2.71,12,98.231241
2.71,12,98.24093
2.71,12,98.253648
2.71,12,98.263394
2.71,12,98.272399
2.71,12,98.281534
2.71,12,98.290748
2.71,12,98.300329
2.71,12,98.309848
2.71,12,98.319119
2.71,12,98.328131
2.71,12,98.337167
2.71,12,98.346321
2.71,12,98.357713
2.71,12,98.366801
2.71,12,98.375728
2.71,12,98.384793
2.71,12,98.393907
2.71,12,98.402805
2.71,12,98.412
2.71,12,98.421008
2.71,12,98.429893
2.71,12,98.439248
2.71,12,98.449437
2.71,12,98.459397
2.71,12,98.468386
2.71,12,98.47738
2.71,12,98.486812
2.71,12,98.496227
2.71,12,98.505768
2.71,12,98.515629
2.71,12,98.527526
2.71,12,98.53671
2.71,12,98.546141
2.71,12,98.55555
2.71,12,98.568986
2.71,12,98.581436
2.71,12,98.591018
2.71,12,98.60015
2.71,12,98.609535
2.71,12,98.618968
2.71,12,98.628223
2.71,12,98.637375
2.71,14,98.647837
2.71,12,98.657071
2.71,12,98.666348
0.13,14,98.677951
2.71,12,98.687698
2.71,12,98.697095
2.71,12,98.706436
2.71,12,98.716738
2.71,12,98.72638
2.71,12,98.735919
2.71,12,98.747435
2.71,12,98.75917
2.71,12,98.770551
2.71,12,98.785652
2.71,12,98.79526
2.71,12,98.804736
2.71,12,98.814271
2.71,12,98.82755
2.71,12,98.839168
2.71,12,98.848449
2.71,12,98.857569
2.71,12,98.875897
2.71,12,98.885272
2.71,12,98.894147
2.71,12,98.903366
2.71,12,98.912606
2.71,12,98.92274
2.71,12,98.932082
2.71,12,98.941673
2.71,12,98.951887
2.71,12,98.961174
2.71,12,98.970393
2.71,12,98.979495
2.71,12,98.988657
2.71,12,98.997893
2.71,12,99.007061
2.71,12,99.016083
2.71,12,99.025048
2.71,12,99.034119
2.71,12,99.043192
2.71,12,99.052161
2.71,12,99.061337
2.71,12,99.070392
2.71,12,99.08368
2.71,12,99.092901
2.71,12,99.102495
2.71,12,99.111703
2.71,12,99.125468
2.71,12,99.134652
2.71,12,99.144029
2.71,12,99.153195
2.71,12,99.163419
2.71,12,99.173244
2.71,12,99.183426
2.71,12,99.194403
2.71,12,99.203648
2.71,12,99.212828
2.71,12,99.22212
2.71,12,99.23158
2.71,12,99.24088
2.71,12,99.249892
2.71,12,99.259168
2.71,12,99.268249
2.71,12,99.277335
2.71,12,99.286452
2.71,12,99.295553
2.71,12,99.304655
2.71,12,99.314277
2.71,12,99.324919
2.71,12,99.336443
2.71,12,99.349149
2.71,12,99.359561
2.71,12,99.368741
2.71,12,99.37799
2.71,12,99.387123
2.71,12,99.396428
2.71,12,99.406149
2.71,12,99.415157
2.71,12,100.640189
2.71,12,100.649074
2.71,12,100.658016
2.71,12,100.667168
2.71,12,100.676131
2.71,12,100.685019
2.71,12,100.693843
2.71,12,100.702741
2.71,12,100.711615
2.71,12,100.720508
2.71,12,100.729405
2.71,12,100.738534
2.71,12,100.747382
2.71,12,100.756511
2.71,12,100.76537
2.71,12,100.774141
2.71,12,100.783186
2.71,12,100.792163
2.71,12,100.801034
2.71,12,100.809895
2.71,12,100.818899
2.71,12,100.827789
2.71,12,100.836734
2.71,12,100.845604
2.71,12,100.854676
2.71,12,100.863643
2.71,12,100.872476
2.71,12,100.89078
2.71,12,100.899814
2.71,12,100.909044
2.71,12,100.917991
2.71,12,100.93124
2.71,12,100.940969
2.71,12,100.950527
2.71,12,100.959494
2.71,12,100.968497
2.71,12,100.977828
2.71,12,100.986753
2.71,12,100.995932
2.71,12,101.004839
2.71,12,101.013853
2.71,12,101.022763
2.71,12,101.031934
2.71,12,101.040908
2.71,12,101.049874
2.71,12,101.058833
2.71,12,101.067784
2.71,12,101.076733
2.71,12,101.088388
2.71,12,101.098238
2.71,12,101.10736
2.71,12,101.116264
2.71,12,101.12521
2.71,12,101.134371
2.71,12,101.143375
2.71,12,101.152404
2.71,12,101.161368
2.71,12,101.170249
2.71,12,101.18405
2.71,12,101.195942
2.71,12,101.205426
2.71,12,101.214878
2.71,12,101.223893
2.71,12,101.234602
2.71,12,101.246024
2.71,12,101.255126
2.71,12,101.264255
2.71,12,101.27334
2.71,12,101.282609
2.71,12,101.291704
2.71,12,101.301037
2.71,12,101.30996
2.71,12,101.318838
2.71,12,101.32773
2.71,12,101.336805
2.71,12,101.345671
2.71,12,101.356998
2.71,12,101.366111
2.71,12,101.374966
2.71,12,101.383852
2.71,12,101.392882
2.71,12,101.401758
2.71,12,101.410896
0.23,14,101.421114
2.71,12,101.429986
2.71,12,101.438935
2.71,12,101.448113
2.71,12,101.457791
2.71,12,101.466743
2.71,12,101.475583
2.71,12,101.485196
2.71,12,101.497089
2.71,12,101.506814
2.71,12,101.516401
2.71,12,101.525636
2.71,12,101.535147
2.71,12,101.544332
2.71,12,101.553849
2.71,12,101.563395
2.71,12,101.573164
2.71,12,101.58236
2.71,12,101.592045
2.71,12,101.601406
2.71,12,101.610409
2.71,12,101.61974
2.71,12,101.631898
2.71,12,101.645371
2.71,12,101.655406
2.71,12,101.664459
2.71,12,101.67348
2.71,12,101.692275
2.71,12,101.701367
2.71,12,101.710331
2.71,12,101.719707
2.71,12,101.728745
2.71,12,101.738014
2.71,12,101.747222
2.71,12,101.756547
2.71,12,101.766885
2.71,12,101.775909
2.71,12,101.784825
2.71,12,101.794401
2.71,12,101.803273
2.71,12,101.812337
2.71,12,101.821227
2.71,12,101.830638
2.71,12,101.839504
2.71,12,101.848375
2.71,12,101.857482
2.71,12,101.86639
2.71,12,101.875261
2.71,12,101.884151
2.71,12,101.897522
2.71,12,101.906444
2.71,12,101.915358
2.71,12,101.92418
2.71,12,101.932994
2.71,12,101.942383
2.71,12,101.951756
2.71,12,101.960928
2.71,12,101.969858
2.71,12,101.978716
2.71,12,101.98777
2.71,12,101.99694
2.71,12,102.00586
2.71,12,102.014871
2.71,12,102.023777
2.71,12,102.032751
2.71,12,102.041676
2.71,12,102.050658
2.71,12,102.059642
2.71,12,102.068542
2.71,12,102.077497
2.71,12,102.086475
2.71,12,102.095389
2.71,12,102.104429
2.71,12,102.113428
2.71,12,102.122661
2.71,12,102.137009
2.71,12,102.146219
2.71,12,102.155236
2.71,12,102.164235
2.71,12,102.17387
2.71,12,102.183215
2.71,12,102.192868
2.71,12,102.204221
2.71,12,102.215003
2.71,12,102.224231
2.71,12,102.23355
2.71,12,102.242872
2.71,12,102.252136
2.71,12,103.438759
2.71,12,103.447965
2.71,12,103.458212
2.71,12,103.467251
2.71,12,103.476837
2.71,12,103.485994
2.71,12,103.495213
2.71,12,103.504434
2.71,12,103.513569
2.71,12,103.522806
2.71,12,103.532404
2.71,12,103.541595
2.71,12,103.550855
2.71,12,103.560067
2.71,12,103.569108
2.71,12,103.578267
2.71,12,103.587287
2.71,12,103.596602
2.71,12,103.605747
2.71,12,103.614733
0.12,16,103.627024
2.71,12,103.636421
2.71,12,103.655234
2.71,12,103.664347
2.71,12,103.675995
2.71,12,103.68921
2.71,12,103.699567
2.71,12,103.708618
2.71,12,103.717656
2.71,12,103.726881
2.71,12,103.736527
2.71,12,103.745637
2.71,12,103.755079
2.71,12,103.764194
2.71,12,103.773124
2.71,12,103.782329
2.71,12,103.791278
2.71,12,103.800478
2.71,12,103.809411
2.71,12,103.81827
2.71,12,103.827339
2.71,12,103.836257
2.71,12,103.845161
2.71,12,103.857798
2.71,12,103.867321
2.71,12,103.876363
2.71,12,103.885339
2.71,12,103.894152
2.71,12,103.903101
2.71,12,103.912719
2.71,12,103.921832
2.71,12,103.930773
2.71,12,103.94309
2.71,12,103.952272
2.71,12,103.96123
2.71,12,103.970126
2.71,12,103.979534
2.71,12,103.989622
2.71,12,103.998821
2.71,12,104.008236
2.71,12,104.017427
2.71,12,104.026324
2.71,12,104.035261
2.71,12,104.044382
2.71,12,104.053325
2.71,12,104.062631
2.71,12,104.071763
2.71,12,104.08069
2.71,12,104.089661
2.71,12,104.098677
2.71,12,104.107867
2.71,12,104.117167
2.71,12,104.126187
2.71,12,104.135233
2.71,12,104.146183
2.71,12,104.155666
2.71,12,104.165023
2.71,12,104.175577
2.71,12,104.186692
2.71,12,104.197433
2.71,12,104.206655
2.71,12,104.216389
2.71,12,104.225559
2.71,12,104.234707
2.71,12,104.244435
2.71,12,104.253926
2.71,12,104.263105
2.71,12,104.272787
2.71,12,104.282159
2.71,12,104.291517
2.71,12,104.300512
2.71,12,104.309396
2.71,12,104.318363
2.71,12,104.32719
2.71,12,104.336124
2.71,12,104.345113
2.71,12,104.356816
2.71,12,104.366115
2.71,12,104.375042
2.71,12,104.384363
2.71,12,104.393638
2.71,12,104.402818
2.71,12,104.41175
2.71,12,104.420704
2.71,12,104.430343
2.71,12,104.449162
2.71,12,104.460611
2.71,12,104.470643
2.71,12,104.479697
2.71,12,104.488745
2.71,12,104.497845
2.71,12,104.507182
2.71,12,104.51652
2.71,12,104.525458
2.71,12,104.534687
2.71,12,104.544196
2.71,12,104.553324
2.71,12,104.562434
2.71,12,104.571426
2.71,12,104.580518
2.71,12,104.589416
2.71,12,104.598599
2.71,12,104.607547
2.71,12,104.616504
2.71,12,104.625475
2.71,12,104.634577
2.71,12,104.643737
2.71,12,104.657708
2.71,12,104.666906
2.71,12,104.676023
2.71,12,104.685111
2.71,12,104.695851
2.71,12,104.709101
2.71,12,104.720731
2.71,12,104.729985
2.71,12,104.739225
2.71,12,104.748279
2.71,12,104.757542
2.71,12,104.766819
2.71,12,104.775918
2.71,12,104.785164
2.71,12,104.794354
2.71,12,104.80351
2.71,12,104.812752
2.71,12,104.821921
2.71,12,104.830914
2.71,12,104.840456
2.71,12,104.849517
2.71,12,104.858767
2.71,12,104.868262
2.71,12,104.877592
2.71,12,104.88683
2.71,12,104.896124
2.71,12,104.905169
2.71,12,104.917049
2.71,12,104.926243
2.71,12,104.935357
2.71,14,104.945899
2.71,12,104.955407
2.71,12,104.964419
2.71,12,104.973672
2.71,12,104.98295
2.71,12,104.991961
2.71,12,105.001218
2.71,12,105.010196
2.71,12,105.020151
2.71,12,105.031265
2.71,12,105.04049
2.71,12,105.049686
2.71,12,105.058857


