#{"t_start": 1663434905.426515, "env_id": "SizeThreeSimpleGridRoadEnv-v0"}
r,l,t
0.19,32,0.146356
0.27,24,0.214407
0.26,18,0.268003
0.18,18,0.320436
0.22,24,0.426739
0.25,16,0.500613
0.19,28,0.590315
0.3,20,0.67722
0.26,16,0.712424
0.35,28,0.760388
0.15,20,0.811013
0.25,20,0.876972
0.18,18,0.901238
0.22,26,0.917733
0.23,20,0.93357
0.26,20,0.946671
0.2,16,0.957178
0.3,14,0.96648
0.22,24,0.981776
0.17,20,0.99499
0.32,20,1.008144
0.17,20,1.020999
0.3,16,1.031475
0.35,18,1.044183
0.25,26,1.061949
0.33,32,1.084643
0.27,20,1.097853
0.21,20,1.110901
0.26,22,1.125116
0.3,16,1.135656
0.22,24,1.151484
0.26,16,1.162027
0.29,22,1.176209
0.26,20,1.189043
0.3,16,1.199507
0.26,24,1.214865
0.23,26,1.233181
0.25,18,1.245419
0.27,16,1.256773
0.2,18,1.268996
0.21,16,1.279843
0.33,24,1.301374
0.25,14,1.31088
0.22,14,1.320379
0.38,18,1.335408
0.27,16,1.346253
0.25,30,1.365934
0.25,14,1.375858
0.35,16,1.387677
0.33,16,1.422549
0.23,20,1.436774
0.2,18,1.449536
0.29,20,1.463411
0.26,14,1.475391
0.21,16,1.485942
0.27,16,1.496643
0.28,20,1.509941
0.28,14,1.519391
0.18,14,1.530384
0.2,16,1.541133
0.23,14,1.550503
0.23,14,1.559958
0.38,22,1.575855
0.17,18,1.587733
0.23,16,1.598667
0.29,14,1.61129
0.14,14,1.622733
0.33,24,1.638958
0.33,14,1.648335
0.23,18,1.660321
0.27,22,1.67472
0.23,16,1.685322
0.18,30,1.704442
0.3,16,1.715209
0.2,14,1.724699
0.25,16,1.735569
0.27,14,1.744895
0.27,18,1.756797
0.22,24,1.772371
0.23,18,1.784109
0.25,16,1.794803
0.4,20,1.807721
0.23,24,1.82338
0.2,24,1.838929
0.24,16,1.852033
0.33,26,1.868968
0.22,18,1.880776
0.2,18,1.892813
0.22,26,1.909571
0.22,22,1.92393
0.35,28,1.942426
0.27,24,1.957934
0.25,16,1.968462
0.2,18,1.983014
0.2,16,1.993569
0.26,16,2.004181
0.21,14,2.013499
0.24,20,2.026603
0.23,20,2.039628
0.22,18,2.051817
0.29,14,2.06129
0.25,18,2.07367
0.19,22,2.087853
0.27,22,2.109993
0.22,20,2.124154
0.27,16,2.13529
0.27,24,3.115565
0.23,18,3.127534
0.22,14,3.137012
0.21,24,3.152528
0.23,22,3.166812
0.32,16,3.177431
0.3,24,3.192991
0.2,26,3.210028
0.19,32,3.234237
0.21,22,3.248668
0.27,16,3.259232
0.28,14,3.268995
0.22,18,3.281167
0.21,18,3.293158
0.27,14,3.302644
0.29,20,3.315727
0.22,22,3.330163
0.2,18,3.341999
0.27,24,3.357977
0.22,14,3.367923
0.24,18,3.380302
0.33,24,3.399348
0.14,18,3.413649
0.26,14,3.423145
0.27,16,3.438256
0.25,16,3.456318
0.25,14,3.465955
0.28,18,3.478178
0.3,24,3.493891
0.22,24,3.509616
0.25,14,3.519221
2.83,14,3.528833
0.31,24,3.544506
0.2,14,3.554169
0.2,20,3.567354
0.19,24,3.584289
0.19,20,3.597533
0.24,24,3.613297
0.2,18,3.626908
0.4,18,3.63876
0.24,32,3.662497
0.28,14,3.672443
0.15,24,3.692353
0.29,24,3.708893
0.21,18,3.721585
0.21,22,3.736644
0.3,18,3.748914
0.35,14,3.75864
0.32,14,3.787897
0.33,22,3.802545
0.22,26,3.819372
0.27,22,3.834159
0.24,18,3.846006
0.15,22,3.860633
0.28,20,3.878414
0.27,20,3.891602
0.26,26,3.908506
0.24,24,3.924164
0.29,18,3.936134
0.19,16,3.94674
0.21,22,3.961089
0.24,26,3.97814
0.21,28,3.99619
0.26,20,4.009623
0.26,14,4.019116
0.2,18,4.031089
0.22,22,4.045422
0.22,14,4.054816
0.3,18,4.066729
0.2,18,4.078604
0.2,22,4.093017
0.28,16,4.104208
0.28,14,4.113979
0.27,16,4.127576
0.2,22,4.142303
0.19,20,4.15575
0.28,30,4.179183
0.18,18,4.1947
0.3,22,4.211507
0.25,24,4.227484
0.24,18,4.239498
0.27,16,4.250386
0.24,16,4.261178
0.19,26,4.278175
0.19,22,4.292608
0.28,20,4.311178
0.25,18,4.323205
0.27,14,4.33286
0.2,14,4.342294
0.28,14,4.351767
0.27,22,4.372004
0.21,14,4.382355
0.3,18,4.39458
0.14,20,4.407857
0.28,24,4.423513
0.23,22,4.438447
0.21,24,4.455132
0.31,26,4.478764
0.38,20,4.501461
0.24,16,4.51316
0.26,16,4.523799
0.21,28,4.542081
0.27,16,4.552821
0.27,18,5.608825
0.25,18,5.622721
0.3,22,5.637786
0.29,24,5.654262
0.29,14,5.66426
0.27,20,5.677497
0.25,18,5.689844
0.23,16,5.700828
0.23,18,5.713074
0.27,26,5.730288
0.2,16,5.741318
0.27,20,5.754683
0.3,20,5.76792
0.27,14,5.777503
0.35,22,5.792125
0.29,20,5.80566
0.2,16,5.816748
0.19,28,5.835264
0.26,20,5.848722
0.24,28,5.867359
0.23,24,5.883166
0.2,18,5.895285
0.38,20,5.908654
0.25,18,5.92075
0.2,14,5.930517
0.27,22,5.945264
0.22,16,5.956424
0.28,18,5.968729
0.32,18,5.980705
0.18,20,5.993954
0.21,14,6.003351
2.83,12,6.011598
0.21,16,6.022523
0.29,20,6.035624
0.29,16,6.046299
0.2,30,6.065547
2.79,14,6.075476
0.24,22,6.090221
0.23,22,6.104854
0.24,16,6.116005
0.18,32,6.138617
0.25,18,6.151298
0.3,16,6.162819
0.2,32,6.185694
0.29,14,6.195545
0.33,16,6.206604
0.23,32,6.251104
0.27,14,6.263119
0.13,32,6.29008
0.25,28,6.308997
0.25,30,6.328551
0.27,18,6.344191
0.32,14,6.354892
0.33,20,6.368284
0.38,14,6.378431
0.32,16,6.3904
0.26,24,6.406529
0.22,18,6.4225
0.24,30,6.441869
0.24,20,6.455372
0.28,26,6.473315
0.27,22,6.488392
0.23,20,6.501722
0.21,28,6.527368
0.29,18,6.540668
0.27,20,6.554157
0.25,14,6.563547
0.26,18,6.575709
0.28,32,6.59958
0.22,20,6.61326
0.31,20,6.629328
0.25,26,6.647923
0.25,18,6.659928
0.23,24,6.675822
0.28,16,6.686615
0.2,20,6.699814
0.21,18,6.712299
0.26,30,6.734052
0.33,30,6.754257
0.22,28,6.772851
0.27,14,6.78247
0.28,18,6.795095
0.18,22,6.814133
0.18,22,6.828902
0.25,14,6.838505
0.34,14,6.848127
0.24,22,6.86303
0.27,32,6.885325
0.22,14,6.894998
0.21,32,6.91751
0.27,24,6.933605
0.28,18,6.945677
0.34,32,6.989464
0.28,24,7.005804
0.18,26,7.024152
0.24,20,7.037928
0.24,20,7.051176
0.18,18,7.063215
0.33,16,7.073947
0.23,18,8.067451
0.21,26,8.084423
0.28,18,8.09665
0.22,26,8.113508
0.32,18,8.125648
0.21,20,8.138785
0.27,26,8.155655
0.26,20,8.168821
0.15,20,8.182182
0.31,22,8.196521
0.27,16,8.207217
0.25,24,8.227031
0.29,26,8.244633
0.29,18,8.256603
0.25,14,8.266566
0.28,20,8.280475
0.33,20,8.29369
0.31,26,8.310481
0.29,24,8.326168
0.29,30,8.345735
0.33,14,8.355474
0.2,28,8.373819
0.29,18,8.38759
0.21,30,8.40677
0.28,26,8.424119
0.18,16,8.434901
0.29,16,8.445534
0.29,32,8.467539
0.27,18,8.479909
0.19,32,8.502849
0.3,14,8.515917
0.21,14,8.528326
0.25,22,8.544907
0.21,30,8.575182
0.21,16,8.588341
0.23,18,8.60765
0.22,26,8.633551
0.26,18,8.645871
0.22,20,8.659376
0.24,16,8.674248
0.27,20,8.696447
0.22,16,8.707258
0.29,18,8.719471
0.23,32,8.741932
0.32,14,8.751729
2.83,14,8.761337
0.25,24,8.778835
0.2,14,8.788415
0.22,32,8.810082
0.27,28,8.828489
0.3,14,8.83799
0.33,30,8.862445
2.79,20,8.882479
2.79,14,8.898679
2.83,14,8.911939
0.32,20,8.932872
0.28,24,8.955641
0.4,14,8.969759
0.31,20,8.98983
0.24,32,9.023709
0.32,20,9.04649
0.25,14,9.061865
0.36,16,9.085334
0.24,14,9.101399
0.26,16,9.11935
0.17,18,9.140212
0.21,32,9.186981
0.28,20,9.215187
0.25,32,9.259398
0.2,16,9.276697
0.28,32,9.313411
0.21,16,9.330489
0.22,16,9.347264
0.26,14,9.362981
0.24,22,9.387441
0.25,28,9.414893
0.3,18,9.439632
0.29,24,9.466448
0.24,26,9.493616
0.33,26,9.520217
0.26,18,9.539332
0.25,16,9.555547
0.18,20,9.578401
0.24,32,9.622834
0.23,16,9.65295
2.79,12,9.675177
0.3,24,9.710724
0.21,30,9.742162
0.21,26,9.808983
0.29,14,9.83561
0.35,18,9.85532
0.24,22,9.878371
0.25,20,9.898953
0.29,22,9.92059
0.25,32,9.972605
2.83,22,9.994922
0.2,18,10.0204
0.37,30,11.490521
0.3,18,11.502482
0.26,20,11.515589
0.25,20,11.528659
0.25,14,11.538586
0.31,32,11.586322
0.31,18,11.605841
0.25,32,11.645881
0.35,26,11.682474
0.24,18,11.725029
2.83,12,11.747174
0.24,16,11.769608
0.33,24,11.798262
0.14,32,11.833824
0.24,20,11.860111
0.25,32,11.900815
0.31,22,11.92926
2.83,14,11.943713
0.28,22,11.967665
0.3,14,11.983123
0.24,18,12.003704
2.79,24,12.029711
0.32,28,12.066228
2.79,24,12.090933
0.31,28,12.122731
0.19,32,12.175572
0.25,14,12.191047
0.28,16,12.208773
0.26,26,12.236038
0.25,14,12.251898
0.26,18,12.271716
0.26,26,12.301693
0.35,24,12.328313
0.27,24,12.353577
0.31,16,12.37128
0.26,20,12.397181
0.2,14,12.411455
0.3,16,12.461277
0.31,16,12.478791
0.32,14,12.494263
0.3,16,12.513412
2.79,16,12.52897
0.27,18,12.546847
0.28,16,12.563208
0.3,20,12.588813
0.28,18,12.610407
0.26,18,12.653606
0.25,22,12.682166
0.26,20,12.71733
0.31,16,12.734784
2.79,18,12.754516
2.83,14,12.769384
0.21,14,12.784486
0.2,20,12.804962
0.21,20,12.826527
0.27,18,12.845756
2.79,20,12.867438
2.83,18,12.886863
2.83,16,12.903017
2.79,16,12.920739
0.33,32,12.954525
0.26,14,12.970652
2.79,12,12.979029
0.35,20,12.992341
0.25,22,13.006856
0.23,18,13.019017
2.79,14,13.028722
0.23,22,13.043565
0.27,26,13.060602
0.29,14,13.070179
0.3,24,13.086177
0.23,18,13.098347
0.27,24,13.114193
0.29,14,13.123936
0.31,24,13.139933
0.36,18,13.152225
0.31,30,13.176495
0.27,14,13.18609
2.83,20,13.199419
0.29,24,13.21545
0.25,14,13.225154
0.27,16,13.235892
0.27,20,13.249261
0.31,22,13.267459
0.27,18,13.279486
0.21,28,13.297579
0.26,16,13.308384
2.79,16,13.319135
0.29,24,13.335171
0.29,26,13.354697
0.27,14,13.384583
0.35,18,13.397858
0.24,16,13.408471
0.32,18,13.420676
0.27,24,13.436253
2.79,14,13.44569
0.3,22,13.460665
0.28,18,13.472485
0.26,20,13.485467
0.24,20,13.498582
2.79,12,13.50664
0.19,32,13.52799
0.37,20,14.504351
0.23,22,14.518779
0.3,30,14.537957
0.28,16,14.550301
2.79,14,14.562942
0.26,14,14.572448
0.27,18,14.58445
2.83,22,14.59938
2.83,16,14.610307
2.83,12,14.618435
0.21,24,14.636644
0.22,28,14.654635
2.79,24,14.670341
2.83,16,14.681007
0.26,20,14.694086
0.36,14,14.703444
0.28,28,14.721678
0.38,16,14.735482
0.3,16,14.750438
2.79,16,14.76132
0.27,20,14.774434
0.29,22,14.788785
0.28,20,14.802052
0.32,20,14.815156
0.33,28,14.833664
0.28,24,14.84982
0.26,14,14.860243
2.79,24,14.877182
0.31,30,14.897855
0.24,18,14.909861
2.83,12,14.919364
0.31,16,14.93048
0.25,24,14.946275
0.35,24,14.962404
0.3,28,14.980705
0.27,16,14.991485
0.31,18,15.003474
0.35,18,15.015681
0.36,26,15.051039
0.26,32,15.072679
2.83,12,15.080918
0.25,28,15.099185
0.24,24,15.114926
0.36,14,15.124509
0.24,22,15.139031
2.79,20,15.154929
2.79,14,15.165577
0.31,14,15.174958
0.33,18,15.186956
0.3,22,15.201455
0.31,30,15.22089
0.26,22,15.239241
0.3,20,15.252412
0.23,18,15.26478
0.25,24,15.280318
0.29,26,15.297658
2.83,16,15.308718
0.32,16,15.319474
2.79,14,15.328912
0.31,16,15.339626
0.29,16,15.350311
0.4,20,15.363772
2.83,22,15.378278
0.19,32,15.402684
0.23,32,15.424495
0.36,28,15.442728
2.83,14,15.452082
0.33,22,15.467312
0.27,22,15.481663
0.32,24,15.497337
2.79,12,15.505501
0.27,20,15.518602
0.4,20,15.531732
0.32,16,15.542384
0.36,16,15.553158
2.79,14,15.562922
2.79,16,15.573659
0.27,22,15.588118
0.29,16,15.598756
2.83,30,15.625051
0.32,24,15.640591
2.79,14,15.649927
2.83,14,15.65932
2.83,12,15.667683
0.2,32,15.689481
0.26,20,15.702663
2.83,12,15.710806
2.79,12,15.719023
2.83,14,15.746657
0.31,20,15.766231
0.31,16,15.778469
0.28,26,15.795579
0.35,22,15.810004
0.15,32,15.831856
0.33,22,15.846289
0.3,14,15.855735
0.29,32,15.877753
2.83,22,15.894712
2.83,14,15.904871
0.29,20,15.918244
0.29,18,15.930283
0.32,14,15.939742
2.83,22,16.897816
0.29,24,16.913594
0.25,22,16.928845
0.35,14,16.938474
0.2,18,16.950815
2.79,24,16.968159
0.35,32,16.991136
2.83,18,17.005773
2.83,14,17.017601
0.24,24,17.036332
0.3,24,17.051993
0.27,26,17.070169
2.79,16,17.08092
0.24,28,17.099112
0.32,30,17.118408
0.24,32,17.140213
0.21,24,17.155949
0.33,24,17.171719
0.24,18,17.183572
2.79,14,17.196556
0.21,30,17.216162
0.18,26,17.233193
2.83,12,17.241413
2.83,12,17.249682
2.83,14,17.259156
0.23,32,17.285028
0.19,32,17.307582
2.83,18,17.319704
2.83,16,17.330292
0.28,28,17.348296
0.29,32,17.370639
0.19,32,17.413384
0.29,16,17.424201
0.18,22,17.438641
2.79,12,17.44687
2.79,12,17.456316
2.79,16,17.467142
2.83,12,17.475428
0.26,18,17.494494
0.24,28,17.514752
0.25,14,17.524171
0.3,18,17.536146
0.23,32,17.558161
2.83,14,17.568492
0.27,24,17.584264
0.21,18,17.596218
0.21,32,17.627301
0.31,16,17.638113
2.79,14,17.647534
0.27,30,17.667474
2.83,12,17.675737
0.27,18,17.687758
0.3,24,17.703505
0.26,20,17.71681
2.79,12,17.72515
0.25,32,17.746727
0.33,18,17.760546
0.21,14,17.772629
0.26,28,17.791766
0.25,26,17.815843
0.25,18,17.828148
0.23,20,17.841267
2.79,12,17.849494
2.79,16,17.861449
0.25,16,17.878705
2.79,14,17.893152
2.83,14,17.906347
2.79,12,17.919835
2.79,14,17.933569
0.21,16,17.966638
0.29,14,17.981048
0.32,18,18.002184
0.26,16,18.021185
0.21,16,18.0377
2.79,16,18.055126
0.3,32,18.107764
0.25,18,18.127764
2.83,12,18.140809
0.29,14,18.154848
0.26,18,18.178696
0.29,24,18.204421
0.33,22,18.228661
0.23,30,18.261171
0.29,24,18.285969
0.31,16,18.34079
0.27,16,18.358319
2.83,16,18.376395
0.26,20,18.398549
2.83,14,18.414039
0.32,18,18.433838
0.24,32,18.468627
2.79,14,18.483754
2.83,14,18.499352
0.25,18,18.524826
2.79,12,18.538462
2.83,12,18.551857
2.79,14,18.567476
0.25,18,18.58557
2.83,12,18.59839
2.79,14,18.614163
0.3,16,18.635263
2.83,20,18.656716
0.21,22,18.679154
0.3,24,18.702277
2.83,12,20.690907
2.79,18,20.703572
2.79,14,20.71355
2.79,14,20.723048
0.29,14,20.732935
2.79,14,20.742411
0.23,20,20.756114
2.83,16,20.766987
0.29,16,20.780378
2.79,16,20.791136
0.3,20,20.809572
0.33,14,20.824347
2.79,22,20.847005
2.79,14,20.862244
2.83,12,20.887932
0.26,32,20.922977
2.79,14,20.938281
2.79,12,20.956417
0.32,14,20.972163
2.83,16,20.995823
2.79,18,21.022672
0.35,14,21.0678
2.79,14,21.098097
0.27,26,21.148561
2.79,12,21.160941
0.25,24,21.183961
2.79,14,21.203557
2.83,12,21.215584
2.79,16,21.246131
0.29,18,21.274649
0.24,20,21.294568
0.24,18,21.319789
0.29,26,21.347796
0.3,16,21.365562
0.3,24,21.410236
2.79,18,21.428175
0.29,18,21.453512
2.79,18,21.484345
0.31,18,21.50441
0.33,18,21.589796
0.3,26,21.616292
2.83,16,21.642582
0.28,20,21.68299
2.79,20,21.73322
2.79,16,21.771598
2.83,14,21.786432
0.26,24,21.811309
2.79,18,21.829524
2.83,22,21.851155
0.27,32,21.885837
0.26,18,21.927932
2.83,16,21.967868
0.26,22,21.996499
0.4,32,22.031186
0.33,20,22.052152
2.79,12,22.065386
0.3,26,22.097317
0.25,30,22.129441
2.79,16,22.147295
0.32,20,22.166795
2.79,14,22.180737
2.79,14,22.197432
0.21,26,22.224506
0.31,20,22.247808
0.28,16,22.264887
2.83,12,22.277623
0.27,18,22.296721
0.17,32,22.33075
2.83,14,22.34567
0.24,22,22.367653
0.32,16,22.385856
0.24,22,22.412859
2.79,20,22.444635
0.27,24,22.469921
0.33,24,22.494144
2.79,12,22.506284
2.79,16,22.522473
2.79,16,22.546316
0.26,28,22.578234
0.31,30,22.629383
0.29,14,22.656497
0.24,22,22.680594
0.26,20,22.701589
2.83,12,22.714125
2.79,20,22.737211
2.83,16,22.756026
0.3,32,22.79718
0.36,16,22.808524
2.79,14,22.818147
2.79,24,22.852833
0.29,32,22.874596
2.83,16,22.885417
2.79,16,22.896141
2.79,12,22.904351
0.26,16,22.915135
0.32,14,22.924833
0.29,16,22.937626
0.36,26,22.959642
2.79,14,22.969158
0.27,26,22.986791
0.26,14,22.997953
2.79,24,23.01626
2.79,18,23.028529
0.29,28,23.046789
0.32,16,23.057691
0.29,28,23.076104
0.27,14,23.085787
0.33,18,23.097796
0.36,18,24.484396
0.26,24,24.510991
0.32,18,24.530392
0.35,18,24.548615
0.25,14,24.563458
0.23,18,24.585962
2.83,16,24.603464
2.79,12,24.64218
0.24,20,24.679178
0.27,16,24.693004
0.22,18,24.704962
2.79,12,24.713332
0.29,16,24.724028
0.21,16,24.735505
2.83,12,24.74368
2.83,14,24.753123
2.79,12,24.761272
2.79,14,24.77069
2.83,18,24.78288
2.79,12,24.791154
0.21,16,24.801921
0.31,18,24.814222
0.28,14,24.823638
0.26,14,24.833263
2.79,18,24.845193
0.28,32,24.867203
0.27,14,24.876944
0.28,18,24.888862
2.79,12,24.897146
2.79,14,24.906639
0.27,32,24.927971
2.79,14,24.937485
0.25,14,24.946961
2.79,12,24.955171
0.35,16,24.969002
2.79,16,24.98001
0.27,16,24.993454
0.23,16,25.008191
2.79,12,25.023489
2.83,16,25.035239
2.79,22,25.050114
2.79,12,25.058382
2.79,18,25.073956
2.83,12,25.082301
0.19,32,25.104679
2.83,14,25.114969
0.28,22,25.130885
2.79,12,25.139532
2.79,12,25.147966
2.83,14,25.157763
2.83,14,25.167336
0.24,24,25.184244
0.23,16,25.195175
2.83,14,25.20463
0.26,20,25.217807
2.83,26,25.234807
2.79,12,25.242976
0.24,26,25.259931
0.29,18,25.271858
0.32,20,25.285346
2.83,16,25.297214
2.83,24,25.317308
2.79,12,25.325695
2.79,12,25.334237
0.26,20,25.347669
2.79,12,25.355975
0.26,24,25.372354
2.79,12,25.381497
2.79,12,25.390081
2.79,12,25.398451
2.83,12,25.410374
0.33,16,25.421715
2.79,14,25.432279
2.79,12,25.440572
2.79,14,25.454629
2.79,20,25.467967
2.79,14,25.477738
2.79,18,25.489778
2.79,12,25.498139
2.79,12,25.506366
0.27,16,25.517371
0.22,20,25.531126
2.79,32,25.558745
2.79,12,25.567028
2.79,14,25.5766
0.23,32,25.598092
2.79,16,25.60868
2.83,16,25.619651
2.79,12,25.630519
2.79,14,25.639927
0.33,18,25.651772
0.32,16,25.662775
2.79,20,25.675962
0.31,18,25.688035
0.27,16,25.702985
2.79,14,25.713153
2.79,20,25.726449
2.79,12,25.734624
2.83,12,25.763415
2.79,12,25.771711
2.83,20,25.785296
0.26,14,25.796899
2.83,16,25.815164
0.29,16,25.830269
2.79,16,25.845449
2.83,14,25.860652
2.83,14,25.875737
2.83,14,25.889669
2.79,12,25.901449
0.23,14,25.915462
2.79,12,25.927681
0.25,32,25.962885
2.83,14,25.99663
0.27,24,26.048609
2.83,16,26.066491
2.79,12,26.080768
0.36,14,26.102393
2.79,12,26.133938
2.79,16,26.171028
2.83,14,26.196244
2.79,12,26.219116
0.23,32,26.256198
2.83,12,26.268386
2.83,16,26.285392
2.83,12,26.299037
2.79,12,27.806438
2.79,18,27.818671
2.79,14,27.828282
2.83,14,27.83814
2.79,14,27.847624
0.24,18,27.859683
2.79,14,27.869463
2.83,14,27.879196
2.83,12,27.887398
2.83,14,27.896965
2.79,14,27.906443
2.83,14,27.915933
0.29,20,27.929401
2.83,14,27.938872
2.79,12,27.947109
2.79,16,27.958127
2.79,14,27.967627
2.83,16,27.978456
2.79,24,27.994438
2.79,12,28.002723
2.79,14,28.012265
0.27,20,28.025628
2.83,20,28.038966
2.83,12,28.04724
2.79,20,28.060833
2.79,18,28.078262
2.79,16,28.090786
0.29,22,28.105306
2.79,12,28.113635
0.31,16,28.124583
2.79,16,28.13543
2.79,12,28.146899
2.83,12,28.155147
0.21,14,28.164584
2.83,16,28.175486
2.79,14,28.18758
0.25,16,28.199295
2.83,12,28.228291
0.23,30,28.248549
2.79,12,28.25687
0.36,16,28.267682
0.29,14,28.277223
2.83,12,28.285516
2.79,16,28.296373
2.83,12,28.304628
2.79,12,28.31287
2.79,14,28.322375
2.79,14,28.331879
2.79,14,28.341501
2.79,12,28.349772
0.12,32,28.37161
0.2,22,28.387223
2.79,12,28.395785
2.79,14,28.405299
2.79,22,28.424237
2.79,20,28.437633
2.79,14,28.448617
2.79,12,28.45697
2.79,14,28.466475
0.31,14,28.476453
2.79,20,28.489696
2.83,16,28.500741
0.28,26,28.518228
2.79,14,28.527827
2.79,12,28.536162
0.27,14,28.545867
2.83,12,28.554273
2.79,12,28.562536
2.79,12,28.570799
2.83,14,28.580963
2.79,12,28.589778
2.79,14,28.599216
0.25,18,28.611181
0.24,32,28.636873
2.79,12,28.645099
2.79,16,28.65573
2.83,12,28.663933
2.79,14,28.673338
0.27,18,28.685256
2.79,14,28.694804
2.79,12,28.702971
0.22,14,28.712399
0.26,32,28.734182
2.79,12,28.742726
0.25,30,28.764287
0.19,30,28.783829
0.22,30,28.80333
2.79,12,28.811527
2.79,14,28.820851
2.79,14,28.830352
2.79,14,28.842943
2.83,12,28.851991
0.19,32,28.873567
2.83,14,28.882973
2.79,12,28.891155
2.83,14,28.901551
2.83,12,28.909676
2.79,12,28.917834
2.83,12,28.93495
0.36,18,28.950553
0.29,16,28.964101
2.79,12,28.974472
2.79,12,28.984769
2.79,14,28.996863
2.79,12,29.007164
2.79,14,29.019145
2.79,14,29.03117
2.79,18,29.04641
2.79,12,29.056653
0.33,14,29.068758
2.83,18,29.087863
2.79,12,29.099715
0.33,22,29.116549
2.79,22,29.131892
2.83,16,29.142762
2.79,16,29.153667
0.19,32,29.176634
2.83,12,29.185908
2.79,14,29.195568
0.24,20,29.208841
0.36,16,29.219484
2.83,14,29.228952
2.79,22,29.243324
2.79,16,29.253883
0.28,20,29.267745
0.26,20,29.280806
2.79,14,29.290194
2.83,14,30.280181
0.28,14,30.289795
2.79,12,30.298013
2.79,20,30.3162
2.79,16,30.327797
0.31,14,30.337271
2.79,12,30.345469
2.79,16,30.356227
2.79,16,30.366838
2.83,14,30.376269
0.36,20,30.390807
2.79,14,30.400469
2.83,14,30.409971
2.79,12,30.418253
2.83,12,30.426574
2.83,16,30.437526
2.83,12,30.445732
2.83,12,30.454014
0.24,18,30.465942
2.79,12,30.474192
2.79,14,30.483617
0.24,32,30.505557
2.79,12,30.513834
2.79,14,30.52598
2.79,12,30.537819
2.79,14,30.552714
2.83,16,30.567237
2.79,14,30.577019
2.79,12,30.585289
2.83,14,30.594921
2.79,14,30.604326
2.79,16,30.615349
2.79,16,30.628559
0.27,14,30.642321
2.79,12,30.651426
0.21,14,30.661014
2.79,14,30.678213
2.79,12,30.686486
2.79,14,30.695941
2.83,12,30.704174
0.26,22,30.723297
2.79,12,30.731896
2.79,14,30.74161
2.79,12,30.749823
2.79,16,30.760512
2.83,12,30.768765
2.83,14,30.778232
2.83,12,30.786505
2.79,12,30.795078
0.29,20,30.808206
0.24,16,30.818911
2.83,16,30.829812
2.79,12,30.838039
0.29,32,30.860494
2.79,14,30.870366
2.79,12,30.878765
0.32,14,30.888266
0.19,32,30.909973
0.31,14,30.919518
2.83,12,30.930402
0.23,32,30.952157
2.79,12,30.960403
2.79,16,30.971145
2.79,12,30.97936
0.32,16,30.990742
2.79,12,30.999245
0.29,28,31.018245
0.29,14,31.028022
0.26,18,31.040412
2.79,12,31.048715
2.79,14,31.058363
2.79,14,31.072158
0.2,18,31.084285
0.27,14,31.09401
0.25,24,31.109902
2.83,12,31.118323
2.79,12,31.126809
2.83,14,31.139762
2.83,12,31.156381
2.79,14,31.172402
2.79,22,31.193862
0.26,32,31.215584
2.83,12,31.223965
2.79,12,31.232226
2.79,12,31.240376
0.35,14,31.249916
2.79,12,31.258361
2.79,12,31.266579
2.79,14,31.275999
0.28,16,31.286707
2.79,12,31.294912
0.33,30,31.316653
2.79,14,31.326562
2.79,12,31.334935
2.79,16,31.345902
2.79,12,31.35445
2.79,12,31.363155
0.21,18,31.375277
2.83,14,31.38623
0.24,20,31.407839
2.83,14,31.419539
2.79,16,31.435611
2.79,12,31.443763
0.24,16,31.454744
2.79,14,31.46427
2.79,12,31.472579
2.79,12,31.480836
2.83,12,31.489889
2.79,14,31.500019
2.83,18,31.512258
2.79,14,31.522211
2.79,26,31.539786
2.79,14,31.54942
2.79,14,31.559023
2.79,12,31.56725
2.79,12,31.575708
2.79,12,31.584011
2.83,14,31.593658
2.83,12,31.601812
2.79,14,31.611217
2.79,14,31.622844
2.79,18,31.635094
2.79,12,31.643864
0.33,20,31.657226
2.79,12,31.665356
2.83,12,31.673556
2.79,12,31.681753
0.31,14,31.691188
2.79,14,31.700665
2.79,12,31.708847
2.83,12,31.717105
2.79,14,31.728991
2.83,14,31.738599
0.32,16,31.749282
0.31,14,31.759134
2.79,12,31.767312
0.25,16,32.738976
2.83,20,32.752012
0.31,16,32.762503
2.79,12,32.770482
2.79,12,32.778506
2.83,12,32.786471
2.79,14,32.795977
0.25,24,32.811306
2.79,12,32.819284
2.79,16,32.829864
2.79,12,32.837952
2.83,12,32.845889
2.79,16,32.856562
0.32,18,32.868287
0.29,28,32.886626
2.79,12,32.894866
2.79,12,32.903007
2.79,16,32.913625
2.83,12,32.921907
2.79,12,32.930258
2.79,12,32.938401
2.83,14,32.947743
2.83,12,32.955848
0.29,20,32.969339
2.79,14,32.981737
0.3,26,33.000209
2.79,18,33.012094
2.79,18,33.024009
2.79,14,33.033394
2.79,14,33.042783
2.79,18,33.054954
2.83,12,33.082276
2.79,12,33.090504
0.25,16,33.101565
0.21,20,33.114742
2.83,14,33.124183
2.79,14,33.133688
2.83,12,33.141774
2.79,12,33.149904
0.32,14,33.159317
2.79,14,33.168671
2.79,14,33.180162
2.79,16,33.195319
2.83,14,33.204713
2.79,12,33.212854
2.79,12,33.2209
2.79,12,33.22914
0.24,30,33.249302
0.21,14,33.262478
2.79,12,33.275555
2.83,14,33.285565
2.79,12,33.293778
2.79,12,33.3019
2.83,14,33.311251
2.79,12,33.319628
2.83,12,33.327711
2.83,12,33.335797
2.79,14,33.34508
2.79,12,33.353164
0.29,14,33.362566
2.79,14,33.372043
2.83,16,33.383415
2.83,12,33.391788
2.79,12,33.399986
0.21,14,33.409305
2.83,12,33.41744
2.83,12,33.42568
2.79,16,33.436212
2.83,14,33.445522
2.79,12,33.45365
2.83,12,33.461824
2.79,12,33.470046
0.25,22,33.484285
2.79,14,33.493637
2.79,18,33.505483
2.79,12,33.513597
2.79,14,33.523
2.79,12,33.531044
2.79,14,33.540403
2.83,12,33.548465
0.25,32,33.571243
2.79,12,33.57972
2.83,12,33.58783
0.22,14,33.597311
0.24,26,33.614237
2.79,12,33.624191
2.79,12,33.632296
2.83,12,33.640993
2.79,12,33.649148
2.79,14,33.65852
2.79,12,33.666926
2.79,14,33.676251
2.79,14,33.685686
2.79,12,33.693823
2.79,18,33.705545
2.79,12,33.713662
0.25,24,33.729326
0.32,14,33.738698
2.83,12,33.746765
2.83,12,33.754858
2.79,12,33.762907
2.83,12,33.792823
2.83,12,33.801212
2.79,12,33.80931
2.83,12,33.817415
2.79,12,33.825549
2.83,12,33.833615
2.83,16,33.844079
2.83,16,33.854566
0.26,20,33.867793
2.79,14,33.877022
2.79,18,33.890635
2.79,12,33.900173
2.79,12,33.909198
2.79,14,33.918715
2.79,14,33.928192
2.79,12,33.936355
2.79,14,33.945664
2.83,12,33.953732
2.83,12,33.961766
2.83,12,33.96983
2.83,12,33.977923
0.19,32,34.003533
2.79,12,34.011685
2.79,14,34.020956
2.79,12,34.029147
2.83,14,34.038485
2.79,14,34.04776
2.79,12,34.055811
2.79,12,34.063854
0.26,18,34.075678
2.79,12,34.083787
2.83,12,34.09189
0.21,14,34.101644
2.79,12,34.109702
0.21,14,34.119238
2.83,12,34.127372
2.79,14,34.136654
0.32,18,34.148367
2.83,12,34.156644
2.79,12,34.168913
2.79,12,34.177029
2.79,14,34.186633
2.83,12,35.144975
2.79,14,35.154394
0.32,22,35.168674
2.79,12,35.176774
2.79,12,35.184856
2.79,14,35.194194
2.79,16,35.205245
2.79,14,35.215462
0.28,18,35.231786
2.79,14,35.243363
2.83,14,35.252839
2.79,12,35.260968
2.83,12,35.26962
2.79,12,35.27789
2.83,12,35.286036
2.79,12,35.294231
0.3,16,35.30484
2.79,12,35.313003
2.83,14,35.322363
2.83,12,35.330518
2.83,14,35.340368
2.79,16,35.351892
2.79,16,35.362763
2.79,12,35.37411
2.79,12,35.383044
2.79,12,35.391411
2.79,14,35.402614
2.79,16,35.41683
2.79,14,35.426594
0.19,32,35.470203
2.79,12,35.478454
2.79,12,35.486549
2.83,12,35.494739
0.27,14,35.504637
2.79,14,35.5141
2.83,12,35.522272
2.79,16,35.53302
2.83,14,35.542755
0.23,14,35.55253
2.83,14,35.566017
2.83,12,35.575095
2.79,12,35.588336
2.79,16,35.600687
2.79,16,35.611505
2.83,14,35.623993
2.83,12,35.63268
2.83,14,35.642129
2.79,12,35.653123
2.83,12,35.663875
2.83,16,35.677544
0.32,20,35.691688
2.79,12,35.699919
2.79,12,35.708156
2.79,16,35.719001
2.79,14,35.728528
2.83,12,35.736707
2.79,12,35.745164
2.83,14,35.754723
2.79,12,35.762901
2.79,12,35.77113
2.79,14,35.780634
0.29,26,35.79771
2.79,12,35.805886
2.83,12,35.81401
2.79,14,35.82605
0.2,30,35.845435
2.83,16,35.856164
2.79,12,35.864446
2.83,12,35.872653
2.79,14,35.882097
2.83,12,35.890586
2.79,14,35.90001
2.79,12,35.908287
0.23,20,35.92144
0.21,16,35.933928
2.79,12,35.942882
2.79,12,35.951096
2.79,14,35.960509
2.79,12,35.968708
2.83,14,35.978541
2.83,16,35.989434
2.83,12,35.997755
2.83,12,36.006113
0.35,14,36.015568
0.27,18,36.027705
2.79,20,36.040939
2.83,12,36.049228
2.79,14,36.058692
2.79,16,36.069292
2.79,12,36.077532
2.79,14,36.086919
2.83,12,36.095142
2.79,14,36.104528
2.79,12,36.113324
2.79,12,36.121473
2.83,14,36.131002
2.83,14,36.140423
2.83,14,36.14979
2.79,12,36.158
0.25,16,36.16924
2.79,20,36.204234
0.25,22,36.218816
2.79,18,36.231008
2.79,12,36.240962
2.83,12,36.25303
2.79,12,36.26404
2.79,12,36.276795
2.79,12,36.288237
2.83,14,36.297794
2.79,12,36.306142
2.83,12,36.314419
0.32,14,36.323963
2.83,16,36.335289
2.83,16,36.346162
2.79,12,36.354524
2.79,12,36.362917
0.31,14,36.372683
2.83,12,36.381883
0.31,16,36.39692
2.83,12,36.405467
2.83,16,36.41636
2.83,12,36.424916
2.79,18,36.437001
2.83,12,36.445333
2.79,12,36.453634
2.83,16,36.464423
2.83,12,36.472892
2.79,12,36.481243
2.79,12,36.489737
2.83,20,36.503001
0.31,14,36.512615
2.79,16,36.523381
0.32,14,36.535132
2.83,14,36.545727
2.79,12,36.55408
2.79,14,36.563714
2.83,14,36.573285
2.79,14,36.583241
2.79,12,36.592081
2.79,12,36.600477
0.36,14,36.610686
2.79,14,36.62113
2.79,14,36.632421
2.79,14,36.641979
2.79,14,36.652445
2.79,12,37.643757
2.83,12,37.652633
2.79,12,37.660945
2.83,16,37.671508
2.79,16,37.68197
2.83,12,37.689996
2.83,16,37.700493
2.79,14,37.709867
2.79,12,37.718076
2.83,12,37.726281
2.79,12,37.734362
2.79,12,37.742735
2.79,14,37.752264
2.79,12,37.760749
2.79,14,37.770217
2.79,12,37.778581
0.24,32,37.800483
2.79,12,37.808787
2.83,12,37.816918
2.83,12,37.825023
2.79,14,37.834765
2.83,12,37.843003
2.83,12,37.851616
2.83,22,37.866948
2.79,18,37.879144
2.83,12,37.887902
2.79,14,37.917877
2.79,16,37.928912
0.24,28,37.94721
0.27,16,37.95793
2.79,12,37.96613
2.79,16,37.97673
0.21,18,37.988636
2.79,14,37.998096
2.79,12,38.011156
2.83,14,38.020556
2.79,16,38.031199
2.79,12,38.039385
2.79,12,38.048024
2.83,12,38.056201
2.79,22,38.071149
2.79,14,38.08083
2.79,12,38.089148
2.83,14,38.098622
2.83,14,38.107973
2.79,16,38.118718
2.79,16,38.129564
2.79,12,38.137722
2.83,18,38.150199
0.26,32,38.172786
2.83,12,38.181157
2.83,14,38.190714
2.79,14,38.200342
2.83,12,38.208848
2.83,12,38.217193
2.79,12,38.225648
2.79,16,38.236456
0.32,14,38.246198
2.79,22,38.260618
2.79,12,38.268701
2.79,12,38.277264
2.83,14,38.292592
2.79,14,38.306371
2.83,14,38.316363
2.83,14,38.326357
2.83,12,38.334636
0.32,14,38.34417
2.79,12,38.352617
2.83,12,38.360975
0.31,14,38.370526
2.79,14,38.387807
2.83,16,38.401592
2.83,12,38.41016
0.21,18,38.422276
2.79,12,38.431434
2.83,16,38.442086
2.83,12,38.450274
2.79,12,38.458426
2.83,18,38.471696
2.79,14,38.481365
2.79,14,38.491414
2.83,12,38.499649
2.79,16,38.511128
2.79,12,38.519733
2.83,12,38.528163
2.83,12,38.536433
0.23,18,38.548781
2.83,14,38.558374
2.79,12,38.56657
2.79,12,38.575418
2.79,14,38.585821
2.83,12,38.594296
0.36,14,38.603927
2.79,16,38.615393
2.83,14,38.62732
2.79,20,38.668162
2.79,18,38.680485
2.79,14,38.690619
2.79,12,38.698931
2.83,14,38.708829
2.79,14,38.718596
2.79,12,38.726942
2.83,14,38.736391
2.83,14,38.745815
2.83,20,38.758918
2.83,18,38.770808
2.79,12,38.778966
0.25,32,38.800711
2.83,14,38.810246
2.79,14,38.819667
2.83,12,38.827899
2.79,12,38.836153
2.83,14,38.847353
2.79,14,38.859293
2.79,12,38.867558
2.79,12,38.875777
2.83,12,38.883925
2.79,12,38.892152
2.83,18,38.904119
2.83,14,38.914177
2.79,14,38.923517
2.83,14,38.93303
2.83,16,38.943696
2.79,20,38.956731
2.83,26,38.97378
0.21,18,38.986362
2.83,16,38.997034
0.26,18,39.008938
2.79,14,39.021173
2.79,12,39.029715
2.79,14,39.03915
2.79,12,39.047366
2.79,14,39.056803
2.83,12,39.065003
2.79,12,39.073187
2.83,12,39.081363
0.32,14,39.090747
2.79,12,39.098912
0.28,22,39.114649
2.79,16,40.312642
2.83,12,40.32149
2.83,12,40.330361
2.83,12,40.342157
0.23,32,40.368313
2.79,12,40.376536
2.79,22,40.392245
2.79,12,40.400472
2.79,12,40.408643
2.83,14,40.418187
2.83,12,40.42632
2.83,14,40.435827
2.83,12,40.443936
2.79,12,40.452108
2.83,12,40.460196
2.79,12,40.468938
2.79,12,40.477671
2.83,12,40.486312
2.79,14,40.496275
2.79,14,40.505647
2.83,12,40.513827
0.23,14,40.524628
2.83,14,40.535027
2.79,12,40.543265
2.83,12,40.57668
2.79,18,40.589334
2.83,12,40.597777
2.79,12,40.60599
2.83,12,40.614372
2.79,12,40.625871
0.35,20,40.639156
2.79,14,40.648588
2.83,16,40.660232
2.83,12,40.668679
2.83,14,40.678171
2.79,12,40.686502
2.83,12,40.694781
2.83,14,40.704345
2.83,12,40.712586
2.79,14,40.722342
2.79,14,40.731852
2.79,14,40.74128
2.83,12,40.749504
0.32,18,40.761543
2.79,12,40.769787
2.79,14,40.779324
0.31,14,40.788785
2.83,12,40.797833
2.79,12,40.806087
2.79,20,40.827574
2.79,14,40.842198
2.79,12,40.856172
2.79,12,40.864568
2.79,12,40.87287
2.79,12,40.881097
2.83,12,40.889315
2.79,16,40.900023
2.79,14,40.909907
2.83,14,40.919357
2.83,12,40.927669
2.79,12,40.938465
2.83,12,40.946693
2.83,12,40.954933
2.79,16,40.965572
0.3,32,40.988095
2.83,12,40.998352
2.83,16,41.009337
2.79,14,41.019151
2.83,12,41.027882
2.79,12,41.037091
2.83,14,41.046941
2.83,12,41.05524
2.83,14,41.064644
2.79,12,41.072794
2.79,12,41.080904
2.79,14,41.090322
2.79,12,41.098818
0.36,14,41.108167
2.83,14,41.117781
2.83,14,41.127324
2.79,14,41.136649
2.83,12,41.144718
2.79,12,41.152918
2.79,14,41.162442
2.79,14,41.171819
2.79,12,41.179932
2.83,12,41.188054
2.79,12,41.200645
2.79,12,41.208725
2.83,12,41.216932
2.79,14,41.226533
2.79,18,41.238342
2.83,12,41.246781
2.83,14,41.256153
2.79,14,41.265496
2.83,12,41.273619
2.83,18,41.285391
2.83,14,41.315969
2.79,12,41.324362
2.83,14,41.333697
2.79,14,41.343039
2.83,12,41.351263
2.79,12,41.3622
2.83,14,41.375797
2.79,16,41.387951
2.79,12,41.399869
2.83,14,41.409256
2.79,12,41.41759
2.83,14,41.427207
2.83,12,41.435437
2.79,18,41.448195
2.79,12,41.456487
2.79,12,41.464664
2.83,12,41.473011
2.83,16,41.483564
2.79,12,41.491777
2.79,12,41.502313
2.83,12,41.512191
2.79,12,41.520352
2.79,14,41.531813
2.79,22,41.54698
2.83,12,41.555204
2.83,12,41.563343
2.83,14,41.572755
2.83,12,41.581101
0.33,20,41.594285
2.79,14,41.604103
2.83,12,41.612303
2.79,12,41.623305
0.25,14,41.632696
2.83,12,41.640762
2.83,12,41.648872
2.79,18,41.661713
2.83,14,41.671202
0.32,14,41.68064
2.83,16,41.69129
2.83,12,41.699919
2.83,14,41.709324
2.79,16,41.720165
0.25,14,41.729783
2.79,14,41.739153
2.83,20,41.752186
2.79,12,41.760366
2.83,16,41.770905
2.79,12,41.779045
2.79,14,41.788427
2.79,12,41.796706
2.79,12,41.804804
2.83,14,41.814341
2.83,16,42.833442
2.83,12,42.841665
2.83,14,42.851032
2.83,12,42.85929
2.79,12,42.867402
2.79,12,42.87557
2.79,12,42.88371
2.83,14,42.893156
2.79,12,42.901711
2.83,12,42.909812
2.83,12,42.91801
2.79,14,42.929022
2.79,16,42.940166
2.83,14,42.949682
2.79,12,42.957834
2.83,12,42.965918
2.83,12,42.973975
2.83,12,42.98209
2.83,14,42.991345
2.79,14,43.000703
2.79,16,43.011234
2.79,12,43.020178
2.79,12,43.050007
2.79,12,43.058462
2.79,14,43.068139
2.79,12,43.07685
2.83,12,43.085275
2.79,16,43.096261
2.79,12,43.104771
2.79,12,43.113623
2.79,12,43.122134
2.83,14,43.131799
2.79,14,43.141169
2.83,12,43.14927
2.83,14,43.158678
2.79,12,43.166773
2.83,12,43.175318
2.79,14,43.184824
2.79,12,43.193605
2.79,14,43.208696
2.83,12,43.21702
2.79,12,43.225136
2.83,14,43.238977
2.79,12,43.247545
2.83,14,43.257509
2.79,12,43.265908
0.24,14,43.27603
2.79,12,43.28443
2.83,12,43.292687
2.83,12,43.30128
2.79,12,43.309623
2.83,20,43.322803
2.83,14,43.33234
2.83,16,43.343288
2.83,12,43.35194
2.83,12,43.36029
2.79,12,43.36857
0.24,20,43.382602
2.79,12,43.391325
2.83,16,43.402245
2.83,12,43.414858
2.79,14,43.427185
2.79,12,43.436283
2.79,14,43.44653
2.79,12,43.45476
2.79,12,43.463045
2.79,14,43.472451
2.83,12,43.480576
2.79,12,43.488683
2.79,12,43.496965
2.83,14,43.506444
2.79,12,43.514662
2.83,12,43.522866
2.79,14,43.532217
2.83,16,43.542831
2.79,12,43.550969
2.79,12,43.559185
2.83,14,43.568612
2.79,14,43.579197
2.79,12,43.587632
2.79,12,43.597265
2.79,16,43.608235
2.83,12,43.617485
2.83,12,43.628331
2.79,12,43.637035
2.79,12,43.645329
2.79,12,43.653585
2.83,12,43.662157
2.83,12,43.670948
2.79,14,43.680437
2.83,14,43.68996
2.79,14,43.699447
2.83,12,43.70764
2.83,12,43.715912
2.83,12,43.724361
2.79,14,43.733738
2.79,14,43.743155
2.83,12,43.751414
2.83,14,43.78202
2.79,12,43.790416
2.79,12,43.799088
2.79,12,43.80767
2.83,14,43.817151
2.79,12,43.82573
2.79,12,43.834015
2.79,18,43.845907
2.79,14,43.855399
2.83,12,43.863641
2.79,12,43.871873
2.79,12,43.880049
2.83,18,43.891988
2.79,12,43.900248
2.79,12,43.908489
2.79,14,43.918662
2.79,14,43.92844
2.79,12,43.93667
2.79,12,43.944923
2.79,12,43.953173
2.83,14,43.962626
2.79,12,43.973975
2.79,18,43.98674
2.79,12,43.99498
2.79,12,44.003196
2.79,12,44.01146
2.83,14,44.021079
2.79,14,44.030664
2.79,12,44.038948
2.79,16,44.050014
2.79,14,44.05952
2.83,12,44.067693
2.79,12,44.07587
2.83,12,44.084089
2.83,12,44.09227
2.79,14,44.102165
0.26,18,44.114407
2.79,14,44.123946
2.83,12,44.132133
2.83,12,44.140275
2.83,12,44.148498
2.79,14,44.157911
2.79,14,44.167311
2.79,12,44.175479
2.79,12,44.186943
2.83,12,44.195486
2.83,12,44.203623
2.79,12,44.211841
2.83,12,44.220164
2.79,12,44.228441
0.21,14,44.237832
2.79,14,44.247278
2.83,12,44.255551
2.79,14,44.264941
2.79,12,44.273774
2.79,14,44.283509
2.79,12,44.291947
2.79,12,44.300717
2.79,12,44.308982
2.79,14,45.28312
2.83,12,45.291664
2.79,12,45.299985
2.79,16,45.314984
2.83,12,45.323227
2.83,12,45.331592
2.83,12,45.339802
2.83,12,45.34795
0.21,14,45.357482
2.83,12,45.365695
2.79,16,45.376398
2.83,14,45.387213
2.79,16,45.397942
2.83,12,45.40615
2.79,14,45.415658
2.79,12,45.423972
2.79,12,45.432647
2.83,12,45.440821
2.79,14,45.464122
2.83,12,45.475034
0.28,16,45.485844
2.83,12,45.494097
2.83,12,45.502291
2.83,12,45.51057
2.83,16,45.521485
2.79,12,45.529661
2.83,12,45.538228
2.79,12,45.546516
2.83,16,45.557293
2.79,12,45.565525
2.83,12,45.573811
2.79,12,45.582108
2.83,12,45.590456
2.79,12,45.598801
2.79,12,45.606976
2.83,12,45.615422
2.79,12,45.625548
2.79,12,45.633677
0.25,18,45.645556
2.83,12,45.653785
2.83,12,45.665816
2.83,12,45.674671
2.79,16,45.68544
2.79,12,45.69362
2.83,12,45.701765
2.83,14,45.711206
2.83,12,45.719541
2.83,12,45.727801
2.83,12,45.735985
2.83,12,45.744216
2.83,12,45.752539
2.83,12,45.760703
2.83,14,45.770159
0.36,16,45.780964
2.79,12,45.789197
2.79,12,45.797465
2.83,18,45.809329
2.83,12,45.817536
0.25,14,45.827169
2.79,14,45.836638
2.79,12,45.844789
2.79,14,45.854154
2.83,12,45.862324
2.79,12,45.870515
0.3,16,45.881317
2.83,14,45.890689
2.83,12,45.899107
2.83,12,45.90725
2.83,12,45.915703
2.83,12,45.923925
2.79,14,45.933351
2.79,12,45.941518
2.79,12,45.949686
2.83,12,45.957895
2.83,14,45.967294
2.79,12,45.975507
2.79,12,45.983674
2.79,16,45.994326
2.79,12,46.002537
2.83,12,46.010655
2.83,12,46.018833
2.79,12,46.027155
2.79,12,46.035357
2.79,14,46.044752
2.79,12,46.053044
2.79,12,46.06319
2.79,12,46.073666
2.83,14,46.08321
2.79,12,46.091949
2.79,12,46.101242
2.83,12,46.110631
2.83,12,46.119423
2.83,12,46.128704
2.83,12,46.136852
2.79,12,46.144901
2.83,16,46.155509
2.79,12,46.170464
2.79,12,46.17852
2.79,14,46.187757
2.79,12,46.195815
2.83,12,46.204036
2.79,12,46.213971
2.79,12,46.222218
2.79,14,46.231529
2.79,14,46.240754
2.83,12,46.2488
2.79,12,46.258124
2.83,12,46.266134
2.83,12,46.274191
2.83,12,46.282253
2.83,12,46.290327
2.83,14,46.299596
2.83,12,46.307648
2.83,12,46.315818
2.79,12,46.323814
2.79,12,46.331852
2.83,12,46.33984
2.83,14,46.349017
2.83,12,46.357095
2.83,12,46.366796
0.36,16,46.380628
2.83,12,46.389054
2.79,12,46.397391
2.79,12,46.405484
2.83,12,46.413689
2.79,14,46.423309
2.83,12,46.431612
2.79,12,46.439692
2.79,12,46.447748
2.83,12,46.455815
2.83,12,46.463851
2.83,12,46.472212
2.79,12,46.483886
0.24,20,46.499931
0.33,18,46.511884
2.79,12,46.520192
2.79,12,46.528243
2.79,12,46.536492
2.79,12,46.544598
2.79,12,46.552674
2.83,12,46.560752
2.83,12,46.568744
2.79,12,46.576922
2.83,12,46.58502
2.79,12,46.593322
2.79,14,46.602553
2.83,12,46.61062
2.83,12,46.618925
2.79,12,46.629606
2.79,12,46.637639
2.79,12,46.645671
2.83,12,46.6538
2.83,12,46.662856
2.83,12,46.672375
2.79,14,46.682655
2.83,12,46.690982
2.79,12,46.699687
2.83,12,46.708025
2.79,12,46.716477
2.83,12,46.724925
2.83,14,46.734439
2.83,12,48.084643
2.79,12,48.093869
2.83,12,48.106961
2.83,12,48.115219
2.83,16,48.126167
2.79,12,48.134489
2.83,16,48.145182
2.79,12,48.153368
0.31,16,48.164498
2.79,12,48.172768
0.35,14,48.182219
2.83,12,48.190421
2.83,12,48.198835
2.79,12,48.206992
2.83,12,48.223213
2.83,12,48.231553
2.83,14,48.241014
2.83,12,48.249202
2.79,12,48.257431
2.79,12,48.266105
2.83,12,48.274381
2.83,14,48.283874
2.83,16,48.294647
2.83,12,48.303094
2.83,12,48.311275
2.79,12,48.32386
2.83,12,48.332078
2.83,16,48.342713
2.83,14,48.354231
2.79,14,48.368141
2.79,12,48.381153
2.79,14,48.394375
2.83,14,48.407653
2.83,12,48.421728
2.79,12,48.435184
2.83,14,48.449086
2.79,14,48.46619
2.79,14,48.479714
2.83,12,48.493686
2.83,12,48.506886
2.83,12,48.521184
2.79,12,48.551523
2.83,14,48.565813
2.79,12,48.579042
2.79,14,48.59476
2.83,12,48.613045
2.83,12,48.630598
2.79,12,48.643628
2.79,12,48.656969
0.25,16,48.677783
2.83,12,48.691223
2.79,12,48.704414
2.83,12,48.71787
2.79,12,48.731361
2.79,14,48.747488
2.83,14,48.762927
2.79,12,48.776382
2.83,12,48.789749
2.83,14,48.805875
2.83,12,48.81922
2.83,12,48.836617
2.83,12,48.849548
2.79,14,48.863635
2.79,12,48.876201
2.79,12,48.896391
2.79,14,48.92092
2.79,18,48.940693
2.79,12,48.953962
2.79,12,48.968107
2.79,12,48.981325
2.83,14,48.996249
2.79,14,49.011801
2.83,12,49.0243
2.83,12,49.060054
2.79,12,49.080329
2.83,16,49.110571
2.79,12,49.139145
2.79,12,49.152428
2.83,12,49.167041
2.83,12,49.187298
2.83,12,49.200562
2.83,12,49.214923
2.83,12,49.231177
2.83,12,49.243476
2.83,12,49.255954
2.83,12,49.275233
2.83,12,49.295545
2.83,12,49.319277
2.83,12,49.332789
2.83,12,49.346259
2.83,12,49.360147
2.79,12,49.374018
2.83,12,49.388265
2.79,12,49.412623
2.83,12,49.425379
2.79,14,49.440945
2.83,12,49.4532
2.79,12,49.466172
2.83,12,49.479535
2.83,12,49.493311
2.83,12,49.506991
2.79,12,49.53062
2.83,12,49.557829
2.83,12,49.586691
2.83,12,49.61066
2.83,12,49.625926
2.83,12,49.639365
2.79,12,49.652185
2.83,12,49.665796
2.79,12,49.680035
2.79,14,49.695783
2.79,12,49.711501
2.83,12,49.72494
2.83,12,49.738333
2.79,12,49.75166
2.79,12,49.764879
2.83,12,49.79885
2.83,12,49.815475
2.83,14,49.8297
2.83,14,49.844004
2.79,12,49.855719
2.83,14,49.866384
2.79,12,49.874637
2.83,12,49.882815
2.83,12,49.891084
2.79,12,49.899313
2.83,12,49.907564
2.79,12,49.915768
2.83,14,49.925348
2.79,12,49.933556
2.79,12,49.941707
2.79,12,49.949903
2.83,12,49.958226
2.83,16,49.968851
2.83,12,49.977042
2.79,12,49.985217
2.79,12,49.993487
2.83,12,50.00169
2.83,12,50.009859
2.79,12,50.018127
2.83,16,50.031552
2.83,12,50.040556
2.79,12,50.048777
2.83,12,50.057546
2.79,12,50.065776
2.83,12,50.073914
2.79,12,50.082092
2.83,14,50.091367
2.83,14,50.100959
2.83,14,50.110801
2.83,14,50.120354
2.79,12,50.131798
2.83,14,50.141135
2.79,12,50.149171
2.79,12,50.157202
2.83,12,50.165183
2.79,12,50.174141
2.83,12,50.182279
2.83,14,50.191507
2.83,12,50.199519
2.83,14,50.208718
2.79,16,51.172614
2.83,12,51.184585
2.83,12,51.193254
2.83,12,51.201503
2.79,12,51.209715
2.79,12,51.217976
2.79,12,51.226286
2.83,12,51.234994
2.79,12,51.243262
2.79,12,51.251505
2.79,12,51.259683
2.83,12,51.26827
2.83,12,51.296165
2.83,12,51.304677
2.83,14,51.314199
2.79,14,51.323768
2.79,12,51.332776
2.83,12,51.344993
2.83,12,51.353356
2.83,14,51.362846
2.79,12,51.371132
2.79,12,51.379676
2.79,12,51.38866
2.83,12,51.396911
2.79,12,51.405178
2.83,12,51.413401
2.83,14,51.422784
2.83,12,51.431134
2.83,12,51.439792
2.83,12,51.448165
2.79,12,51.456455
2.79,12,51.464679
2.79,12,51.473041
2.83,12,51.484692
2.83,14,51.494309
2.79,12,51.502589
2.79,12,51.51077
2.79,14,51.5203
2.83,12,51.528569
2.79,12,51.536926
2.83,12,51.545465
2.83,12,51.554633
2.83,12,51.56403
2.83,12,51.572336
2.83,12,51.580803
2.83,12,51.589273
2.83,12,51.59768
2.83,12,51.608129
2.83,14,51.623325
2.79,12,51.633302
2.83,12,51.641908
0.26,14,51.651645
2.83,12,51.660103
2.79,12,51.668422
2.79,14,51.677985
2.79,12,51.687331
2.83,12,51.69584
2.83,12,51.704166
2.83,12,51.712492
2.79,12,51.721017
2.83,12,51.729532
2.83,12,51.73787
2.79,12,51.746289
2.83,12,51.754592
0.29,18,51.766703
2.79,14,51.776303
2.83,12,51.784548
2.83,12,51.792846
2.79,12,51.80264
2.83,12,51.811253
2.83,12,51.81949
2.83,12,51.827864
2.83,12,51.836202
2.83,12,51.844428
2.83,12,51.853162
2.83,12,51.862049
2.83,12,51.871727
2.83,12,51.879916
2.79,12,51.888149
2.83,12,51.896301
2.83,14,51.906195
2.79,14,51.915566
2.83,12,51.923802
2.79,12,51.931895
2.83,12,51.940391
2.83,14,51.949734
2.83,12,51.957852
2.83,12,51.965954
2.83,12,51.974034
2.83,12,51.982108
2.79,12,51.990184
2.83,12,51.998267
2.79,12,52.013867
2.79,12,52.021891
2.79,12,52.03012
2.83,12,52.038282
2.83,12,52.046282
2.79,14,52.055588
2.79,12,52.063598
2.83,12,52.0716
2.83,12,52.079619
2.79,12,52.087629
2.83,12,52.095694
2.79,12,52.104586
2.79,12,52.112947
2.79,12,52.121203
2.83,12,52.129478
2.83,12,52.137732
2.79,12,52.145902
2.79,12,52.154155
2.83,12,52.162296
2.83,12,52.170494
2.79,12,52.178688
2.79,12,52.186897
2.83,12,52.195174
2.79,12,52.203543
2.83,12,52.213005
2.79,14,52.227199
2.79,12,52.235919
2.79,12,52.248522
2.83,12,52.25683
2.79,12,52.265842
2.83,14,52.275651
2.83,12,52.284017
2.79,12,52.292184
2.83,14,52.301595
2.83,12,52.309712
2.83,12,52.317816
2.83,14,52.327146
2.83,12,52.335262
2.83,12,52.343583
2.79,14,52.352871
2.83,12,52.361139
2.79,12,52.369323
2.83,12,52.377455
2.79,12,52.386288
2.83,14,52.39566
2.79,12,52.403728
2.83,12,52.411801
2.83,12,52.419872
2.79,12,52.428019
2.83,12,52.436647
2.83,12,52.444717
2.83,16,52.455197
2.83,12,52.463193
2.83,12,52.4712
2.83,12,52.479179
2.79,12,52.487138
2.79,12,52.495101
2.83,12,52.503124
2.83,12,52.516346
2.83,14,52.531683
2.83,12,52.540696
2.79,12,52.5487
2.79,14,52.557926
2.83,12,52.565883
2.79,14,52.575301
2.83,14,52.584577
2.79,12,52.592643
2.83,12,52.600636
2.79,12,52.608611
2.83,12,52.616926
2.83,12,52.62744
2.83,12,52.639334
2.83,12,52.649894
2.83,12,52.658095
2.83,14,53.605525
2.79,12,53.613886
2.83,12,53.624414
2.83,12,53.632749
2.83,12,53.641156
2.83,12,53.650673
2.83,12,53.663052
2.79,14,53.694392
2.79,12,53.702772
2.83,12,53.711188
2.79,12,53.719482
2.79,12,53.72786
2.83,12,53.73616
2.83,12,53.744709
2.83,12,53.753012
2.83,12,53.761256
2.83,12,53.769529
2.83,12,53.777846
2.83,12,53.78604
2.83,12,53.794423
2.79,12,53.802635
2.83,12,53.810878
2.83,12,53.819136
2.79,12,53.82761
2.79,12,53.836008
2.83,12,53.844256
2.83,12,53.852498
2.79,12,53.860775
2.79,12,53.868963
2.83,12,53.877219
2.83,12,53.889387
2.79,12,53.897724
0.29,16,53.908505
2.83,12,53.916825
2.83,12,53.925297
2.79,12,53.934467
2.83,12,53.94273
2.79,12,53.951029
2.83,12,53.959315
2.83,12,53.96757
2.79,12,53.975851
2.83,12,53.984097
2.79,12,53.992392
2.83,12,54.000668
2.83,12,54.009171
2.83,14,54.01875
2.83,12,54.027148
2.83,12,54.035486
2.83,12,54.044134
2.83,12,54.052341
2.83,14,54.061831
2.83,12,54.070141
2.83,14,54.079662
2.79,12,54.087956
2.83,12,54.096289
2.83,12,54.104544
2.83,12,54.112814
2.79,12,54.121027
2.83,12,54.129394
2.83,12,54.137704
2.83,12,54.147515
2.83,12,54.158703
2.79,12,54.167378
2.83,12,54.175642
2.83,12,54.183861
2.83,12,54.192114
2.79,12,54.200375
0.36,16,54.211144
2.83,12,54.219403
2.83,14,54.229242
2.79,16,54.240252
2.79,12,54.250674
2.79,12,54.258942
2.83,12,54.267265
2.83,12,54.275538
2.83,14,54.285099
2.83,12,54.293399
2.79,12,54.301659
2.83,12,54.310097
0.28,26,54.327283
2.83,12,54.33558
2.79,12,54.346752
2.83,12,54.355191
2.83,12,54.363447
2.83,16,54.374179
2.79,12,54.383248
2.79,14,54.39448
2.83,12,54.416206
2.83,12,54.429143
2.83,12,54.441976
2.83,14,54.456734
2.83,12,54.469432
2.83,12,54.482209
2.83,12,54.494847
2.83,12,54.507825
2.79,12,54.520897
2.79,12,54.533433
2.83,12,54.545569
2.79,12,54.557921
2.83,12,54.569197
2.83,12,54.595904
2.83,12,54.631968
0.3,22,54.689992
2.83,12,54.711565
2.83,12,54.722462
2.79,12,54.730789
2.83,12,54.745842
2.83,12,54.754538
2.83,12,54.76285
2.83,12,54.771117
2.83,12,54.779336
2.83,12,54.78772
2.83,12,54.796029
2.83,12,54.804255
2.83,12,54.812475
2.79,12,54.820713
2.83,12,54.828948
2.83,12,54.837396
2.83,12,54.845568
2.79,12,54.8538
2.79,12,54.861976
2.83,12,54.870135
2.79,12,54.878314
2.83,12,54.88677
2.83,12,54.895039
2.83,12,54.903666
2.83,12,54.911978
2.83,12,54.920284
2.79,12,54.92877
2.79,12,54.936992
2.83,12,54.945885
2.83,12,54.954293
2.83,12,54.962413
2.83,14,54.971778
2.83,12,54.979939
2.83,12,54.990306
2.83,12,55.003846
2.83,12,55.016393
2.83,12,55.02902
2.83,12,55.040507
2.79,12,55.052001
2.83,14,55.067189
2.83,12,55.089374
2.83,12,55.097709
2.83,12,55.105869
2.79,12,55.115
2.83,12,55.123841
2.83,12,55.132151
2.79,12,55.140881
2.83,12,55.149704
2.83,12,55.157955
2.79,12,55.166802
2.83,12,55.1752
2.83,12,55.183432
2.83,12,55.191729
2.79,12,55.199873
2.79,14,55.209302
2.83,12,55.217599
0.25,30,55.237611
2.83,12,55.247704
2.83,12,55.25693
2.83,12,55.264955
2.83,12,55.273143
2.83,12,55.28125
2.83,12,56.804963
2.83,12,56.8184
2.83,12,56.833679
2.79,12,56.858968
2.83,12,56.872272
2.79,12,56.890603
2.83,12,56.903657
2.79,12,56.916737
2.83,12,56.928279
2.83,12,56.940627
2.83,12,56.952814
2.83,12,56.964979
2.83,12,56.976694
2.83,12,56.98931
2.83,12,57.00172
2.83,14,57.015903
2.83,12,57.04253
2.83,12,57.064669
2.83,12,57.077497
2.83,12,57.089743
2.83,12,57.102684
2.83,12,57.115192
2.83,12,57.127794
2.83,12,57.14002
2.83,12,57.153637
2.83,12,57.163178
2.83,12,57.171405
2.83,12,57.179513
2.83,12,57.187633
2.79,12,57.195775
2.83,12,57.203912
2.83,12,57.212047
2.83,12,57.220273
2.83,12,57.228672
2.83,12,57.23741
2.83,12,57.246399
2.83,12,57.254934
2.83,12,57.263221
2.83,12,57.271632
2.83,12,57.279888
2.83,12,57.288542
2.83,12,57.296717
2.79,12,57.304863
2.83,12,57.313006
2.83,12,57.321166
2.83,12,57.329742
2.83,12,57.340392
2.83,12,57.349186
2.79,12,57.360853
2.83,12,57.369356
2.79,12,57.377531
2.83,12,57.386873
0.32,16,57.397541
2.83,12,57.405692
2.83,12,57.413922
0.3,22,57.428278
2.83,12,57.43661
2.79,12,57.444814
2.83,12,57.452953
2.83,12,57.461451
2.83,12,57.470243
2.83,12,57.482726
2.83,12,57.490863
2.83,12,57.499005
2.79,12,57.50715
2.79,12,57.51538
2.83,14,57.52471
2.83,12,57.532857
2.83,12,57.541291
2.83,12,57.54953
2.83,12,57.55776
2.83,12,57.565861
2.83,12,57.573974
2.83,12,57.582732
2.83,12,57.591144
2.83,12,57.599414
2.83,12,57.607784
2.79,12,57.616022
2.83,12,57.626559
2.83,12,57.634838
2.83,14,57.644388
2.83,12,57.652704
2.83,12,57.661519
2.83,14,57.671013
2.79,12,57.679283
2.83,12,57.696131
2.83,12,57.704453
2.83,12,57.712757
0.36,16,57.724143
2.83,12,57.743029
2.83,12,57.755976
2.83,12,57.767466
2.83,12,57.790853
2.83,12,57.812762
2.83,12,57.82652
2.83,12,57.83964
2.83,12,57.852642
2.83,14,57.885551
2.83,12,57.91791
2.83,12,57.957003
2.79,12,57.983317
2.83,12,58.006981
2.83,12,58.01895
2.83,12,58.027681
2.83,12,58.0362
2.83,12,58.04683
2.79,12,58.055279
2.83,12,58.063783
2.83,12,58.07205
2.83,12,58.080362
2.79,12,58.088859
2.83,12,58.096992
2.83,12,58.105123
2.83,12,58.113202
2.83,12,58.121272
2.83,12,58.129582
2.83,12,58.137678
2.83,14,58.147274
2.83,12,58.155512
2.83,12,58.169478
2.83,12,58.177666
2.83,12,58.185758
2.79,12,58.193867
2.83,12,58.201932
2.83,12,58.209986
2.83,12,58.218132
2.83,12,58.226152
2.83,12,58.234546
2.83,12,58.242885
2.79,12,58.251299
2.83,12,58.262172
2.83,12,58.270265
2.83,12,58.278353
2.83,12,58.286469
2.79,12,58.294623
2.83,12,58.304294
2.79,12,58.312495
2.83,12,58.320597
2.83,12,58.328715
2.83,12,58.336874
2.79,12,58.345106
2.79,12,58.354754
2.83,12,58.364282
2.83,12,58.372481
2.83,12,58.381341
2.79,12,58.389767
2.83,12,58.398
2.83,12,58.406121
2.83,12,58.417825
2.83,12,58.430432
2.83,12,58.443427
2.79,12,58.454965
2.83,12,58.46761
2.83,12,58.480691
2.83,12,58.493096
2.83,12,58.505762
2.79,12,58.518182
2.83,12,58.529553
2.83,12,58.54799
2.83,12,58.560088
2.79,12,58.571724
2.79,12,58.583835
2.83,12,58.595372
2.83,12,58.607147
2.79,12,58.617897
2.83,12,58.628444
2.83,12,58.636984
2.83,12,58.645349
2.83,12,60.323191
2.83,12,60.33531
2.83,12,60.34824
2.79,12,60.361208
2.83,12,60.385047
2.79,12,60.396949
2.83,12,60.409141
2.83,12,60.421473
2.83,12,60.433983
2.83,12,60.446326
2.83,12,60.45704
2.79,12,60.467912
2.79,12,60.47611
2.83,12,60.484224
2.79,12,60.492321
2.83,12,60.500408
2.83,12,60.508491
2.83,12,60.516562
2.83,12,60.524616
2.79,12,60.532709
2.83,12,60.540732
2.83,12,60.548831
2.83,12,60.556899
2.83,12,60.565026
2.83,12,60.573218
2.83,12,60.581424
2.83,12,60.589495
2.83,12,60.597588
2.79,12,60.60565
0.36,14,60.614999
2.83,12,60.625483
2.83,12,60.633701
0.3,28,60.651596
2.83,12,60.659622
2.83,12,60.667836
2.83,12,60.676209
2.83,12,60.684276
2.83,12,60.69246
2.83,12,60.701226
2.83,12,60.712189
0.31,22,60.727096
2.83,12,60.735205
2.83,12,60.743294
2.83,12,60.751368
2.83,12,60.759504
2.83,12,60.767629
2.83,12,60.775739
2.83,12,60.783854
2.83,12,60.791991
2.79,12,60.800497
2.83,12,60.808653
2.83,12,60.816771
2.83,12,60.824935
2.83,12,60.833012
2.83,12,60.841081
2.83,12,60.849104
2.83,12,60.858545
2.83,12,60.870951
2.79,12,60.880488
2.83,12,60.8886
2.83,12,60.896761
2.79,12,60.904857
2.83,12,60.91297
2.83,12,60.921105
2.79,12,60.929251
2.79,12,60.937444
2.83,14,60.946794
2.83,12,60.954861
2.83,12,60.963018
2.83,12,60.971327
2.83,12,60.979701
2.83,12,60.987804
2.83,12,60.996617
2.83,12,61.005484
2.79,12,61.014044
2.83,12,61.024032
2.83,12,61.03291
2.83,12,61.041372
2.79,12,61.050362
2.83,12,61.059053
2.83,12,61.078806
2.83,12,61.087373
2.83,12,61.095686
2.83,12,61.103943
2.83,14,61.113527
0.3,16,61.124497
2.83,12,61.132771
2.83,12,61.141038
2.83,12,61.149377
2.83,12,61.157818
2.83,12,61.166147
2.83,12,61.174403
2.83,12,61.182639
2.83,12,61.19088
2.83,12,61.199158
2.83,12,61.207462
2.83,12,61.215749
2.83,12,61.224178
2.83,12,61.232679
2.83,12,61.240905
2.83,12,61.249148
2.83,12,61.257388
2.83,12,61.26579
2.83,12,61.274089
2.83,12,61.292381
2.83,12,61.300736
2.79,12,61.310151
2.83,12,61.320602
2.83,12,61.331165
2.83,12,61.339935
2.79,12,61.348707
2.79,12,61.357108
2.83,12,61.365498
2.83,12,61.373857
2.83,12,61.383082
2.83,12,61.391643
2.83,12,61.399929
2.83,12,61.408213
2.83,12,61.416514
2.83,12,61.42482
0.31,18,61.436794
2.83,12,61.445551
2.83,12,61.453861
2.83,12,61.46263
2.83,12,61.471313
2.83,12,61.479817
2.83,12,61.488155
2.83,12,61.496483
2.83,12,61.504778
2.83,12,61.513193
2.83,12,61.522715
2.83,12,61.531734
2.83,12,61.540139
2.83,12,61.548698
2.83,12,61.557188
2.83,12,61.565664
2.83,12,61.574492
2.83,12,61.583327
2.83,12,61.59173
2.83,12,61.600208
2.83,12,61.611736
2.83,12,61.623935
2.83,12,61.637082
2.79,12,61.654399
2.83,12,61.667001
2.83,12,61.678806
2.79,12,61.68747
2.83,12,61.695734
2.83,12,61.704853
2.83,12,61.713162
2.83,12,61.721983
2.83,12,61.730383
2.83,12,61.738621
2.83,12,61.746903
2.83,12,61.755245
2.83,12,61.763841
2.83,12,61.77274
2.83,12,61.781029
2.83,12,61.78935
2.83,12,61.797769
2.83,12,61.80609
2.79,12,61.814412
2.83,12,61.822666
2.83,12,61.841267
2.83,12,61.849483
2.79,12,61.857735
2.79,12,61.86608
2.83,12,63.285312
2.83,12,63.298352
2.79,12,63.312016
2.83,12,63.327085
2.83,12,63.344219
2.83,12,63.352424
2.83,12,63.360563
0.26,20,63.373698
2.83,12,63.382734
2.83,12,63.395674
2.83,12,63.403805
2.83,12,63.411892
2.83,12,63.419915
2.83,12,63.427969
2.83,12,63.436104
2.83,12,63.444413
2.83,12,63.452501
2.83,12,63.460715
2.83,12,63.469024
2.79,12,63.477155
2.83,12,63.485196
2.83,12,63.493288
2.79,12,63.501471
2.83,12,63.509554
2.83,12,63.517658
2.83,12,63.525897
2.83,12,63.533993
2.83,12,63.542108
2.83,12,63.550193
0.3,16,63.560881
2.83,12,63.569089
2.83,12,63.577342
2.83,12,63.589992
2.83,12,63.603004
2.83,12,63.622881
2.79,12,63.638958
2.83,12,63.652152
2.83,12,63.665347
2.83,12,63.678557
2.83,12,63.693189
0.36,14,63.710657
2.83,12,63.724452
0.27,16,63.740186
2.83,12,63.753045
2.83,12,63.770747
2.83,12,63.784847
2.83,12,63.798052
2.83,12,63.811183
2.83,12,63.824191
2.83,12,63.84322
2.83,12,63.874588
2.83,12,63.887618
2.83,12,63.899661
2.83,12,63.912724
2.83,12,63.925849
2.83,12,63.940055
2.83,12,63.953028
2.83,12,63.968334
2.83,12,63.980334
2.83,12,63.99755
2.83,12,64.01025
2.83,12,64.023436
2.79,12,64.037004
2.83,12,64.050406
2.83,12,64.063532
2.83,12,64.077923
2.83,12,64.091154
2.83,12,64.109607
2.83,12,64.117847
2.83,12,64.126193
2.83,12,64.134344
0.36,14,64.143711
2.83,12,64.151788
2.83,12,64.159867
2.83,12,64.167917
2.83,12,64.176048
2.83,12,64.184044
2.83,12,64.201329
2.83,12,64.209429
2.83,12,64.217478
2.83,12,64.225585
2.83,12,64.233784
2.83,12,64.241746
2.79,12,64.249781
2.83,12,64.257854
2.83,12,64.266431
2.83,12,64.27471
2.83,12,64.282824
2.83,12,64.290939
2.83,12,64.302757
2.83,12,64.310844
2.83,12,64.318935
2.83,12,64.327091
2.83,12,64.335129
2.83,12,64.343111
2.83,12,64.353828
2.83,12,64.365966
2.83,12,64.378712
0.32,14,64.393611
2.83,12,64.410806
2.83,12,64.423929
2.83,12,64.437001
2.83,12,64.450218
2.83,12,64.46743
2.83,12,64.480727
2.83,12,64.494292
2.83,12,64.506805
2.83,12,64.51948
2.83,12,64.532571
2.83,12,64.551108
2.83,12,64.564362
2.79,12,64.57755
2.83,12,64.590506
2.83,12,64.603763
2.83,12,64.617302
2.83,12,64.634152
2.83,12,64.647183
2.83,12,64.660144
2.83,12,64.67295
2.83,12,64.685863
2.83,12,64.698688
2.83,12,64.712513
2.83,12,64.725754
2.83,12,64.738554
2.83,12,64.751576
2.83,12,64.764676
0.32,14,64.778174
2.83,12,64.790542
2.83,12,64.803406
2.83,12,64.815375
2.83,12,64.827741
2.83,12,64.840211
2.83,12,64.853297
2.83,12,64.866392
2.83,12,64.879187
2.83,12,64.892133
2.83,12,64.905781
2.83,12,64.919039
2.83,12,64.931875
2.79,12,64.944598
2.83,12,64.957299
2.83,12,64.972138
2.83,12,64.985738
2.83,12,65.005268
2.83,12,65.018381
2.79,12,65.031252
2.83,12,65.044663
2.83,12,65.058128
2.83,12,65.072169
2.79,12,65.085872
2.83,12,65.098347
2.83,12,65.111543
2.83,12,65.124432
2.83,12,65.137134
2.83,12,65.149858
2.83,12,65.163176
2.83,12,65.176681
2.83,12,65.188792
2.83,12,65.203211
2.79,12,65.215594
2.83,12,65.24231
2.83,12,65.256555
2.83,12,65.26483
2.79,12,65.273026
2.83,12,65.281656
2.83,12,65.290219
2.83,12,65.298742
2.79,12,65.306849
2.83,12,65.314909
2.83,12,66.857809
2.83,12,66.866351
2.83,12,66.874582
2.83,12,66.88289
2.83,12,66.891154
2.83,12,66.899332
2.83,12,66.907516
2.83,12,66.915673
2.83,12,66.92396
2.83,14,66.933343
2.83,12,66.941647
2.83,12,66.949852
2.83,12,66.958022
2.83,12,66.966251
2.83,12,66.974455
2.83,12,66.982598
2.83,12,66.990751
2.83,12,66.998902
2.83,12,67.007367
2.83,12,67.015524
2.83,12,67.023818
2.83,12,67.033874
2.83,12,67.047967
2.83,12,67.057374
2.83,12,67.065523
2.83,12,67.073712
2.83,12,67.081909
2.83,12,67.09011
2.83,12,67.098229
2.83,12,67.106342
2.83,12,67.115637
0.28,20,67.129038
2.83,12,67.137169
2.79,12,67.14528
2.83,12,67.153429
2.83,12,67.161544
2.83,12,67.169629
2.83,12,67.177775
2.79,12,67.185873
2.83,12,67.194038
2.83,12,67.202144
2.83,12,67.210202
2.83,12,67.218386
2.83,12,67.226603
2.83,12,67.234872
2.83,12,67.24298
2.79,12,67.251298
2.83,12,67.259472
2.83,12,67.267783
2.83,12,67.276197
2.83,12,67.284482
2.83,12,67.292662
2.83,12,67.301173
2.83,12,67.313999
2.83,12,67.322241
2.83,12,67.330371
2.83,12,67.3385
2.83,12,67.346635
2.83,12,67.354978
2.83,14,67.364414
2.83,12,67.372948
2.83,12,67.381934
2.83,12,67.390303
2.83,12,67.398402
2.83,12,67.406464
2.79,12,67.414685
2.83,12,67.422781
2.83,12,67.430836
2.83,12,67.438928
2.83,12,67.447551
2.83,12,67.455663
2.83,12,67.463876
2.83,12,67.471966
2.83,12,67.480161
2.83,12,67.496427
2.83,12,67.504466
2.83,12,67.512955
2.79,12,67.521043
2.83,12,67.529101
2.83,12,67.537308
2.83,12,67.545343
2.79,12,67.553459
2.83,12,67.561573
2.83,12,67.569613
2.83,12,67.577874
2.83,12,67.58594
2.83,12,67.59402
2.83,12,67.602101
2.83,12,67.610314
2.83,12,67.619096
2.83,14,67.63313
2.83,12,67.641591
2.83,12,67.649613
2.83,12,67.657833
2.83,12,67.665912
2.83,12,67.67409
2.83,12,67.682308
2.83,12,67.692459
2.83,12,67.702703
2.79,12,67.710783
2.79,12,67.719665
2.83,12,67.727962
2.83,12,67.736044
2.83,12,67.744449
2.83,12,67.752573
2.83,12,67.760627
2.83,14,67.769914
2.83,12,67.778082
2.83,12,67.786144
2.83,12,67.794339
2.83,12,67.802466
2.83,12,67.810604
2.83,12,67.818702
2.83,12,67.826928
2.83,12,67.835158
2.83,12,67.843193
2.83,12,67.851284
2.83,12,67.859359
2.83,12,67.867433
2.83,12,67.875531
2.83,12,67.883662
2.79,14,67.892968
2.83,12,67.901046
2.83,14,67.910696
2.83,12,67.918794
2.83,12,67.927466
2.83,12,67.935578
2.83,12,67.944888
2.83,12,67.95391
2.83,12,67.962013
2.83,12,67.970153
2.83,12,67.978245
2.83,12,67.986362
2.83,12,67.994482
2.79,12,68.002608
2.83,12,68.010684
2.83,12,68.018809
2.83,12,68.027084
2.83,12,68.035283
2.83,12,68.043302
2.83,12,68.053844
2.83,12,68.065973
2.83,12,68.075895
2.83,12,68.084498
2.83,12,68.092929
2.83,12,68.101906
2.83,12,68.110162
2.83,12,68.118708
2.83,12,68.127181
2.83,12,68.135585
2.79,12,68.143751
2.83,12,68.151936
2.83,12,68.160152
2.83,12,68.168429
2.83,12,68.176636
2.83,12,68.184815
2.83,12,68.213137
2.83,12,68.221363
2.83,12,68.229995
2.83,12,68.238359
2.83,12,68.247311
2.83,12,68.258569
2.83,12,68.267094
2.79,12,68.275163
2.83,12,68.28328
2.83,12,68.291312
2.83,12,68.300539
2.83,12,68.309097
2.83,12,68.317558
2.79,12,69.286262
2.83,12,69.295087
2.83,12,69.30339
2.83,12,69.311708
2.83,12,69.320016
2.83,12,69.329138
2.83,12,69.33816
2.83,12,69.346753
2.83,12,69.355141
2.83,12,69.363773
2.83,12,69.372477
2.83,12,69.382177
2.83,12,69.3907
2.83,12,69.399114
2.83,12,69.407372
2.83,12,69.420486
2.83,12,69.428769
2.83,12,69.437053
2.83,12,69.44542
2.83,12,69.453648
2.83,12,69.462002
2.83,12,69.470637
2.83,12,69.478876
2.83,12,69.487213
2.83,12,69.496195
2.83,12,69.504667
2.83,12,69.513308
2.83,12,69.521698
2.83,12,69.530015
2.83,12,69.538444
2.79,12,69.546796
2.83,12,69.555194
2.83,12,69.563621
2.83,12,69.572031
2.83,12,69.580489
2.83,12,69.588899
2.83,12,69.597728
2.83,12,69.606159
2.83,12,69.614858
2.83,12,69.625731
2.83,12,69.633925
2.83,12,69.642247
2.83,14,69.651665
2.83,12,69.660038
2.83,12,69.668137
0.27,20,69.681224
2.83,12,69.68938
2.83,12,69.697614
2.83,14,69.707036
2.83,12,69.716395
2.83,12,69.725011
2.83,12,69.735884
2.83,12,69.746323
2.83,12,69.754526
2.83,12,69.762702
2.83,12,69.7709
2.83,12,69.779143
2.83,12,69.787436
2.83,12,69.795707
2.79,12,69.803864
2.83,12,69.81203
2.83,12,69.820155
2.83,12,69.828453
2.83,12,69.836613
2.83,12,69.844709
2.83,12,69.852846
2.83,12,69.860952
2.83,12,69.8691
2.83,12,69.877378
2.83,12,69.885619
2.83,12,69.903277
2.83,12,69.911476
2.83,12,69.919629
2.83,12,69.927988
2.79,12,69.936399
2.83,12,69.94452
2.83,12,69.952663
2.83,12,69.960741
2.83,12,69.968928
2.83,12,69.977023
2.83,12,69.985342
2.83,12,69.993676
2.83,12,70.001715
2.83,12,70.00982
2.83,12,70.018982
2.83,12,70.027931
2.83,12,70.036339
2.83,14,70.04593
2.83,12,70.054256
2.83,12,70.062471
2.83,12,70.070752
2.83,12,70.079081
2.83,12,70.087443
2.83,14,70.107836
2.83,12,70.118958
2.83,12,70.127736
2.83,12,70.136737
2.83,12,70.145196
2.83,12,70.154352
2.83,12,70.16301
2.83,12,70.171348
2.83,12,70.179677
2.83,12,70.187947
2.83,12,70.196307
2.83,12,70.204693
2.83,12,70.214142
2.83,12,70.222733
2.83,12,70.231029
2.83,12,70.239507
2.83,12,70.24777
2.83,12,70.255977
2.83,12,70.264177
2.83,12,70.272435
2.83,12,70.281282
2.83,12,70.289683
2.83,12,70.29795
2.83,12,70.306254
2.83,12,70.318238
2.83,12,70.326904
2.83,12,70.335198
2.83,12,70.343575
2.83,12,70.351833
2.83,12,70.360141
2.83,12,70.368618
2.83,12,70.376918
2.83,12,70.386491
2.83,12,70.394726
2.83,12,70.402868
2.83,12,70.41093
2.83,12,70.419042
2.83,12,70.427217
2.79,12,70.435407
2.83,12,70.445052
2.83,12,70.453913
2.83,12,70.461923
2.83,12,70.469971
2.83,12,70.478046
2.83,12,70.486727
2.83,12,70.495352
2.83,12,70.503431
2.83,12,70.511553
2.83,12,70.520191
2.83,12,70.528423
2.83,12,70.537396
2.83,12,70.545854
2.83,12,70.554008
2.83,12,70.562131
2.83,12,70.570184
2.83,12,70.578408
2.83,12,70.586563
2.83,12,70.594659
2.83,12,70.602677
2.79,12,70.610834
2.83,12,70.641318
2.83,12,70.649543
2.83,12,70.657729
2.83,12,70.665942
2.83,12,70.674133
2.83,12,70.68249
2.83,12,70.690782
2.83,12,70.698892
2.83,12,70.707092
2.83,12,70.715256
2.83,12,70.724572
2.83,12,70.732722
2.83,12,70.740875
2.83,14,70.752357
2.83,12,70.760975
2.83,12,70.769171
2.83,12,71.730664
2.83,12,71.738953
2.83,12,71.747102
2.83,14,71.756367
2.83,12,71.764421
2.83,12,71.77251
2.83,12,71.780924
2.83,12,71.788986
2.83,12,71.797167
2.83,12,71.805224
2.83,12,71.813316
2.83,12,71.821761
2.83,12,71.829807
2.83,12,71.837857
2.83,12,71.845869
2.83,12,71.853907
2.83,12,71.861933
2.83,12,71.869955
2.83,12,71.878027
2.83,12,71.886196
2.83,12,71.894241
2.83,12,71.902282
2.83,12,71.910785
2.83,12,71.918926
2.83,12,71.92713
2.83,12,71.935224
2.83,12,71.943374
2.83,12,71.951499
2.83,12,71.963012
2.83,12,71.975811
2.83,12,71.987712
2.83,12,71.999636
2.83,12,72.007947
2.83,12,72.015989
2.83,12,72.024148
2.83,12,72.032255
2.83,12,72.040432
2.83,12,72.048755
2.83,12,72.056798
2.83,12,72.064803
2.83,12,72.072859
2.83,12,72.080983
2.83,12,72.089127
2.83,12,72.097379
2.83,12,72.105422
2.83,12,72.113504
2.83,12,72.121916
2.83,12,72.129937
2.83,12,72.140229
2.83,14,72.154802
2.83,12,72.164118
2.83,12,72.172347
2.83,12,72.180561
2.83,12,72.188674
2.83,12,72.196831
2.83,12,72.204947
2.79,12,72.213247
0.35,14,72.222727
2.83,12,72.230806
2.83,12,72.238909
2.83,12,72.24698
2.83,12,72.255119
2.83,12,72.26429
2.83,12,72.27258
2.83,12,72.281226
2.83,12,72.290139
2.83,12,72.307873
2.83,14,72.317597
2.83,12,72.326041
2.83,12,72.334432
2.83,12,72.342956
2.83,12,72.351353
2.83,12,72.359637
2.83,12,72.368152
2.79,12,72.376505
2.83,12,72.385803
2.83,12,72.39425
2.83,12,72.404392
2.83,12,72.414769
2.83,14,72.430746
2.83,12,72.439214
2.83,12,72.447665
2.83,12,72.455916
2.83,12,72.46418
2.83,12,72.472432
2.83,12,72.480953
2.83,12,72.489296
2.83,12,72.497593
2.83,12,72.50579
2.83,12,72.518394
2.83,12,72.526593
2.83,12,72.535393
2.83,12,72.543978
2.83,12,72.552801
2.83,12,72.56129
2.83,12,72.56965
2.83,12,72.578598
2.83,12,72.587039
2.83,12,72.59572
2.83,12,72.604026
2.79,12,72.612349
2.83,12,72.622575
2.83,12,72.631849
2.83,12,72.640504
2.83,12,72.649318
2.83,12,72.657845
2.83,12,72.666173
2.83,12,72.674428
2.83,12,72.684793
2.83,12,72.693288
2.83,12,72.701705
2.83,12,72.710025
2.83,14,72.719572
2.83,12,72.729214
2.83,12,72.737436
2.83,12,72.745646
2.83,12,72.753949
2.83,12,72.762669
2.83,12,72.771131
2.79,12,72.779375
2.83,12,72.787621
2.83,12,72.796034
2.83,12,72.804274
2.83,12,72.812519
2.83,12,72.820799
2.83,12,72.82918
2.83,12,72.837589
2.83,12,72.84581
2.83,12,72.854104
2.83,14,72.863931
2.79,12,72.872242
2.79,12,72.880528
2.83,12,72.888978
2.83,12,72.897345
2.83,12,72.905579
2.83,12,72.913825
2.83,12,72.922006
2.83,12,72.93046
2.79,12,72.93905
2.83,12,72.947292
2.83,12,72.955575
2.83,12,72.963829
2.83,12,72.972178
2.83,12,72.980396
2.83,12,72.988585
2.83,12,72.998448
2.83,12,73.007897
2.83,12,73.016433
2.83,12,73.025233
2.83,12,73.04391
2.83,12,73.052583
2.83,12,73.061296
2.83,14,73.07152
2.83,12,73.07997
2.83,12,73.088521
2.83,12,73.096881
2.83,12,73.105262
2.83,12,73.11353
2.83,12,73.121852
2.83,12,73.130466
2.83,12,73.138741
2.83,12,73.146936
2.83,12,73.155286
2.83,12,73.169472
2.83,12,73.181852
2.83,12,73.190553
2.83,12,73.19883
2.83,12,73.207139
2.83,12,73.215667
2.83,12,73.223954
2.83,12,74.182524
2.83,12,74.19443
2.83,12,74.204971
2.83,12,74.213261
2.83,12,74.221556
2.83,12,74.233805
2.83,12,74.242756
2.83,12,74.251528
2.83,12,74.259865
2.83,12,74.268191
2.83,12,74.276524
2.83,12,74.2851
2.83,12,74.293699
2.83,12,74.302996
2.83,12,74.311304
2.83,12,74.319676
2.83,12,74.327832
2.83,12,74.336157
2.83,12,74.34421
2.83,12,74.352286
2.83,12,74.360346
2.83,12,74.36859
2.83,12,74.376683
2.83,12,74.385648
2.83,12,74.393857
2.83,12,74.401975
2.83,12,74.410037
2.83,12,74.418209
2.83,12,74.426249
2.83,12,74.434353
2.83,12,74.442657
2.83,12,74.451134
2.83,12,74.459185
2.83,12,74.46726
2.83,12,74.475333
2.83,12,74.483371
2.83,12,74.491477
2.83,12,74.499928
2.83,12,74.508414
2.79,12,74.516729
2.83,12,74.524952
2.83,12,74.533483
2.83,12,74.542164
2.83,12,74.550316
2.83,12,74.558537
2.83,12,74.566733
2.83,12,74.575171
2.83,12,74.583472
2.83,12,74.591711
2.83,12,74.600932
2.83,12,74.610171
2.83,12,74.618362
2.83,12,74.628419
2.83,12,74.636617
2.83,12,74.644846
2.83,12,74.653008
2.83,12,74.661215
2.83,12,74.66934
2.83,12,74.677542
2.83,12,74.685689
2.83,12,74.693965
2.83,12,74.702268
2.83,12,74.732054
2.83,12,74.740601
2.83,12,74.748936
2.83,12,74.757254
2.83,12,74.765522
2.83,12,74.773995
2.83,12,74.782741
2.83,12,74.791231
2.83,12,74.799663
2.83,12,74.807912
2.83,12,74.816533
2.83,12,74.824988
2.83,12,74.833459
2.83,12,74.841588
2.83,12,74.849749
2.83,12,74.857951
2.83,12,74.866172
2.83,12,74.874295
2.83,12,74.882588
2.83,12,74.890909
2.83,12,74.89914
2.83,12,74.907698
2.83,12,74.915885
2.83,12,74.929018
2.83,12,74.937881
2.83,12,74.946275
2.83,12,74.955169
2.83,12,74.963495
2.83,14,74.973589
2.83,12,74.98176
2.83,12,74.98986
2.83,12,74.997928
2.83,12,75.006009
2.83,12,75.014137
2.83,12,75.022185
2.83,12,75.030301
2.83,12,75.038831
2.83,12,75.047627
2.83,12,75.055949
2.83,12,75.064198
2.83,12,75.072466
2.83,12,75.080944
2.83,12,75.089297
2.83,12,75.097528
2.83,12,75.105798
2.83,12,75.114237
2.83,12,75.122362
2.83,12,75.130509
2.83,12,75.142781
2.83,12,75.15072
2.83,12,75.158724
2.83,12,75.166677
2.83,12,75.17465
2.83,12,75.182581
2.83,12,75.190543
2.83,12,75.198688
2.83,12,75.210046
2.83,12,75.221794
2.83,12,75.229973
2.83,12,75.238077
2.83,12,75.246217
2.83,12,75.254252
2.83,12,75.262249
2.83,12,75.270253
2.83,12,75.27827
2.83,12,75.286252
2.83,12,75.294316
2.83,12,75.305185
2.83,12,75.313352
2.83,12,75.321321
2.83,12,75.32928
2.83,12,75.337849
2.83,12,75.346728
2.83,12,75.354871
2.83,14,75.364398
2.83,12,75.37257
2.83,14,75.382744
2.83,12,75.391122
2.83,12,75.399576
2.83,14,75.409007
2.83,12,75.417167
2.83,12,75.425241
2.83,12,75.433609
2.83,12,75.462419
2.83,12,75.470648
2.83,12,75.478791
2.83,12,75.486875
2.83,12,75.49514
2.83,12,75.503205
2.83,12,75.511321
2.79,12,75.519484
2.83,12,75.527668
2.83,12,75.535819
2.83,12,75.544122
2.83,12,75.55222
0.27,32,75.573479
2.83,12,75.581697
2.83,12,75.589757
2.83,12,75.597853
2.83,12,75.605934
2.83,12,75.614015
2.83,12,75.624269
2.83,12,75.63235
2.83,12,75.64053
2.83,12,75.652227
2.83,12,75.660635
2.83,12,76.645009
2.83,12,76.653481
2.83,12,76.661774
2.83,12,76.670234
2.83,12,76.678638
2.83,12,76.686995
2.83,12,76.695482
2.83,12,76.703762
2.83,12,76.712132
2.83,12,76.720392
2.83,12,76.729074
2.83,14,76.739843
2.83,12,76.74812
2.83,12,76.756395
2.83,12,76.76468
2.83,12,76.772975
2.83,12,76.781251
2.83,12,76.789529
2.83,12,76.798044
2.83,12,76.806272
2.79,12,76.814536
2.83,12,76.82303
2.83,12,76.831338
2.83,12,76.839639
2.83,12,76.848101
2.83,12,76.856323
2.83,12,76.864544
2.83,12,76.872813
2.83,12,76.881031
2.83,12,76.889237
2.83,12,76.897652
2.83,12,76.905906
2.83,12,76.914182
2.83,12,76.922387
2.83,12,76.930729
2.83,12,76.939882
2.83,12,76.950312
2.83,12,76.959146
2.83,12,76.96757
2.83,12,76.976033
2.83,12,76.984414
2.83,12,76.993023
2.83,12,77.001258
2.83,12,77.009444
2.83,12,77.017637
2.83,12,77.025971
2.83,12,77.037597
2.83,12,77.047948
2.83,12,77.05821
2.83,12,77.066803
2.83,12,77.075257
2.83,12,77.083485
2.83,12,77.091731
2.83,12,77.099911
2.83,12,77.1084
2.83,12,77.1168
2.83,12,77.125223
2.83,12,77.133611
2.83,12,77.153255
2.83,12,77.161726
2.83,12,77.169961
2.83,12,77.178158
2.83,12,77.186348
2.83,12,77.195271
2.83,12,77.204135
2.83,12,77.212752
2.83,12,77.221246
2.83,12,77.229575
2.83,12,77.238227
2.83,12,77.253077
2.83,12,77.264867
2.83,12,77.273527
2.83,12,77.281608
0.32,14,77.292286
2.83,12,77.30046
2.83,12,77.308603
2.83,12,77.316768
2.83,12,77.324938
2.83,12,77.333626
2.83,12,77.344409
2.83,12,77.358935
2.83,12,77.367454
2.83,12,77.375784
2.83,12,77.38751
2.83,12,77.396277
2.83,12,77.404397
2.83,12,77.412521
2.83,12,77.420646
2.83,12,77.429295
2.83,12,77.437897
2.83,12,77.446761
2.83,12,77.455918
2.83,12,77.464148
2.83,12,77.472928
2.83,12,77.481336
2.83,12,77.489655
2.83,12,77.498205
2.83,12,77.506476
2.83,12,77.515
2.83,12,77.523337
2.83,12,77.531698
2.83,12,77.540147
2.83,12,77.548652
2.83,12,77.557005
2.83,12,77.565373
2.83,12,77.573698
2.83,12,77.582039
2.83,12,77.590327
2.83,12,77.598699
2.83,12,77.607015
2.83,12,77.616955
2.83,12,77.628443
2.83,12,77.636723
2.83,12,77.644937
2.83,12,77.653279
2.83,12,77.661616
2.83,12,77.669807
0.27,14,77.679256
2.83,12,77.687666
2.83,12,77.695972
2.83,12,77.704193
2.83,12,77.712441
2.83,12,77.720642
2.83,12,77.729025
2.83,12,77.737977
2.83,12,77.746463
2.83,12,77.754672
2.83,12,77.762834
2.83,12,77.771027
2.83,12,77.779206
2.83,12,77.787405
2.83,12,77.795883
2.83,12,77.804259
2.83,12,77.812427
2.83,12,77.820592
2.83,12,77.828825
2.83,12,77.836957
2.83,12,77.84534
2.83,12,77.853494
2.83,12,77.861687
2.83,12,77.869806
2.83,12,77.88625
2.83,12,77.8946
2.83,12,77.90278
2.83,12,77.910908
2.83,12,77.919115
2.83,12,77.927447
2.83,12,77.935668
2.83,12,77.943795
2.83,12,77.951917
2.83,12,77.960144
2.83,12,77.96828
2.83,12,77.976524
2.83,12,77.984696
2.83,12,77.992853
2.83,12,78.000967
2.83,12,78.009172
2.83,12,78.017406
2.83,12,78.02564
2.83,12,78.033787
2.83,12,78.04188
2.83,12,78.050214
2.83,12,78.058399
2.83,12,78.066501
2.83,12,78.074631
2.83,12,78.082794
2.83,12,78.09533
2.83,12,78.103614
2.83,12,78.111783
2.83,12,78.119852
2.83,12,79.080594
2.83,12,79.088757
2.83,12,79.096941
2.83,12,79.105237
2.83,12,79.113304
2.83,12,79.121406
2.83,12,79.133422
2.83,12,79.143847
2.83,12,79.151979
2.83,12,79.160427
2.83,12,79.169161
2.83,12,79.177958
2.83,12,79.186363
2.83,12,79.194884
2.83,12,79.202967
2.83,12,79.211482
2.83,12,79.22029
2.83,12,79.22867
2.83,12,79.237507
2.83,12,79.248779
2.83,12,79.261593
2.83,12,79.274215
2.83,12,79.286529
2.83,12,79.30993
2.83,12,79.329785
2.83,12,79.342572
2.83,12,79.359447
2.83,12,79.37253
2.83,12,79.386184
2.83,12,79.398663
2.83,12,79.41116
2.83,12,79.423276
2.83,12,79.436796
2.83,12,79.450096
2.83,12,79.475726
2.83,12,79.489125
2.83,12,79.50101
2.83,12,79.513791
2.83,14,79.528694
2.83,12,79.540669
2.83,12,79.558522
2.83,12,79.570767
2.83,12,79.583606
2.79,12,79.596593
2.83,12,79.609125
2.83,12,79.623903
2.83,12,79.641672
2.83,12,79.656563
2.83,12,79.670289
2.83,12,79.683331
2.83,12,79.696261
2.83,12,79.708775
2.83,12,79.721991
2.83,12,79.735623
2.83,12,79.751102
2.83,12,79.776717
2.83,12,79.789319
2.83,12,79.801941
2.83,12,79.814003
2.83,12,79.83218
2.83,12,79.858825
2.83,12,79.87169
2.83,12,79.905307
2.83,12,79.931859
2.83,12,79.95804
2.83,12,79.991658
2.83,12,80.019528
2.83,12,80.039695
2.83,12,80.068662
2.83,12,80.094599
2.83,12,80.114727
2.83,12,80.15839
2.83,12,80.174924
2.83,12,80.185485
2.83,12,80.193892
2.83,12,80.201999
2.83,12,80.210135
2.79,12,80.218251
2.83,12,80.226452
2.83,12,80.234513
2.83,12,80.242537
2.83,12,80.250574
2.83,12,80.262759
2.83,12,80.271322
2.83,12,80.279673
2.83,12,80.288534
2.83,12,80.297259
2.83,12,80.305466
2.83,12,80.31363
2.83,12,80.321743
2.83,12,80.331464
2.83,12,80.343352
2.83,12,80.352912
2.83,12,80.36113
2.83,12,80.369373
2.83,12,80.3814
2.83,12,80.390957
2.83,12,80.399084
2.83,12,80.407335
2.83,12,80.415426
2.83,12,80.423485
2.83,12,80.431662
2.83,12,80.439692
2.83,12,80.448453
2.83,12,80.45677
2.83,12,80.465641
2.83,12,80.474259
2.83,12,80.482429
2.83,12,80.490938
2.83,12,80.499346
2.83,12,80.50752
2.83,12,80.515769
2.83,12,80.523955
2.83,12,80.532236
2.83,12,80.541143
2.83,12,80.549495
2.83,12,80.557955
2.83,12,80.566381
2.83,12,80.575126
2.83,12,80.584003
2.83,12,80.592535
2.83,12,80.600967
2.83,12,80.609672
2.83,12,80.618139
2.83,12,80.628985
2.83,12,80.637247
2.83,12,80.645395
2.83,12,80.653601
2.83,12,80.661725
2.83,12,80.669886
2.83,12,80.678154
2.83,12,80.686692
2.83,12,80.694923
2.83,12,80.70325
2.83,12,80.711503
2.83,12,80.719752
2.83,12,80.728299
2.83,12,80.736465
2.83,12,80.753707
2.83,12,80.761986
2.83,12,80.770138
2.83,12,80.778324
2.83,12,80.786541
2.83,12,80.794909
2.83,12,80.803051
2.83,12,80.811176
2.83,12,80.819397
2.83,12,80.827641
2.83,12,80.835834
2.83,12,80.844015
2.83,12,80.852245
2.83,12,80.860669
2.83,12,80.869121
2.83,12,80.877314
2.83,12,80.8855
2.83,12,80.893749
2.83,12,80.902045
2.83,12,80.910256
2.83,12,80.918512
2.83,12,80.926792
2.83,12,80.935001
2.83,12,80.943209
2.83,12,80.955265
2.83,12,80.963523
2.83,12,80.971731
2.83,12,80.980044
2.83,12,80.988206
2.83,12,80.996381
2.83,12,81.004541
2.83,12,81.012769
2.83,12,81.020945
2.83,12,81.985141
2.83,12,81.993357
2.83,12,82.001498
2.83,12,82.00958
2.83,12,82.017671
2.83,12,82.02584
2.83,12,82.033979
2.83,12,82.042122
2.83,12,82.050208
2.83,12,82.058919
2.83,12,82.067792
2.83,12,82.076469
2.83,12,82.084706
2.83,12,82.092818
2.83,12,82.10103
2.83,12,82.10917
2.83,12,82.117245
2.83,12,82.125382
2.83,12,82.133548
2.83,12,82.141592
2.83,12,82.14969
2.83,12,82.157785
2.83,12,82.165885
2.83,12,82.174206
2.83,12,82.182284
2.83,12,82.190308
2.83,12,82.198433
2.83,12,82.206486
2.83,12,82.214594
2.83,12,82.222769
2.83,12,82.230808
2.83,12,82.238889
2.83,12,82.247557
2.83,12,82.25584
2.83,12,82.264265
2.83,12,82.272584
2.83,12,82.28076
2.83,12,82.288943
2.83,12,82.300618
2.83,12,82.308956
2.83,12,82.317154
2.83,12,82.3254
2.83,12,82.333599
2.83,12,82.341713
2.83,12,82.349834
2.83,12,82.357963
2.83,12,82.370852
2.83,12,82.383581
2.83,12,82.394166
2.83,12,82.405386
2.83,12,82.422444
2.83,12,82.430749
2.83,12,82.438955
2.83,12,82.447157
2.83,12,82.455758
2.83,12,82.46412
2.83,12,82.472249
2.83,12,82.480389
2.83,12,82.488537
2.83,12,82.496744
2.83,12,82.504945
2.83,12,82.513289
2.83,12,82.52137
2.83,12,82.529543
2.83,12,82.537697
2.83,12,82.545852
2.83,12,82.554416
2.83,12,82.562834
2.83,12,82.57119
2.83,12,82.5795
2.83,12,82.58765
2.83,12,82.59582
2.83,12,82.603996
2.83,12,82.612173
2.83,12,82.627691
2.83,12,82.635991
2.83,12,82.645249
2.83,12,82.659163
2.83,12,82.678193
2.83,12,82.694776
2.83,12,82.719734
2.83,12,82.738562
2.83,12,82.756237
2.83,12,82.768445
2.83,12,82.783227
2.83,12,82.796832
2.83,12,82.82105
2.83,12,82.834171
2.83,12,82.846384
2.83,12,82.85782
2.83,12,82.870644
2.83,12,82.882915
2.83,12,82.895181
2.83,12,82.907038
2.83,12,82.919293
2.83,12,82.937205
2.83,12,82.950581
2.83,12,82.963472
2.83,12,82.98048
2.83,12,82.993785
2.83,12,83.007051
2.83,12,83.020556
2.83,12,83.033976
2.83,12,83.048812
2.83,12,83.067333
2.83,12,83.082167
2.83,12,83.095619
2.83,12,83.109472
2.83,12,83.123241
2.83,12,83.14174
2.83,12,83.155677
2.83,12,83.169262
2.83,12,83.182098
2.83,12,83.19513
2.83,12,83.208648
2.83,12,83.221199
2.83,12,83.233802
2.83,12,83.246053
2.83,12,83.258362
2.83,12,83.27879
2.83,12,83.291996
2.83,12,83.304148
2.83,12,83.319405
2.83,12,83.333281
2.83,12,83.346377
2.83,12,83.35921
2.83,12,83.371819
2.83,12,83.385377
2.83,12,83.402085
2.83,12,83.428583
2.83,12,83.44171
2.83,12,83.454696
2.83,12,83.488593
2.83,12,83.501157
2.83,12,83.527101
2.83,12,83.540088
2.83,12,83.555453
0.33,16,83.572116
2.83,12,83.585306
2.83,12,83.599766
2.83,12,83.612636
2.83,12,83.627754
2.83,12,83.654668
2.83,12,83.686534
2.83,12,83.698555
2.83,12,83.711576
2.83,12,83.728862
2.83,12,83.741979
2.83,12,83.755106
2.83,12,83.768685
2.83,12,83.781711
2.83,12,83.794919
2.83,12,83.806504
2.83,12,83.819528
2.83,12,83.832874
2.83,12,83.84592
2.83,12,83.859272
2.83,12,83.87214
2.83,12,83.884873
2.83,12,83.899902
2.83,12,83.912278
2.83,12,83.923918
2.83,12,83.935935
2.83,12,83.944
2.83,14,83.9533
2.83,12,83.961323
2.83,12,83.969371
2.83,12,83.977441
2.83,12,83.985576
2.83,12,83.993613
2.83,12,84.962843
2.83,12,84.972562
2.83,12,84.981475
2.83,12,84.989931
2.83,12,84.998297
0.36,14,85.007932
2.83,12,85.016261
2.83,12,85.024628
2.83,12,85.032862
2.83,12,85.041154
2.83,12,85.049468
2.79,12,85.058316
2.83,12,85.066462
2.83,12,85.07488
2.83,12,85.083741
2.83,12,85.091987
2.83,12,85.100264
2.83,12,85.10846
2.83,12,85.116642
2.83,12,85.12486
2.83,12,85.133026
2.83,12,85.141175
2.83,12,85.149281
2.83,12,85.157408
2.83,12,85.16551
2.83,12,85.173619
2.83,12,85.181693
2.83,12,85.190205
2.83,12,85.198806
2.83,12,85.207209
2.83,12,85.215486
2.83,12,85.223745
2.83,12,85.231858
2.83,12,85.239902
2.83,12,85.247946
2.83,12,85.256659
2.83,12,85.265004
2.83,12,85.27362
2.83,12,85.281843
2.83,12,85.290048
2.83,12,85.298328
2.83,12,85.306998
2.83,12,85.315517
2.83,12,85.324168
2.83,12,85.332817
2.83,12,85.341051
2.83,12,85.357883
2.83,12,85.365996
2.83,12,85.374129
2.83,12,85.386668
2.83,12,85.395077
2.83,12,85.403734
2.83,12,85.411826
2.83,12,85.419861
2.83,12,85.429872
2.83,12,85.4382
2.83,12,85.446323
2.83,12,85.458691
2.83,12,85.469766
2.83,12,85.478929
2.83,12,85.487381
2.83,12,85.495647
2.83,12,85.503945
2.83,12,85.512202
2.83,12,85.520398
2.83,12,85.528588
2.83,12,85.536872
2.83,12,85.545052
2.83,12,85.553251
2.83,12,85.565082
2.83,12,85.573555
2.83,12,85.581828
2.83,12,85.590192
2.83,12,85.598496
2.83,12,85.606657
2.83,12,85.61486
2.83,12,85.625138
2.83,12,85.633376
2.83,12,85.643394
2.83,12,85.652646
2.83,12,85.661017
2.83,12,85.669221
2.83,12,85.677413
2.83,12,85.685926
2.83,12,85.694155
2.83,12,85.702322
2.83,12,85.710721
2.83,12,85.718958
2.83,12,85.727258
2.83,12,85.735897
2.83,12,85.744159
2.83,12,85.753047
2.83,12,85.761421
2.83,12,85.769619
2.83,12,85.777853
0.36,14,85.787288
2.83,12,85.795675
2.83,12,85.803835
2.83,12,85.811978
2.83,12,85.820166
2.83,12,85.828548
2.83,12,85.836737
2.83,12,85.844879
2.83,12,85.85305
2.83,12,85.861267
2.83,12,85.869826
2.83,12,85.877987
2.83,12,85.886164
2.83,12,85.894379
2.83,12,85.902521
2.83,12,85.910747
2.83,12,85.918884
2.83,12,85.927226
2.83,12,85.935369
2.83,12,85.943508
2.83,12,85.951701
2.83,12,85.959811
2.83,12,85.967922
2.83,12,85.97613
2.83,12,85.984685
2.83,12,85.993559
2.83,12,86.003623
2.83,12,86.011924
0.27,18,86.023939
2.83,12,86.032144
2.83,12,86.040345
2.83,12,86.048502
2.83,12,86.056652
2.83,12,86.064756
2.83,12,86.081554
2.83,12,86.089861
2.83,12,86.098114
2.83,12,86.106411
2.83,14,86.115873
2.83,12,86.12424
2.83,12,86.132414
2.83,12,86.140603
2.83,12,86.14874
2.83,12,86.156965
2.83,12,86.165133
2.83,12,86.17377
2.83,12,86.181868
2.83,12,86.189947
2.83,12,86.198009
2.83,12,86.206023
2.83,12,86.214476
2.83,12,86.223708
2.83,12,86.231826
2.83,12,86.239908
2.83,12,86.24803
2.83,12,86.256197
2.83,12,86.264271
2.83,12,86.272541
2.83,12,86.287838
2.83,12,86.297086
2.83,12,86.305302
2.83,12,86.313384
2.83,12,86.321482
2.83,12,86.329965
2.83,12,86.338108
2.83,12,86.346222
2.83,12,86.354336
2.83,12,86.362493
2.83,12,86.370574
2.83,12,86.378838
2.83,12,86.388728
2.83,12,86.396983
2.83,12,86.405212
2.83,12,86.413342
2.83,12,87.382968
2.83,12,87.391347
2.83,12,87.399599
2.83,12,87.407758
2.83,12,87.415884
2.83,12,87.423995
2.83,12,87.432207
2.83,12,87.440316
2.83,12,87.44837
2.83,12,87.456842
2.83,12,87.465097
2.83,12,87.473136
2.83,12,87.481184
2.83,12,87.491485
2.83,12,87.503505
2.83,12,87.512961
2.83,12,87.521106
2.83,12,87.529325
2.83,12,87.539168
2.83,12,87.547752
2.83,12,87.555903
2.83,12,87.564052
2.83,12,87.572366
2.83,12,87.580623
2.83,12,87.588725
2.83,12,87.596994
2.83,12,87.605155
2.83,12,87.613272
2.83,12,87.624604
2.83,12,87.633107
2.83,12,87.641419
2.83,12,87.649755
2.83,12,87.658172
2.83,12,87.666628
2.83,12,87.675007
2.83,12,87.683576
2.83,12,87.692003
2.83,12,87.70075
2.83,12,87.709381
2.83,12,87.717595
2.83,12,87.725987
2.83,12,87.734437
2.83,12,87.742661
2.83,12,87.76157
2.83,12,87.769753
2.83,12,87.777987
2.83,12,87.786184
2.83,12,87.794915
2.83,14,87.804297
2.83,12,87.812483
2.83,12,87.820601
2.83,12,87.828968
2.79,12,87.837327
2.83,12,87.845649
2.83,12,87.853839
2.83,12,87.862021
2.83,12,87.87023
2.83,12,87.878406
2.83,12,87.886611
2.83,12,87.894835
2.83,12,87.902964
2.83,12,87.911263
2.83,12,87.919463
2.83,12,87.928107
2.83,12,87.936277
2.83,12,87.944452
2.83,12,87.952638
2.83,12,87.965513
2.83,12,87.974179
2.83,12,87.982656
2.83,12,87.991033
2.83,12,87.99937
2.83,12,88.008152
2.83,12,88.01684
2.83,12,88.026232
2.83,12,88.03617
2.83,14,88.045589
2.83,12,88.053848
2.83,12,88.062047
2.83,12,88.070215
2.83,12,88.078367
2.83,12,88.086582
2.83,12,88.095206
2.83,12,88.103372
2.83,12,88.111654
2.83,12,88.119838
2.83,12,88.12837
2.83,12,88.136992
2.83,12,88.145243
2.83,12,88.153472
2.83,12,88.161613
2.83,12,88.16979
2.83,12,88.177989
2.83,12,88.186253
2.83,12,88.194377
2.83,12,88.203126
2.83,12,88.211303
2.83,12,88.219482
2.83,12,88.228182
2.83,12,88.236713
2.83,12,88.244907
2.83,12,88.253113
2.83,12,88.261252
2.83,12,88.269365
2.83,12,88.277515
2.83,12,88.285784
2.83,12,88.294008
2.83,12,88.303335
2.83,12,88.314212
2.83,12,88.32237
2.83,12,88.330732
2.83,12,88.338872
2.83,12,88.346976
2.83,12,88.355229
2.83,12,88.363666
2.83,12,88.372146
2.83,12,88.381312
0.31,16,88.395381
2.83,12,88.403731
2.83,12,88.412463
2.83,12,88.420884
2.83,12,88.429144
2.83,12,88.438701
2.83,12,88.447932
2.83,12,88.456389
0.3,18,88.478499
2.83,12,88.486954
2.83,12,88.495763
2.83,12,88.503955
2.83,12,88.5153
2.83,12,88.527427
2.83,12,88.536586
2.83,12,88.544859
2.83,12,88.553156
2.83,12,88.561405
2.83,14,88.570913
2.83,12,88.579498
2.83,12,88.587753
2.83,12,88.596887
2.83,12,88.605208
2.83,12,88.613482
2.83,12,88.624092
2.83,12,88.632342
2.83,14,88.641822
2.83,12,88.64998
2.83,12,88.658227
2.83,12,88.666455
2.83,12,88.674694
2.83,12,88.687269
2.83,12,88.695877
2.83,12,88.704197
2.83,12,88.712561
2.83,12,88.720943
2.83,12,88.729513
2.83,12,88.737806
2.83,12,88.746113
0.3,18,88.759244
2.83,12,88.767498
2.83,12,88.777892
2.83,12,88.786622
2.83,12,88.795014
2.83,12,88.803236
2.83,12,88.811487
2.83,12,88.819715
2.83,12,88.828153
2.83,12,88.836471
2.83,12,88.844698
2.83,12,88.853349
2.83,12,88.861586
2.83,12,89.876525
2.83,12,89.884976
2.83,12,89.893096
2.83,12,89.901514
2.83,12,89.909562
2.83,12,89.917791
2.83,12,89.925992
2.83,12,89.934132
2.83,12,89.942144
2.83,12,89.950201
2.83,12,89.958282
2.83,12,89.966414
2.83,12,89.975155
2.83,12,89.983271
2.83,12,89.991474
2.83,12,89.99952
2.83,12,90.007587
2.83,12,90.015611
2.83,12,90.023739
2.83,12,90.031774
2.83,12,90.039806
2.83,12,90.047842
2.83,12,90.055914
2.83,12,90.063956
2.83,12,90.072096
2.83,12,90.080285
2.83,12,90.08836
2.83,12,90.09656
2.83,12,90.104612
2.83,12,90.112723
2.83,12,90.121505
2.83,12,90.130422
2.83,12,90.138725
2.83,12,90.146946
2.83,12,90.15528
2.83,12,90.163554
2.83,12,90.172322
2.83,12,90.181194
2.83,12,90.189629
2.83,12,90.210831
2.83,12,90.219301
2.83,12,90.227521
2.83,12,90.235774
2.83,12,90.244215
2.83,12,90.252348
2.83,12,90.260644
2.83,12,90.26872
2.83,12,90.276825
2.83,12,90.284865
2.83,12,90.292918
2.83,12,90.300915
2.83,12,90.309082
2.83,12,90.317078
2.83,12,90.32515
2.83,12,90.333149
2.83,12,90.341187
2.83,12,90.349197
2.83,12,90.357233
2.83,12,90.365242
2.83,12,90.373234
2.83,12,90.382001
2.83,12,90.390288
2.83,12,90.398302
2.83,12,90.410331
2.83,12,90.41834
2.83,12,90.426271
2.83,12,90.434551
2.83,12,90.44252
2.83,12,90.450503
2.83,12,90.458734
2.83,12,90.466659
2.83,12,90.474732
2.83,12,90.48296
2.83,12,90.490958
2.83,12,90.498982
2.83,12,90.507252
2.83,12,90.515388
2.83,12,90.523657
2.83,12,90.534108
2.83,12,90.542647
2.83,12,90.550693
2.83,12,90.562297
0.31,30,90.585165
2.83,12,90.593254
2.83,12,90.601251
2.83,12,90.609678
2.83,12,90.617731
2.83,12,90.627908
2.83,12,90.635925
2.83,12,90.643894
2.83,12,90.651915
2.83,12,90.659926
2.83,12,90.667898
2.83,12,90.675909
2.83,12,90.684159
2.83,12,90.692183
2.83,12,90.700186
2.83,12,90.708207
2.83,12,90.716274
2.83,12,90.724453
2.83,12,90.73255
2.83,12,90.740558
2.83,12,90.748536
2.83,12,90.756534
2.83,12,90.765406
2.83,12,90.773511
2.83,12,90.781532
2.83,12,90.789656
2.83,12,90.797793
2.83,12,90.806135
2.83,12,90.818141
2.83,12,90.82643
2.83,12,90.834575
2.83,12,90.842613
2.83,12,90.850685
2.83,12,90.858763
2.83,12,90.867155
2.83,12,90.875267
2.83,12,90.883301
2.83,12,90.891301
2.83,12,90.899462
2.83,12,90.915307
2.83,12,90.923594
2.83,12,90.931688
2.83,12,90.939714
2.83,12,90.947732
2.83,12,90.955816
2.83,12,90.96384
2.83,12,90.971857
2.83,12,90.979876
2.83,12,90.988109
2.83,12,90.996191
2.83,12,91.004244
2.83,12,91.012304
2.83,12,91.020805
2.83,12,91.029565
2.83,12,91.037925
2.83,12,91.04627
2.83,12,91.054665
2.83,12,91.063231
2.83,12,91.071628
2.83,12,91.079973
2.83,12,91.088115
2.83,12,91.096248
2.83,12,91.104682
2.83,12,91.116294
2.83,12,91.124602
2.83,12,91.132724
2.83,12,91.140849
2.83,12,91.148894
2.83,12,91.157191
2.83,12,91.165561
2.83,12,91.173569
2.83,12,91.181563
2.83,12,91.189547
2.83,12,91.197597
2.83,12,91.205935
2.83,12,91.214204
2.83,12,91.222615
2.83,12,91.231201
2.83,12,91.239784
2.83,12,91.248394
2.83,12,91.256955
2.83,12,91.265252
2.83,12,91.273496
2.83,12,91.281881
2.83,12,91.290102
2.83,12,91.29823
2.83,12,91.306363
2.83,12,92.293225
2.83,12,92.301584
2.83,12,92.314425
2.83,12,92.322893
2.83,12,92.331244
2.83,12,92.339618
2.83,12,92.348011
2.83,12,92.356462
2.83,12,92.364757
2.83,12,92.373565
2.83,12,92.382689
2.83,12,92.391415
2.83,12,92.399799
2.83,12,92.408126
2.83,12,92.416555
2.83,12,92.424895
2.83,12,92.433302
2.83,12,92.441603
2.83,12,92.449942
2.79,12,92.458527
2.83,12,92.466882
2.83,12,92.475255
2.83,12,92.483615
2.83,12,92.492244
2.83,12,92.50064
2.83,12,92.509139
2.83,12,92.517691
2.83,12,92.526139
2.83,12,92.534494
2.83,12,92.545675
2.83,12,92.55428
2.83,12,92.562711
2.83,12,92.571113
2.83,12,92.579595
2.83,12,92.588011
2.83,12,92.613789
2.83,12,92.626114
2.83,12,92.634467
2.83,12,92.64275
2.83,12,92.651018
2.83,12,92.659425
2.83,12,92.667694
2.83,12,92.6761
2.83,12,92.684411
2.83,12,92.693229
2.83,12,92.701586
2.83,12,92.709929
2.83,12,92.718274
2.83,12,92.726938
2.83,12,92.735483
2.83,12,92.74436
2.83,12,92.752833
2.79,12,92.761229
2.83,12,92.771
2.79,12,92.779876
2.83,12,92.78922
2.83,12,92.797879
0.35,14,92.812733
2.83,12,92.821165
2.83,12,92.82953
2.83,12,92.837904
2.83,12,92.846375
2.83,12,92.854753
2.83,12,92.863451
2.83,12,92.871764
2.79,12,92.88049
2.83,12,92.888918
2.83,12,92.897583
2.83,12,92.906401
2.83,12,92.915453
2.83,12,92.92415
2.83,12,92.932535
2.83,12,92.94074
2.83,12,92.949127
2.83,12,92.957458
2.83,12,92.965704
2.83,12,92.974478
2.83,12,92.987458
2.83,12,93.000756
2.83,12,93.015143
2.83,12,93.028457
2.83,12,93.03671
2.83,12,93.044852
2.83,12,93.052967
2.83,12,93.061219
2.83,12,93.070333
2.83,12,93.078717
2.83,12,93.090013
2.83,12,93.102551
2.83,12,93.111001
2.83,12,93.119644
2.83,12,93.128398
2.83,12,93.136805
2.79,12,93.14511
2.83,12,93.153422
2.83,12,93.161763
2.83,12,93.169991
2.83,12,93.178281
2.83,12,93.186556
2.79,12,93.195421
2.79,12,93.205224
2.83,12,93.220957
2.83,12,93.230816
2.83,12,93.239389
2.83,12,93.24773
2.79,12,93.256359
2.83,12,93.264889
2.83,12,93.273283
2.83,12,93.281489
2.83,12,93.289722
2.83,12,93.297893
2.83,12,93.306038
2.83,12,93.314461
2.83,12,93.322844
2.83,12,93.331036
2.83,12,93.339216
2.83,12,93.347408
2.83,12,93.355589
2.83,12,93.375274
2.83,12,93.384343
2.83,12,93.392922
2.83,12,93.401127
2.83,12,93.409297
2.83,12,93.41774
2.83,12,93.425895
2.83,12,93.434217
2.83,12,93.442411
2.83,12,93.450562
2.83,12,93.459154
2.83,12,93.467321
2.83,12,93.47537
2.83,12,93.483425
2.79,14,93.493177
2.83,12,93.503041
2.83,12,93.511349
2.83,12,93.519771
2.83,12,93.528009
2.83,12,93.536148
2.83,12,93.544273
2.83,12,93.552369
2.83,12,93.560464
2.83,12,93.568637
2.83,12,93.581237
2.83,12,93.589472
2.83,12,93.597637
2.83,12,93.605875
2.83,12,93.61423
2.83,12,93.626863
2.83,12,93.639333
2.83,12,93.648762
2.83,12,93.657088
2.83,12,93.665355
2.83,12,93.673477
2.83,12,93.681611
2.83,12,93.689877
2.83,12,93.697985
2.83,12,93.706121
2.83,12,93.714375
2.83,12,93.722435
2.83,12,93.730932
2.83,12,93.739124
2.83,12,93.747189
2.83,12,93.755315
2.83,12,93.763761
2.83,12,93.773873
2.83,12,93.782564
2.79,12,93.790991
2.83,12,93.799683
2.83,12,93.807789
2.83,12,93.816266
2.83,12,93.824272
2.83,12,94.775093
2.83,12,94.784145
2.83,12,94.792558
2.83,12,94.801037
2.83,12,94.809345
2.83,12,94.817635
2.83,12,94.826797
2.83,12,94.836536
2.83,12,94.844723
2.83,12,94.852967
2.83,12,94.861716
2.83,12,94.869965
2.83,12,94.878246
2.83,12,94.886936
2.83,12,94.895162
2.83,12,94.903371
2.83,12,94.911611
2.83,12,94.919871
2.83,12,94.92884
2.83,12,94.937574
2.83,12,94.945843
2.83,12,94.954155
2.83,12,94.962384
2.83,12,94.970656
2.83,12,94.979614
2.83,12,94.987782
2.83,12,94.996003
2.83,12,95.004224
2.83,12,95.012438
2.83,12,95.020936
2.83,12,95.037706
2.83,12,95.045837
2.83,12,95.053964
2.83,14,95.063295
2.83,12,95.071478
2.83,12,95.079674
2.83,12,95.088208
2.83,12,95.09715
2.83,12,95.105532
2.83,12,95.114269
2.83,12,95.122736
2.83,12,95.131099
2.83,12,95.13967
2.83,12,95.147961
2.83,12,95.156219
2.83,12,95.164415
2.83,12,95.17316
2.83,12,95.181455
2.83,12,95.189824
2.83,12,95.198474
2.83,12,95.207102
2.83,12,95.215284
2.83,12,95.223509
2.83,12,95.231573
2.83,12,95.244508
2.83,12,95.252738
2.83,12,95.260839
2.83,12,95.268952
2.83,12,95.277114
2.83,12,95.285182
2.83,12,95.293655
2.83,12,95.302251
2.83,12,95.31052
2.83,12,95.322254
2.83,12,95.330657
2.83,12,95.338853
2.83,12,95.347012
2.83,12,95.355276
2.83,12,95.364277
2.83,12,95.372709
2.83,12,95.382045
2.83,12,95.390852
2.83,12,95.398966
2.79,12,95.40749
0.32,16,95.41833
2.83,12,95.426548
2.83,12,95.434834
2.83,12,95.44304
2.83,12,95.451177
2.83,12,95.459867
2.83,12,95.468088
2.83,12,95.47612
2.83,12,95.484089
2.83,12,95.492371
2.83,12,95.500353
2.83,12,95.508354
2.83,12,95.51642
2.83,12,95.524681
2.79,12,95.535247
2.83,12,95.543715
2.83,12,95.551749
2.83,12,95.559763
2.83,12,95.56777
2.83,12,95.57584
2.83,12,95.583918
2.83,12,95.591983
2.83,12,95.600024
2.83,12,95.608282
2.83,12,95.61662
2.83,12,95.627004
2.83,12,95.635105
2.83,12,95.643039
2.83,12,95.651024
2.83,12,95.659046
2.83,12,95.669781
2.83,12,95.682123
2.83,12,95.691231
2.83,12,95.699429
2.83,12,95.707638
2.83,12,95.71588
2.83,12,95.724227
2.83,12,95.732646
2.83,12,95.740887
2.83,12,95.757043
2.83,12,95.765376
2.83,12,95.774582
2.83,12,95.785658
2.83,12,95.798938
2.83,12,95.807224
2.83,12,95.815487
2.83,12,95.823787
2.83,12,95.833438
2.83,12,95.843537
2.83,12,95.851764
2.83,12,95.859915
2.83,12,95.868103
2.83,12,95.876269
2.83,12,95.884404
2.83,12,95.893124
2.83,12,95.901247
2.83,12,95.909386
2.83,12,95.917857
2.83,12,95.926166
2.79,12,95.934666
2.83,12,95.942906
2.83,12,95.951144
2.83,12,95.962936
2.83,12,95.971159
2.83,12,95.979339
2.83,12,95.987524
2.83,12,95.995777
2.83,12,96.003907
2.83,12,96.012485
2.79,12,96.020641
2.83,12,96.028868
2.83,12,96.037051
2.83,12,96.04544
2.83,12,96.053603
2.83,12,96.061731
2.83,12,96.07016
2.83,12,96.078404
2.83,12,96.086554
2.83,12,96.094772
2.83,12,96.102879
2.83,12,96.111636
2.83,12,96.120418
2.83,12,96.128908
0.36,14,96.138469
2.83,12,96.14653
2.83,12,96.154628
2.83,12,96.162829
2.83,12,96.170848
2.83,12,96.179364
2.83,12,96.187676
2.83,12,96.195867
2.83,12,96.204049
2.83,12,96.212215
2.83,12,96.223226
2.83,12,96.231335
2.83,12,96.239455
2.83,12,97.205985
2.83,12,97.214326
2.83,12,97.222631
2.83,12,97.230804
2.83,12,97.239087
2.83,12,97.247386
2.83,12,97.25567
2.83,12,97.263855
2.83,12,97.272099
2.83,12,97.280829
2.83,12,97.289861
2.83,12,97.298471
2.83,12,97.306819
2.83,12,97.315154
2.83,12,97.323461
2.83,12,97.33194
2.83,12,97.340153
2.83,12,97.348624
2.83,12,97.356967
2.83,12,97.365434
2.83,12,97.37399
2.83,12,97.382874
2.83,12,97.391729
2.83,12,97.400161
2.83,12,97.40896
2.83,12,97.417725
2.83,12,97.440188
2.83,12,97.448495
2.83,12,97.456662
2.83,12,97.465333
2.83,12,97.473459
2.83,12,97.481734
2.83,12,97.489889
2.83,12,97.497993
2.83,12,97.506104
2.83,12,97.514433
2.83,12,97.522543
2.83,12,97.530939
2.83,12,97.539186
2.83,12,97.54729
2.83,12,97.555588
2.83,12,97.563782
2.83,12,97.571906
2.83,12,97.580148
2.83,12,97.588287
2.83,12,97.596478
2.83,12,97.604889
2.83,12,97.61301
2.83,12,97.622949
2.83,12,97.631661
2.83,12,97.642459
2.83,12,97.651404
2.83,12,97.659569
2.83,12,97.671214
2.83,12,97.679468
2.83,12,97.68762
2.83,12,97.695783
2.83,12,97.704033
2.79,12,97.715805
2.83,12,97.72787
2.83,12,97.736645
2.83,12,97.744842
2.83,12,97.753039
2.83,12,97.761166
2.83,12,97.769301
2.83,12,97.778453
2.83,12,97.786772
2.83,12,97.795197
2.83,12,97.803373
2.83,12,97.811734
2.83,12,97.819889
2.83,12,97.828274
2.83,12,97.836442
2.83,12,97.844593
2.83,12,97.852792
2.83,12,97.861937
2.83,12,97.870398
2.83,12,97.878667
2.83,12,97.886827
2.83,12,97.895039
2.83,12,97.903474
2.83,12,97.911675
2.83,12,97.919816
2.83,12,97.928277
2.83,12,97.936535
2.83,12,97.944708
2.83,12,97.952899
2.83,12,97.961125
2.83,12,97.969632
2.83,12,97.97786
2.83,12,97.988447
2.83,12,97.996988
2.83,12,98.005183
2.83,12,98.013337
2.83,12,98.021549
2.83,12,98.030174
2.83,12,98.038325
2.83,12,98.04648
2.83,14,98.056522
2.83,12,98.065157
2.83,12,98.073586
2.83,12,98.081722
2.83,12,98.089773
2.83,12,98.097768
2.83,12,98.105785
2.83,12,98.113992
2.83,12,98.122047
2.83,12,98.130432
2.83,12,98.138498
2.83,12,98.155098
2.83,12,98.163186
2.83,12,98.171219
2.83,12,98.179272
2.83,12,98.187715
2.83,12,98.195808
2.83,12,98.203984
2.83,12,98.21205
2.83,12,98.220044
0.31,20,98.233115
2.83,12,98.241106
2.83,12,98.249466
2.83,12,98.257552
2.83,12,98.265555
2.83,12,98.273606
2.83,12,98.282583
2.83,12,98.295921
2.83,12,98.304102
2.83,12,98.312148
2.83,12,98.320198
2.83,12,98.333671
2.83,12,98.341695
2.83,12,98.349646
2.83,12,98.361837
2.83,12,98.37024
2.83,12,98.378606
2.83,12,98.387437
2.83,12,98.395537
2.83,12,98.403579
2.83,12,98.411675
2.83,12,98.419693
2.83,12,98.427811
2.83,12,98.436
2.83,12,98.444028
2.83,12,98.452142
2.83,12,98.460429
2.83,12,98.468445
2.83,12,98.476466
2.83,12,98.484435
2.83,12,98.492451
2.83,12,98.502832
2.83,12,98.510771
2.83,12,98.518829
2.83,12,98.526975
2.83,12,98.535208
2.83,12,98.543537
2.83,12,98.55169
2.83,12,98.559689
2.83,12,98.56776
2.79,12,98.575863
2.83,12,98.583902
2.83,12,98.591974
2.83,12,98.600006
2.83,12,98.608028
2.83,12,98.617273
2.83,12,98.627368
2.83,12,98.635335
2.83,12,98.643281
2.83,12,98.651371
2.83,12,98.659312
2.83,12,99.614015
2.83,12,99.624206
2.83,12,99.632244
2.83,12,99.640209
2.83,12,99.648189
2.83,12,99.656323
2.83,12,99.664547
2.83,12,99.672568
2.83,12,99.680556
2.83,12,99.688557
2.83,12,99.696595
2.83,12,99.704662
2.83,12,99.712624
2.83,12,99.720696
2.83,12,99.728818
2.83,12,99.737181
2.83,12,99.74521
2.83,12,99.756161
2.83,12,99.767673
2.83,12,99.775887
2.83,12,99.784814
2.83,12,99.792908
2.83,12,99.801151
2.83,12,99.817956
0.23,32,99.840005
2.83,12,99.848114
2.83,12,99.85625
2.83,12,99.864322
2.83,12,99.872412
2.83,12,99.88052
2.83,12,99.888642
2.83,12,99.89671
2.83,12,99.904734
2.83,12,99.912806
2.83,12,99.920851
2.83,12,99.928929
2.83,12,99.937133
2.83,12,99.945176
2.83,12,99.953424
2.83,12,99.961488
2.83,12,99.969572
2.83,12,99.977687
2.83,12,99.986412
2.83,12,99.994442
2.83,12,100.002692
2.83,12,100.010693
2.83,12,100.023152
2.83,12,100.03124
2.83,12,100.039869
2.83,12,100.048587
2.83,12,100.056794
2.83,12,100.065218
2.83,12,100.073494
2.83,12,100.081639
2.83,12,100.089745
2.83,12,100.097875
2.83,12,100.105973
2.83,12,100.114679
2.83,12,100.123276
2.83,12,100.134678
2.83,12,100.144459
2.83,12,100.152789
2.83,12,100.161047
2.83,12,100.169314
2.83,12,100.177582
2.83,12,100.185767
2.83,12,100.193936
2.83,12,100.20218
2.83,12,100.210366
2.83,12,100.21856
2.83,12,100.226778
2.83,12,100.234927
2.83,12,100.24324
2.83,12,100.251367
2.83,12,100.259518
2.83,12,100.271097
2.83,12,100.27959
2.83,12,100.287903
2.83,12,100.296204
2.83,12,100.30461
2.83,12,100.313234
2.83,12,100.321508
2.83,12,100.329715
2.83,12,100.338497
2.83,12,100.346751
2.83,12,100.354914
2.83,12,100.36325
2.83,12,100.371581
2.83,12,100.38039
2.83,12,100.388896
2.83,12,100.397485
2.83,12,100.405771
2.83,12,100.413918
2.83,12,100.422145
2.83,12,100.43041
2.83,12,100.438862
2.83,12,100.447349
2.83,12,100.45599
2.83,12,100.464695
2.83,12,100.473291
2.83,12,100.481476
2.83,12,100.489643
2.83,12,100.498283
2.83,12,100.506613
2.83,12,100.515551
2.83,12,100.531755
2.83,12,100.540909
2.83,12,100.549209
2.83,12,100.557495
2.83,12,100.565656
2.83,12,100.573831
2.83,12,100.582497
2.83,12,100.590678
2.83,12,100.599199
2.83,12,100.608145
2.83,12,100.616504
2.83,12,100.627021
2.83,12,100.635193
2.83,12,100.643268
2.83,12,100.651464
2.83,12,100.659601
2.83,12,100.667762
2.83,12,100.676024
2.83,12,100.684152
2.83,12,100.692299
2.83,12,100.700397
2.83,12,100.708512
2.83,12,100.716699
2.83,12,100.725006
2.83,12,100.737004
2.83,12,100.745148
2.83,12,100.75329
2.83,12,100.761394
2.83,12,100.771209
2.83,12,100.783277
0.18,32,100.807554
2.83,12,100.815752
2.83,12,100.823951
2.83,12,100.832091
2.83,12,100.840142
2.83,12,100.848207
2.83,12,100.856312
2.83,12,100.864392
2.83,12,100.872484
2.83,12,100.88055
2.83,12,100.888691
2.83,12,100.896766
2.83,12,100.905053
2.83,12,100.91319
2.83,12,100.921335
2.83,12,100.929526
0.36,14,100.939023
2.83,12,100.947154
2.83,12,100.955225
2.83,12,100.963303
2.83,12,100.971369
2.83,12,100.979472
2.83,12,100.987705
2.83,12,100.995896
2.83,12,101.004177
2.83,12,101.015902
2.83,12,101.024155
2.83,12,101.032257
2.83,12,101.040681
2.83,12,101.048743
2.83,12,101.059601


