#{"t_start": 1663430477.823229, "env_id": "SizeThreeSimpleGridRoadEnv-v0"}
r,l,t
0.3,22,0.024071
0.3,14,0.034085
0.21,30,0.053929
0.26,18,0.066222
0.35,18,0.078066
0.35,22,0.097856
0.22,20,0.114254
0.29,24,0.131088
0.34,18,0.144904
0.3,16,0.157164
0.2,22,0.171448
0.2,32,0.193105
0.28,20,0.206169
0.24,20,0.220509
0.3,30,0.245921
0.25,22,0.262139
0.2,24,0.279262
0.24,16,0.29358
0.38,26,0.314602
0.21,22,0.332802
0.28,18,0.347648
0.29,14,0.359949
0.28,22,0.378185
0.3,16,0.39183
0.2,26,0.420843
0.21,22,0.435594
0.25,20,0.448922
0.33,22,0.463657
0.21,20,0.477696
0.2,24,0.496095
0.26,28,0.518786
0.3,18,0.533956
0.36,16,0.547263
0.25,20,0.563085
0.38,26,0.581808
0.33,18,0.597028
0.3,20,0.61306
0.33,22,0.627719
0.28,14,0.637222
0.25,24,0.653601
0.28,22,0.668477
0.31,16,0.67912
0.29,18,0.690903
0.23,22,0.709269
0.21,16,0.720278
0.28,22,0.734662
0.3,18,0.746426
0.3,24,0.779365
0.28,18,0.79272
0.2,18,0.804939
0.25,24,0.825573
0.34,16,0.836597
0.28,18,0.848751
0.28,30,0.869151
0.27,16,0.880067
0.3,14,0.890113
0.25,14,0.899793
0.25,22,0.914178
0.33,16,0.924942
0.3,28,0.943115
0.4,20,0.956292
0.21,20,0.980274
0.25,16,0.991957
0.21,18,1.00409
0.25,26,1.021404
0.36,22,1.040588
0.25,28,1.058739
0.29,20,1.072005
0.27,22,1.086485
0.25,16,1.097193
0.26,16,1.109191
0.24,14,1.12287
0.26,14,1.134871
0.25,14,1.147099
0.26,22,1.161627
0.26,20,1.174836
0.16,32,1.19678
0.24,26,1.21359
0.29,32,1.238783
0.4,20,1.251808
0.25,19,1.264812
0.35,28,1.282844
0.24,16,1.293561
0.3,14,1.30309
0.25,28,1.321456
0.25,26,1.338531
0.23,16,1.349294
0.29,16,1.359955
0.24,24,1.375943
0.21,20,1.389607
0.25,18,1.408483
0.21,24,1.427087
0.25,16,1.439247
0.29,28,1.457886
0.21,28,1.475819
0.34,14,1.485152
0.23,16,1.50341
0.3,18,1.515203
0.25,20,1.530117
0.25,26,2.500864
0.31,18,2.516218
0.24,26,2.535594
0.33,14,2.545251
0.24,18,2.55733
0.31,20,2.571027
0.33,20,2.584053
0.22,18,2.59612
0.23,26,2.613434
0.27,14,2.622981
0.3,26,2.639661
0.25,18,2.651337
0.19,24,2.666834
0.25,18,2.678668
0.21,18,2.690449
0.23,22,2.704528
0.24,22,2.71892
0.24,22,2.733183
0.21,14,2.742528
0.36,14,2.751829
0.38,16,2.762324
0.25,24,2.778188
0.21,24,2.793727
0.28,24,2.809125
0.22,32,2.830957
0.26,16,2.841503
0.28,18,2.854199
0.33,20,2.8685
0.28,20,2.881489
0.26,14,2.89086
0.24,20,2.904458
0.32,14,2.913825
0.3,18,2.926927
0.26,28,2.945831
0.3,32,2.967675
0.21,22,2.982481
0.25,16,2.993917
0.26,16,3.004665
0.3,20,3.017892
0.21,22,3.036819
0.28,16,3.047616
0.28,20,3.060917
0.26,14,3.074597
0.25,18,3.088038
0.4,30,3.112883
0.31,22,3.127617
0.35,16,3.138443
0.23,20,3.163085
0.21,14,3.175338
0.23,22,3.190696
0.21,18,3.202777
0.26,32,3.227263
0.3,20,3.240657
0.27,14,3.251647
0.26,24,3.269187
0.29,14,3.278686
0.25,14,3.288031
0.33,20,3.301087
0.25,18,3.312937
0.24,14,3.322253
0.4,18,3.334184
0.23,18,3.346491
0.3,18,3.362107
0.25,28,3.380757
0.25,16,3.391376
0.28,32,3.41371
0.3,14,3.4231
0.25,24,3.438761
0.3,28,3.456811
0.25,14,3.466158
0.35,16,3.476682
0.25,26,3.493522
0.33,22,3.507808
0.23,22,3.522074
0.33,16,3.53278
0.34,14,3.542188
0.28,22,3.557584
0.26,22,3.573324
0.26,18,3.585105
0.28,20,3.598246
0.3,16,3.608905
0.25,18,3.625355
0.25,18,3.637683
0.25,22,3.651903
0.3,24,3.667517
0.3,18,3.680471
0.29,20,3.694223
0.29,22,3.708662
0.24,18,3.720824
0.26,28,3.741589
0.3,14,3.750891
0.26,20,3.763984
0.24,20,3.777
0.25,28,3.794886
0.28,24,3.810181
0.26,22,3.824266
0.23,16,3.834855
0.24,24,3.85919
0.2,14,3.870128
0.34,16,3.880898
0.29,14,3.890518
0.25,16,3.90125
0.35,22,5.036044
0.36,16,5.052996
0.24,20,5.073677
0.35,14,5.090483
0.34,14,5.108217
0.3,18,5.127553
0.35,14,5.142645
0.35,14,5.159186
0.25,18,5.178182
0.3,28,5.240545
0.3,18,5.258628
0.27,16,5.274294
0.3,14,5.288157
0.33,32,5.334375
0.29,24,5.359857
0.25,22,5.38165
0.28,20,5.402121
0.33,24,5.446603
0.25,18,5.470612
0.28,14,5.486129
0.24,20,5.507288
0.26,16,5.524751
0.27,14,5.545132
0.25,20,5.567547
0.28,28,5.597038
0.21,26,5.624732
0.23,32,5.67945
0.29,20,5.718436
0.4,28,5.744741
0.2,32,5.766237
0.25,20,5.779433
0.31,14,5.790593
0.33,18,5.803999
0.28,22,5.818993
0.4,20,5.833956
0.31,18,5.845864
0.2,32,5.868438
0.33,24,5.888262
0.38,18,5.900094
0.33,18,5.912482
0.3,16,5.923046
0.24,22,5.937711
0.26,16,5.948187
0.21,22,5.962446
0.27,20,5.97538
0.35,16,6.005157
0.28,14,6.01442
0.28,30,6.033269
0.25,28,6.051313
0.3,24,6.066721
0.4,26,6.083649
0.21,24,6.098982
0.3,22,6.113061
0.28,26,6.129862
0.21,18,6.141552
0.25,14,6.150838
0.4,22,6.164947
0.29,18,6.176795
0.27,16,6.191525
0.3,14,6.200858
0.33,14,6.210591
0.35,14,6.22513
0.25,22,6.246824
0.3,20,6.259829
0.27,18,6.271558
0.35,20,6.284514
0.25,18,6.296636
0.23,26,6.313121
0.23,28,6.330866
0.3,14,6.340201
0.29,32,6.361652
0.31,18,6.373747
0.31,16,6.384573
0.21,20,6.39758
0.25,26,6.414142
0.35,20,6.427387
0.3,20,6.44047
0.38,26,6.457148
0.3,24,6.47287
0.25,18,6.484644
0.23,22,6.499213
0.36,28,6.517037
0.29,16,6.52799
0.3,20,6.543031
0.31,14,6.552271
0.33,16,6.564601
0.24,22,6.581558
0.3,16,6.592056
0.29,18,6.603769
0.31,16,6.614701
0.25,22,6.630091
0.25,26,6.646807
0.34,14,6.656389
0.35,28,6.674073
0.25,16,6.705257
0.3,32,6.727387
0.26,18,6.740234
0.35,18,6.752831
0.35,20,6.76643
0.26,18,6.778678
0.27,18,6.790768
0.35,32,7.809513
0.26,20,7.822883
0.34,18,7.835082
0.3,14,7.844606
0.35,14,7.854101
0.35,32,7.876256
0.35,20,7.893242
0.2,16,7.904437
0.35,24,7.920136
0.25,16,7.930692
0.35,20,7.943728
0.28,16,7.954876
0.36,18,7.966723
0.29,26,7.984101
0.24,20,7.997489
0.29,14,8.006808
0.28,18,8.023195
0.26,32,8.044974
0.27,16,8.056162
0.36,14,8.066011
0.29,16,8.077419
0.25,18,8.089396
0.16,32,8.110661
0.24,18,8.122592
0.25,20,8.135749
0.3,26,8.152828
0.21,18,8.165111
0.3,24,8.182324
0.31,14,8.192248
0.29,16,8.202817
0.29,14,8.212436
0.29,20,8.228848
0.24,26,8.247507
0.3,18,8.263018
0.3,14,8.276717
0.29,20,8.291495
0.25,30,8.310762
0.27,16,8.321442
0.23,16,8.332152
0.28,26,8.348893
0.26,18,8.360892
0.33,24,8.376635
0.36,16,8.387259
0.25,18,8.418222
0.33,16,8.429049
0.35,20,8.442227
0.25,22,8.456668
0.32,16,8.468605
0.34,16,8.481476
0.34,18,8.493738
0.33,24,8.509453
0.28,18,8.521565
0.35,18,8.533689
0.25,16,8.544786
0.28,20,8.559777
0.29,32,8.585232
0.25,20,8.601651
0.35,14,8.611443
0.23,22,8.62695
0.3,14,8.636466
0.3,14,8.645842
0.2,32,8.667418
0.35,16,8.678045
0.28,18,8.689936
0.25,14,8.699255
0.25,24,8.714749
0.26,22,8.729305
0.36,20,8.742394
0.29,20,8.755538
0.35,14,8.765063
0.4,22,8.779308
0.25,22,8.798277
0.29,28,8.816443
0.33,18,8.828496
0.35,16,8.8392
0.32,16,8.849824
0.33,20,8.863232
0.3,24,8.882966
0.3,14,8.898088
0.25,14,8.909575
0.35,16,8.920423
0.25,30,8.94011
0.3,22,8.954309
0.28,22,8.969248
0.25,16,8.98008
0.3,16,8.991772
0.36,14,9.001807
0.27,18,9.013888
0.33,24,9.029543
0.27,18,9.041586
0.35,14,9.05102
0.35,20,9.064386
0.27,22,9.078912
0.24,14,9.088896
0.27,20,9.102656
0.26,26,9.138486
0.25,16,9.14902
0.29,18,9.160829
0.3,16,9.171384
0.27,14,9.180808
0.3,24,9.197532
0.36,14,9.206868
0.25,32,9.23033
0.35,18,9.242025
0.25,20,10.241526
0.3,24,10.260598
0.3,18,10.273568
0.3,16,10.285705
0.35,14,10.298082
0.25,16,10.316133
0.24,18,10.333523
0.29,18,10.349864
0.36,20,10.365274
0.35,26,10.383202
0.33,16,10.394184
0.25,14,10.403848
0.35,14,10.416267
0.3,14,10.426778
0.3,18,10.438838
0.35,14,10.448265
0.25,20,10.461471
0.35,18,10.47352
0.36,16,10.4842
0.3,18,10.496113
0.35,16,10.506785
0.3,14,10.516239
0.21,14,10.525632
0.31,18,10.537905
0.25,14,10.547256
0.29,18,10.559113
0.4,30,10.578588
0.3,30,10.598601
0.28,22,10.613588
0.25,26,10.632167
0.25,20,10.645325
0.31,14,10.656516
0.31,16,10.667671
0.27,20,10.680733
0.35,14,10.690243
0.33,16,10.700709
0.25,16,10.711194
0.4,24,10.727423
0.38,26,10.744214
0.29,18,10.756027
0.3,18,10.767768
0.3,20,10.780854
0.33,20,10.794971
0.29,16,10.805586
0.35,20,10.837626
0.33,26,10.854153
0.36,14,10.86344
0.36,14,10.87264
0.36,16,10.883039
0.35,32,10.910067
0.25,16,10.92059
0.31,24,10.936038
0.28,24,10.951314
0.27,22,10.966015
0.4,24,10.981461
0.25,14,10.991563
0.36,16,11.002228
0.33,20,11.015455
0.21,16,11.029562
0.23,14,11.038858
0.3,24,11.054284
0.27,16,11.06487
0.3,14,11.074119
0.33,18,11.085896
0.38,14,11.095261
0.27,26,11.111911
0.3,18,11.123672
0.33,26,11.140213
0.3,24,11.1558
0.29,22,11.169939
0.33,20,11.184072
0.33,14,11.193442
0.35,16,11.204231
0.3,28,11.222519
0.27,14,11.236622
0.33,20,11.251823
0.32,14,11.261286
0.35,16,11.272235
0.33,14,11.283372
0.3,20,11.296893
0.3,14,11.306454
0.35,14,11.316836
0.27,24,11.335392
0.35,16,11.350641
0.31,22,11.365031
0.25,16,11.375607
0.27,14,11.384963
0.33,16,11.39552
0.35,26,11.412288
0.3,16,11.422983
0.33,18,11.434813
0.36,14,11.444099
0.3,14,11.453328
0.31,26,11.470219
0.3,16,11.480809
0.36,16,11.491246
0.38,24,11.506862
0.34,16,11.517464
0.33,16,11.547942
0.27,32,11.570154
0.31,16,11.580842
0.3,22,11.595095
0.3,14,11.604422
0.35,18,11.616276
0.36,14,11.625592
0.25,20,11.639959
0.3,32,11.661281
0.35,16,11.672008
0.35,24,11.687574
0.33,16,11.698108
0.25,18,12.670098
0.31,28,12.688189
0.31,14,12.698082
0.3,20,12.711533
0.34,20,12.725176
0.4,28,12.743394
0.33,26,12.76019
0.35,26,12.776834
0.29,14,12.786109
0.25,24,12.801515
0.28,16,12.812071
0.3,28,12.830981
2.79,14,12.840445
0.35,24,12.856408
0.29,14,12.866054
0.34,18,12.877852
0.33,20,12.891239
0.28,16,12.901992
0.34,16,12.913111
0.33,24,12.929221
0.27,18,12.941193
0.4,20,12.954093
0.3,18,12.965871
0.25,20,12.978763
0.36,14,12.989005
0.33,16,12.999685
0.29,20,13.015751
0.3,18,13.027541
0.3,18,13.039312
0.4,16,13.05124
0.34,16,13.061992
0.33,28,13.079695
0.27,22,13.093692
0.23,20,13.107134
0.36,16,13.117584
0.24,22,13.131691
0.27,14,13.141094
0.28,22,13.155201
0.34,16,13.184056
0.29,16,13.194827
0.33,16,13.205317
0.25,16,13.21602
0.35,18,13.230454
0.33,28,13.248287
0.35,16,13.258885
0.27,16,13.269747
0.3,20,13.282695
0.35,22,13.296977
0.3,18,13.308991
0.33,16,13.319471
0.35,24,13.335226
0.35,32,13.356413
0.28,28,13.378727
0.35,16,13.39572
0.25,18,13.40819
0.25,14,13.417665
0.35,20,13.430823
0.3,18,13.44259
0.33,16,13.453016
0.35,22,13.467481
0.4,28,13.485307
0.36,14,13.494608
0.27,20,13.508038
0.35,24,13.523423
0.3,16,13.534159
0.34,16,13.544653
0.33,18,13.556307
0.36,16,13.566816
0.3,22,13.580982
0.33,24,13.596397
0.35,18,13.608426
0.33,26,13.625541
0.28,16,13.636731
0.33,20,13.649909
0.35,14,13.659216
0.35,16,13.669997
0.33,24,13.68597
0.34,18,13.699511
0.27,18,13.71121
0.4,20,13.725798
0.34,22,13.740916
0.3,20,13.754212
0.35,14,13.764007
0.28,16,13.774843
0.33,20,13.788084
0.25,18,13.800241
0.3,30,13.819812
0.3,14,13.829433
0.35,14,13.838973
0.33,24,13.855245
0.38,26,13.893835
0.36,18,13.905783
0.36,14,13.922675
0.3,20,13.935998
0.33,26,13.952802
0.23,14,13.962167
0.31,26,13.979327
0.28,24,13.995832
0.35,16,14.006387
0.33,18,14.018455
0.29,22,14.03267
0.25,16,14.04334
0.33,16,14.053878
0.35,16,14.064579
0.36,20,14.081917
0.34,16,15.09054
0.3,22,15.104805
0.25,16,15.115891
0.35,14,15.125296
0.4,28,15.145623
0.3,18,15.157583
0.25,22,15.171687
0.35,14,15.181145
0.38,14,15.190493
0.33,18,15.202309
0.35,14,15.211639
0.3,18,15.225744
0.35,14,15.23512
0.33,20,15.248084
0.33,18,15.25992
0.3,28,15.277828
0.31,16,15.288417
0.25,18,15.300198
0.33,28,15.318118
0.33,16,15.32885
0.33,18,15.340674
0.35,22,15.355677
0.29,22,15.369951
0.34,18,15.382076
0.32,16,15.392648
0.35,16,15.40344
0.3,32,15.425467
0.4,18,15.439175
0.34,18,15.456243
0.36,14,15.465743
0.24,32,15.48672
0.35,14,15.496085
0.4,14,15.505439
0.35,26,15.522019
0.3,24,15.537708
0.27,18,15.549425
0.3,16,15.559835
0.28,16,15.577678
0.35,18,15.589423
0.29,14,15.598678
0.3,16,15.609104
0.3,18,15.62083
0.28,18,15.636554
0.24,20,15.651163
0.33,26,15.668604
0.36,16,15.679492
0.35,14,15.688813
0.25,16,15.699496
0.24,22,15.714978
0.35,16,15.726225
0.29,22,15.741329
0.33,26,15.758003
0.3,16,15.768457
0.35,14,15.77776
0.36,16,15.788271
0.3,24,15.803671
0.29,14,15.812937
0.27,14,15.822321
0.33,16,15.833294
0.36,18,15.845709
0.3,20,15.859171
0.29,24,15.87497
0.34,16,15.885764
0.3,14,15.895858
0.33,32,15.918523
0.3,18,15.930268
0.35,14,15.940876
0.36,16,15.951814
0.25,26,15.972009
0.35,14,15.981418
0.27,16,15.99285
0.3,16,16.003463
0.33,30,16.02879
0.3,18,16.04064
0.4,26,16.057865
0.35,20,16.072647
0.3,16,16.083232
0.3,30,16.10233
0.33,14,16.111595
0.28,16,16.126126
0.35,32,16.148022
0.4,18,16.160166
0.35,22,16.174587
0.24,24,16.190425
0.35,14,16.199898
0.3,26,16.216667
0.4,14,16.22916
0.25,16,16.239889
0.24,18,16.251701
0.23,20,16.271846
0.34,16,16.282992
0.4,16,16.293757
0.28,32,16.315233
0.36,16,16.326251
0.34,16,16.337328
0.28,14,16.346676
0.4,26,16.367275
0.38,16,16.380455
0.28,14,16.391567
0.25,14,16.401003
0.28,16,16.41153
0.34,18,16.423429
0.34,16,16.434098
0.35,32,16.456164
0.25,18,16.473458
0.34,16,16.484849
0.3,16,16.495471
0.23,18,16.507445
0.3,22,17.48571
0.34,22,17.503748
0.35,32,17.526129
0.33,26,17.543429
0.34,16,17.554085
0.34,14,17.563611
0.35,16,17.574404
0.33,20,17.587552
0.4,14,17.597052
0.28,22,17.611436
0.38,26,17.628588
0.3,14,17.638003
0.33,18,17.650752
0.3,16,17.66153
0.33,16,17.672484
0.33,20,17.685672
0.29,14,17.695508
0.36,18,17.707372
0.3,32,17.731678
0.33,20,17.746284
0.36,18,17.758531
0.36,14,17.767964
0.33,20,17.781847
0.29,20,17.795435
0.3,20,17.80865
0.28,20,17.822958
0.4,24,17.843389
0.34,24,17.858978
0.34,18,17.870905
0.4,20,17.884547
0.36,18,17.89662
0.35,20,17.909773
0.33,22,17.924232
0.29,14,17.946023
0.28,30,17.970078
0.33,16,17.981679
0.34,14,17.991965
0.3,16,18.002734
0.3,32,18.024132
0.3,16,18.035334
0.33,22,18.050122
0.24,28,18.068484
0.25,32,18.089874
0.3,24,18.105663
0.3,14,18.115192
0.3,28,18.134
0.36,22,18.152818
0.25,16,18.163567
0.3,32,18.185999
0.3,20,18.199197
0.31,20,18.21248
0.33,22,18.22978
0.4,24,18.245486
0.24,18,18.258238
0.35,16,18.269573
0.34,18,18.28177
0.35,20,18.297284
0.35,16,18.3081
0.36,16,18.318765
0.3,20,18.332029
0.33,26,18.353476
0.3,14,18.362887
0.38,14,18.372265
0.3,18,18.384459
0.24,20,18.401439
2.79,16,18.412023
0.36,14,18.421984
0.36,14,18.432577
0.33,18,18.445196
0.36,14,18.455661
0.35,16,18.467192
0.2,32,18.489215
0.35,16,18.503229
0.34,16,18.520292
0.33,20,18.536192
0.29,32,18.558154
0.36,22,18.572756
0.3,22,18.587296
0.28,20,18.600703
0.28,16,18.611375
0.29,18,18.62337
0.36,16,18.634303
0.35,14,18.643761
0.35,14,18.654719
0.36,14,18.685142
0.33,14,18.698791
0.35,14,18.708808
0.35,16,18.722076
0.35,22,18.74754
0.24,28,18.766024
0.36,20,18.779119
0.33,16,18.789796
0.3,20,18.80323
0.4,16,18.814112
0.34,16,18.824914
0.3,22,18.841094
0.35,16,18.852557
0.35,20,18.8658
0.2,32,18.888106
0.29,18,18.900916
0.36,16,18.911809
0.35,20,18.924903
0.3,22,18.93943
0.36,18,18.951297
0.36,16,19.912368
0.3,22,19.926623
0.28,16,19.941926
0.33,30,19.960822
0.28,20,19.97367
0.34,20,19.987323
0.38,26,20.004151
0.35,14,20.013427
0.33,22,20.027622
0.36,14,20.036913
0.35,14,20.046421
0.38,18,20.05807
0.35,14,20.067447
0.29,16,20.077959
0.36,16,20.088431
0.35,14,20.097667
0.36,14,20.106895
0.34,14,20.116248
0.34,18,20.128138
0.33,20,20.141189
0.3,18,20.153053
0.33,18,20.164797
0.35,16,20.175238
0.27,16,20.186303
0.3,14,20.195654
0.35,24,20.210918
0.4,16,20.221425
0.4,30,20.243458
0.31,16,20.254702
0.25,24,20.271199
0.4,20,20.284933
0.36,14,20.294446
0.34,14,20.303943
0.3,16,20.31462
0.33,20,20.347534
0.35,28,20.366151
0.3,22,20.380557
0.3,14,20.390153
0.38,14,20.399719
0.36,18,20.41148
0.35,20,20.424564
0.31,16,20.435547
0.34,14,20.444974
0.35,20,20.458088
0.35,16,20.468745
0.36,14,20.478089
0.4,32,20.499221
0.35,16,20.510036
2.79,12,20.518222
0.35,16,20.530619
0.29,20,20.550182
0.36,18,20.566198
0.35,16,20.577009
0.4,28,20.595138
0.3,32,20.617002
0.35,18,20.629185
0.34,22,20.644134
0.35,14,20.654719
0.36,16,20.665558
0.36,14,20.675084
0.36,16,20.685729
0.36,14,20.695202
0.36,20,20.70863
0.36,16,20.719258
0.33,22,20.733581
0.33,18,20.745317
0.33,20,20.758438
0.36,20,20.771451
0.35,18,20.783338
0.36,16,20.793858
0.29,20,20.806829
0.35,16,20.818753
0.35,18,20.83343
0.35,22,20.85448
0.36,14,20.864071
0.36,14,20.873593
0.36,14,20.885224
0.3,14,20.895141
0.36,14,20.904499
0.36,18,20.91626
0.33,16,20.926884
0.36,16,20.93781
0.3,14,20.947212
0.36,14,20.956603
0.35,14,20.965926
0.36,24,20.981412
0.29,16,20.992642
0.33,16,21.003223
0.36,14,21.012571
0.28,20,21.025584
0.36,16,21.054884
0.27,20,21.067915
0.35,18,21.079685
0.4,22,21.093871
0.4,16,21.104532
0.36,18,21.116246
0.29,14,21.125537
0.36,18,21.137243
0.38,20,21.150529
0.3,16,21.161072
0.35,14,21.170295
0.29,14,21.179775
0.36,14,21.189684
0.29,20,21.202785
0.3,32,21.225261
0.36,18,21.238623
2.79,12,21.250517
0.36,18,21.262471
0.4,18,21.274335
0.3,14,21.283772
0.34,14,21.293217
2.79,12,21.301436
2.79,14,21.310847
0.23,16,21.32151
0.35,22,21.336132
0.28,14,22.290692
0.34,14,22.300271
0.34,16,22.310956
0.36,14,22.320427
0.34,14,22.329914
0.24,22,22.344628
0.3,14,22.353867
0.36,16,22.364419
0.31,26,22.38111
0.36,14,22.390966
0.36,18,22.402835
0.25,16,22.413386
0.3,18,22.425401
0.36,16,22.436088
0.33,18,22.447896
0.35,16,22.458514
0.34,18,22.470249
0.3,20,22.483862
0.4,28,22.502688
0.33,28,22.521174
0.36,14,22.530932
0.36,14,22.540595
0.26,24,22.556332
0.33,16,22.566992
0.34,16,22.577644
0.24,14,22.589993
0.36,14,22.60316
0.36,20,22.616425
0.36,16,22.627287
0.34,18,22.639292
0.36,14,22.649187
0.36,16,22.661144
0.32,20,22.674201
0.36,16,22.704321
0.28,16,22.715094
0.36,16,22.725893
0.36,14,22.735507
0.36,16,22.746282
0.25,32,22.768546
0.35,14,22.778297
0.4,16,22.789001
0.35,18,22.80143
0.28,16,22.812072
0.33,16,22.82309
0.3,32,22.845221
0.36,20,22.85849
0.23,16,22.869199
0.33,14,22.8793
0.3,20,22.897115
0.35,14,22.906799
0.36,22,22.924149
0.36,16,22.934981
0.36,14,22.948797
0.36,20,22.962677
0.25,20,22.976667
0.36,14,22.986998
0.3,16,22.997964
0.35,14,23.00725
0.33,16,23.017809
0.29,14,23.027056
0.33,24,23.042744
0.31,14,23.052026
0.36,14,23.061174
0.36,16,23.071569
0.35,22,23.085588
0.33,26,23.102145
0.36,14,23.111379
0.23,20,23.124209
0.29,14,23.133401
0.36,18,23.145276
0.33,20,23.158278
0.36,20,23.171109
0.33,14,23.18041
0.3,16,23.190831
0.33,18,23.202427
0.4,32,23.22949
0.35,14,23.238926
0.36,14,23.248414
0.34,26,23.264803
0.4,18,23.276442
0.35,14,23.2861
2.83,12,23.294129
0.36,14,23.3034
0.33,22,23.317518
0.4,20,23.330462
0.36,16,23.340906
0.27,20,23.353774
0.33,14,23.363013
2.79,12,23.371014
0.36,16,23.399475
0.4,20,23.41249
0.33,16,23.42294
0.36,20,23.439756
0.36,18,23.451442
0.36,14,23.460686
0.33,14,23.469854
0.34,16,23.480253
0.35,16,23.490659
0.29,14,23.499876
0.36,14,23.509322
0.4,28,23.527104
0.34,16,23.537714
0.33,14,23.547188
2.79,18,23.561506
2.79,12,23.569512
0.36,14,23.578766
0.33,16,23.589229
0.36,14,23.598489
0.23,18,23.614371
0.33,20,23.630095
0.36,14,23.63946
0.35,16,23.649882
0.33,14,23.660035
0.35,14,23.669286
0.27,22,23.683293
0.3,14,23.692573
0.35,16,23.703053
0.36,16,23.714289
0.36,14,23.724113
0.36,14,24.687979
2.79,18,24.699851
0.36,16,24.710486
0.33,14,24.719816
0.28,28,24.737904
0.35,32,24.763386
0.36,20,24.776421
0.29,16,24.786925
0.36,18,24.798754
0.36,16,24.809822
0.36,18,24.821723
0.3,16,24.832721
2.79,12,24.840995
0.33,22,24.856191
0.36,14,24.865777
0.36,18,24.877538
0.36,14,24.886962
0.36,16,24.897813
0.36,18,24.909596
0.36,16,24.920119
0.33,22,24.934444
0.36,20,24.947338
2.79,14,24.95673
0.29,14,24.969488
0.33,18,24.981739
0.35,22,24.998795
2.83,16,25.009661
0.36,16,25.020432
0.36,14,25.029974
0.3,16,25.061094
0.36,14,25.070911
0.36,16,25.081921
0.35,18,25.097124
0.36,20,25.110507
0.36,14,25.120257
0.33,20,25.133718
0.29,14,25.143264
0.33,14,25.154756
0.36,20,25.172114
0.35,20,25.188901
0.34,16,25.199963
0.28,20,25.21344
0.33,16,25.226752
0.33,26,25.244193
0.36,14,25.25845
2.79,12,25.268063
0.33,30,25.29256
0.36,16,25.304843
0.35,16,25.315642
0.35,14,25.325053
0.3,18,25.337259
0.33,22,25.351878
0.36,16,25.363574
0.3,14,25.372914
0.33,28,25.39221
0.35,20,25.405728
0.36,14,25.415276
0.36,14,25.424784
0.27,16,25.435956
0.3,14,25.44559
0.25,22,25.461087
0.36,18,25.473028
0.32,28,25.496024
0.33,22,25.510724
0.36,14,25.520244
0.24,18,25.532316
0.33,22,25.549825
0.35,22,25.566597
0.35,16,25.578534
0.33,20,25.592244
0.36,14,25.601905
2.79,12,25.61012
0.34,18,25.624074
0.36,14,25.634202
0.3,14,25.647716
0.36,16,25.665374
0.23,16,25.677712
0.24,16,25.692076
2.83,24,25.709863
2.83,14,25.719975
0.23,18,25.732238
0.33,18,25.744558
0.35,14,25.754661
0.36,16,25.765914
0.36,14,25.775443
0.36,16,25.786268
0.36,14,25.795691
2.83,16,25.81656
0.3,16,25.827236
0.36,14,25.836654
0.31,18,25.848469
0.36,14,25.857809
0.36,14,25.86719
0.35,14,25.876592
0.33,22,25.891885
0.36,14,25.901539
0.28,32,25.923837
2.83,14,25.933599
0.33,28,25.951751
0.4,32,25.979334
2.83,16,25.991429
0.36,14,26.000925
0.35,14,26.015272
0.35,14,26.025388
0.28,24,26.041202
0.36,14,26.050645
0.33,16,26.061591
0.36,18,26.073483
0.33,16,26.084282
0.36,20,26.097536
0.33,20,26.11073
0.33,18,26.122693
0.36,24,26.13828
0.3,20,26.151759
0.36,14,26.161516
0.3,16,26.172127
0.36,14,27.144824
2.83,12,27.152918
0.24,14,27.16241
0.33,20,27.175777
0.4,32,27.198459
0.36,22,27.212998
2.83,12,27.221258
0.3,16,27.234466
0.25,18,27.246629
0.4,32,27.267955
0.33,16,27.278678
0.33,20,27.291863
0.36,14,27.301398
0.33,14,27.310759
2.79,12,27.31897
0.36,14,27.328527
0.36,14,27.338001
0.32,14,27.347425
0.33,32,27.368794
0.36,14,27.378391
0.36,16,27.389273
0.4,14,27.400697
0.35,24,27.418648
2.83,20,27.432168
0.36,16,27.443039
0.36,22,27.458231
0.36,16,27.489091
0.33,32,27.511089
2.79,12,27.519384
2.79,14,27.528963
0.4,18,27.541124
0.36,18,27.553238
0.35,32,27.574859
0.29,16,27.585665
0.35,18,27.597767
0.4,32,27.628996
0.36,14,27.643051
2.83,12,27.652652
0.36,16,27.663444
0.36,16,27.677858
0.36,18,27.6934
0.34,24,27.716773
0.33,22,27.731333
0.3,18,27.743519
0.36,16,27.754043
0.33,14,27.763579
0.28,16,27.779381
0.35,22,27.793567
0.33,16,27.804161
2.83,16,27.814744
0.36,16,27.825302
0.35,30,27.844488
0.36,14,27.853821
0.36,16,27.86505
0.33,20,27.878371
0.36,14,27.887741
2.83,12,27.895934
0.36,16,27.906443
0.36,14,27.91575
0.36,16,27.926243
0.36,18,27.94094
0.33,20,27.953928
0.4,22,27.968286
0.35,14,27.977672
2.79,12,27.986421
0.36,14,27.995893
0.36,14,28.005321
0.33,18,28.017048
0.27,18,28.02872
0.33,16,28.039417
0.36,14,28.048688
0.33,22,28.063708
0.34,16,28.075032
0.36,14,28.084619
0.36,14,28.094122
0.33,26,28.111221
0.33,18,28.123294
0.29,22,28.137824
2.83,16,28.148526
2.79,20,28.161844
0.36,16,28.17258
0.36,18,28.18492
2.83,12,28.21167
0.36,18,28.227917
0.36,14,28.239311
0.36,16,28.250196
0.4,32,28.271995
0.36,14,28.281534
2.83,14,28.291423
0.36,14,28.300927
0.36,14,28.310313
0.31,20,28.323475
0.36,16,28.3342
0.3,18,28.346028
0.24,32,28.367451
0.33,16,28.378431
0.33,18,28.390271
0.36,14,28.401549
0.36,14,28.412955
0.33,16,28.423551
0.36,16,28.434399
0.33,20,28.447441
0.36,22,28.462171
0.33,16,28.472744
0.36,18,28.484603
0.36,14,28.493949
2.79,14,28.503263
0.36,26,28.520012
0.36,14,28.529594
0.28,22,28.543925
0.27,18,28.555699
0.33,14,28.565033
0.36,20,28.578085
0.34,16,28.588656
0.4,18,28.600667
2.79,14,29.566898
0.24,16,29.577755
0.33,16,29.588422
0.33,18,29.600152
2.79,12,29.608096
2.83,12,29.616124
2.83,12,29.624067
0.28,14,29.633379
0.36,14,29.642777
0.29,14,29.65202
0.33,22,29.666683
2.83,16,29.678289
0.3,20,29.691231
0.31,22,29.70528
0.35,24,29.72148
0.35,16,29.732491
0.35,32,29.761048
2.79,12,29.770087
2.79,12,29.778227
0.36,14,29.78762
2.83,12,29.795718
0.26,22,29.809886
2.79,24,29.825589
0.35,16,29.836228
0.33,26,29.871685
0.35,20,29.888132
2.83,16,29.8989
0.36,16,29.90946
0.33,14,29.920157
0.35,16,29.931139
0.4,32,29.952285
0.35,32,29.977805
0.27,18,29.990532
2.83,12,29.998661
0.35,32,30.019965
0.4,32,30.041215
0.36,18,30.05322
2.83,24,30.068716
0.36,16,30.079865
2.83,12,30.087989
0.33,20,30.101054
0.33,26,30.118011
2.83,12,30.12616
0.27,16,30.13679
0.36,16,30.147439
0.31,16,30.158104
0.4,16,30.168853
0.33,28,30.192517
0.4,32,30.215014
0.36,14,30.226467
2.79,12,30.234576
0.36,16,30.245257
0.36,20,30.258678
0.3,16,30.26929
0.33,18,30.281117
0.24,20,30.294185
0.4,32,30.315239
0.36,16,30.326023
0.34,32,30.347126
2.79,16,30.357767
0.28,14,30.369385
0.36,20,30.382605
0.29,14,30.392431
0.33,26,30.409384
0.36,16,30.423867
0.36,20,30.43714
0.35,26,30.453893
0.36,14,30.463547
2.83,12,30.471593
0.36,14,30.481155
0.36,16,30.491734
0.3,18,30.503527
0.28,28,30.521472
0.3,14,30.530937
0.2,32,30.555006
0.36,16,30.584431
0.35,32,30.605842
0.36,16,30.616983
2.79,12,30.625836
0.27,18,30.638452
0.35,16,30.649207
2.79,16,30.660602
0.32,14,30.67022
0.35,14,30.68099
0.36,16,30.691834
0.35,16,30.702606
0.36,14,30.712146
0.36,14,30.72185
2.79,16,30.733023
0.36,16,30.743739
0.36,14,30.753155
0.34,16,30.770212
2.83,20,30.79301
2.79,12,30.801338
2.83,16,30.813112
0.4,30,30.833117
0.23,16,30.844109
0.24,14,30.853694
0.27,16,30.864541
2.79,14,30.874461
2.83,12,30.882685
0.24,14,30.892279
0.31,18,30.904236
0.36,14,30.914069
2.83,12,30.923965
0.35,14,30.933152
2.83,16,30.943626
2.79,16,30.953973
0.33,16,30.964478
0.35,14,30.973681
0.29,16,30.984946
0.36,14,30.994451
0.36,20,31.007456
0.33,20,31.020544
0.36,16,31.972695
0.33,30,31.997321
0.29,16,32.007925
0.33,18,32.019596
2.83,12,32.02762
2.79,12,32.035599
2.83,18,32.047757
0.36,14,32.057059
0.34,18,32.068658
0.35,20,32.081535
0.33,18,32.093164
0.36,22,32.107319
2.79,18,32.118943
0.33,32,32.140291
2.79,14,32.14959
0.34,14,32.160098
2.79,14,32.169515
0.36,16,32.180574
2.83,12,32.188901
2.79,24,32.204503
2.83,22,32.219394
0.33,26,32.261011
0.27,14,32.270619
2.79,18,32.282503
2.79,16,32.293437
0.36,16,32.303949
0.36,14,32.313231
2.83,22,32.32751
0.34,14,32.337004
0.34,20,32.354606
2.83,14,32.363966
0.36,14,32.373221
0.19,32,32.395433
2.79,18,32.408
2.79,12,32.416122
0.33,16,32.426665
2.79,12,32.434938
0.36,18,32.446823
2.79,14,32.456156
0.36,20,32.469109
0.36,16,32.47984
0.35,16,32.490382
2.79,12,32.498448
2.79,12,32.506752
0.36,20,32.519753
0.36,18,32.531627
2.79,14,32.541174
2.79,20,32.554205
0.27,20,32.567446
0.33,14,32.576852
0.29,22,32.591435
0.36,14,32.605235
2.79,12,32.613743
2.79,16,32.624839
0.36,16,32.638747
0.3,20,32.652169
2.79,12,32.660532
0.33,18,32.672512
0.36,14,32.682781
0.36,16,32.693472
2.79,14,32.702893
0.36,14,32.713461
0.33,32,32.740057
2.79,22,32.755212
2.79,14,32.764792
0.33,28,32.783094
2.83,16,32.794486
2.83,12,32.803166
0.3,20,32.818517
2.79,16,32.834374
2.79,20,32.848281
2.83,28,32.867301
2.79,12,32.875607
2.79,14,32.885078
2.83,14,32.899948
0.33,32,32.92179
0.25,16,32.93257
0.32,22,32.95249
2.79,12,32.983915
0.36,20,32.997787
2.83,18,33.010298
0.27,28,33.028591
2.83,16,33.039633
2.79,18,33.051819
0.33,16,33.062664
0.33,24,33.078468
0.36,16,33.089442
2.79,12,33.097845
0.35,14,33.107386
0.33,26,33.124412
0.35,14,33.133847
2.79,12,33.142118
0.36,14,33.151652
0.29,16,33.162602
0.34,16,33.179
2.79,12,33.187291
2.79,20,33.201069
2.83,18,33.213119
0.33,18,33.228044
2.83,18,33.240075
0.36,20,33.253523
0.32,16,33.264302
0.36,18,33.279774
2.83,12,33.288043
2.79,18,33.300081
0.29,22,33.314576
0.34,14,33.324145
0.36,18,33.336433
0.36,16,33.347103
2.79,28,33.365937
2.83,12,33.374285
2.83,22,33.388852
0.3,24,33.404864
0.33,16,33.416167
0.31,18,33.431804
2.83,14,33.442447
0.38,18,34.441553
2.83,14,34.451184
0.36,20,34.465325
2.79,12,34.473508
0.36,18,34.485329
2.79,20,34.499082
2.79,16,34.509694
0.33,16,34.521825
2.83,14,34.531689
2.79,14,34.541664
2.83,18,34.55377
2.79,12,34.56204
2.79,14,34.57151
0.24,14,34.580912
2.79,18,34.592935
0.31,14,34.602444
2.83,20,34.615528
2.79,14,34.624928
0.35,18,34.645044
0.28,20,34.661708
0.33,18,34.696333
2.83,12,34.704843
2.79,12,34.713936
2.79,14,34.723373
0.28,32,34.745122
0.36,14,34.754592
2.83,16,34.765137
2.79,24,34.78322
2.83,14,34.792659
0.35,16,34.803242
2.79,12,34.8115
2.83,14,34.82092
0.29,26,34.837915
0.36,20,34.851374
0.4,32,34.874503
2.83,12,34.895138
0.33,20,34.90951
0.33,16,34.920123
0.36,16,34.930955
0.36,16,34.94153
2.79,12,34.950039
0.36,16,34.960857
0.33,14,34.970562
0.34,20,34.984488
0.4,32,35.011299
0.36,16,35.02194
2.79,16,35.03259
0.36,14,35.041943
2.79,14,35.051573
0.29,14,35.060905
0.33,16,35.072364
2.79,12,35.080512
0.36,16,35.091143
2.79,12,35.099296
2.79,14,35.109046
2.83,14,35.118604
2.83,12,35.126693
2.79,12,35.136164
2.79,14,35.146942
0.36,20,35.160066
2.83,16,35.170626
0.36,14,35.180163
2.79,12,35.188394
0.28,20,35.201587
2.83,16,35.214025
2.83,14,35.229976
0.24,16,35.24088
2.79,16,35.25168
2.79,14,35.261139
0.31,20,35.274642
0.3,14,35.284236
0.33,14,35.293779
0.34,14,35.303585
0.36,14,35.313091
0.25,20,35.326433
0.36,14,35.336199
0.33,14,35.345929
0.33,20,35.359535
2.83,14,35.370633
0.36,16,35.381899
2.79,20,35.395852
2.79,18,35.416505
2.83,16,35.427197
0.33,14,35.437068
0.36,14,35.446408
0.21,32,35.468102
2.79,14,35.477429
0.33,20,35.490319
0.33,20,35.503181
0.29,18,35.51754
2.83,24,35.533117
2.79,14,35.542534
0.33,16,35.552958
0.36,14,35.562191
0.38,24,35.577833
0.32,20,35.591016
0.33,18,35.603058
2.79,16,35.61509
2.79,16,35.629239
2.83,14,35.638672
2.83,14,35.647948
0.24,22,35.662202
0.36,18,35.673997
2.83,18,35.686682
2.83,18,35.698709
0.4,32,35.720415
2.79,20,35.733904
2.79,12,35.742096
2.83,14,35.751505
2.83,12,35.760396
0.36,14,35.769893
2.83,14,35.779454
2.83,14,35.788652
0.27,28,35.806476
0.33,18,35.81832
2.83,12,35.827735
2.79,22,35.844965
2.79,20,35.857938
0.36,16,35.869305
0.35,18,35.881073
2.79,14,35.890322
2.83,12,35.900747
2.79,16,36.903938
2.79,16,36.914862
0.32,14,36.927532
0.36,18,36.943813
2.83,18,36.956283
0.31,14,36.9657
2.79,16,36.97649
2.79,12,36.985521
0.33,14,36.995247
2.79,16,37.005884
2.79,12,37.014169
0.33,14,37.023664
2.79,12,37.031863
0.3,16,37.042918
0.28,16,37.055273
2.83,14,37.064827
2.79,12,37.073123
0.33,14,37.082592
2.83,14,37.092092
2.79,12,37.100333
2.83,18,37.133907
0.24,18,37.145916
0.28,18,37.157949
2.79,12,37.166127
2.79,12,37.174392
2.79,24,37.19033
2.79,14,37.199852
2.79,14,37.209575
2.83,12,37.217762
2.79,12,37.228946
2.79,16,37.239647
2.83,24,37.255323
2.83,12,37.263585
2.79,12,37.273901
0.3,18,37.286216
2.79,12,37.294967
2.83,12,37.303216
2.83,14,37.318213
2.79,14,37.328424
2.79,12,37.336726
2.79,12,37.344839
2.79,12,37.352893
0.33,14,37.362222
0.31,14,37.371945
0.24,18,37.384309
2.79,14,37.393787
0.36,18,37.405651
0.36,14,37.415527
0.36,20,37.429443
2.79,16,37.440404
0.33,14,37.450166
2.79,18,37.462149
0.23,18,37.473868
0.36,16,37.48437
2.83,14,37.493566
2.83,12,37.501604
2.79,14,37.510898
2.79,12,37.518937
2.79,12,37.526886
2.79,18,37.538815
2.79,12,37.546863
2.83,12,37.554863
0.25,14,37.564009
0.31,16,37.574377
2.79,20,37.587243
0.28,14,37.596496
0.29,16,37.606853
2.83,14,37.616104
2.83,20,37.629072
2.83,26,37.645675
0.38,16,37.658337
0.33,20,37.671532
0.33,32,37.69353
0.36,14,37.702888
2.83,14,37.712442
2.79,12,37.721556
2.83,14,37.730939
2.79,12,37.738988
2.79,12,37.746951
2.79,16,37.757432
0.36,14,37.76673
2.79,12,37.774782
0.35,18,37.786673
2.83,12,37.794725
2.79,12,37.802731
0.33,16,37.832761
0.4,32,37.854819
0.24,14,37.864451
2.83,18,37.876437
2.83,12,37.884553
0.36,16,37.897208
2.83,12,37.90999
0.33,18,37.922193
2.79,12,37.930571
2.83,18,37.952308
2.83,12,37.965061
0.28,32,37.999104
2.83,12,38.007249
2.83,16,38.021157
0.28,16,38.032011
2.83,14,38.041809
2.79,12,38.049942
2.79,12,38.059728
2.79,14,38.069063
2.83,12,38.077171
2.83,16,38.088051
2.79,20,38.101053
0.31,22,38.115589
2.83,16,38.126801
2.83,16,38.137659
2.83,12,38.146721
0.31,16,38.157865
2.83,12,38.168278
2.83,12,38.176487
2.79,24,38.192008
0.24,18,38.21052
0.27,18,38.223268
0.33,28,38.242523
2.79,12,38.250591
2.83,12,38.258791
2.83,16,38.269419
2.79,14,38.27861
2.79,12,38.286563
2.79,12,38.294573
0.31,18,38.306817
0.33,22,38.321841
2.79,14,38.331268
2.79,12,38.339435
2.83,14,38.34877
0.31,16,38.359588
2.83,24,38.375316
0.28,14,38.384643
0.24,16,39.357256
2.83,12,39.365368
2.79,16,39.375901
2.83,16,39.386451
2.79,16,39.397062
2.79,14,39.406445
2.83,22,39.42061
2.83,14,39.429987
2.83,20,39.442973
2.83,12,39.451005
2.83,12,39.45916
0.28,18,39.471053
2.79,14,39.480287
2.83,12,39.488223
0.24,14,39.497527
2.79,12,39.505481
2.83,12,39.532706
2.79,12,39.540924
2.83,14,39.550211
0.32,14,39.559587
2.79,12,39.567593
2.79,12,39.575685
2.83,14,39.585109
2.83,12,39.593172
2.79,12,39.601224
2.79,14,39.610702
2.83,14,39.620068
2.79,16,39.630705
2.79,12,39.639047
0.35,14,39.648503
2.79,12,39.656721
2.79,12,39.664725
2.83,12,39.672824
2.83,14,39.682076
2.79,12,39.690415
2.83,16,39.703143
2.79,12,39.711442
2.79,12,39.724239
0.25,14,39.733956
2.83,14,39.743514
2.79,12,39.751828
2.79,12,39.760035
2.79,12,39.768984
2.83,12,39.777195
2.79,12,39.785856
2.79,18,39.797873
2.79,14,39.807441
2.83,12,39.815632
2.79,14,39.828125
2.79,12,39.837393
2.79,12,39.845936
2.79,14,39.855716
2.79,12,39.864237
0.33,14,39.873424
0.38,14,39.882638
0.25,28,39.900636
2.83,12,39.9086
2.83,12,39.916606
0.31,14,39.926085
2.83,12,39.934008
2.79,14,39.943166
2.79,16,39.953581
2.79,18,39.96518
2.79,14,39.974326
2.83,12,39.983027
2.79,12,39.991439
2.83,14,40.000776
2.79,12,40.011883
0.29,16,40.027001
2.83,12,40.03761
0.36,28,40.05561
2.79,14,40.06486
0.29,16,40.075513
2.83,12,40.083847
2.79,12,40.091883
2.83,12,40.09991
2.79,12,40.107837
2.79,12,40.115907
2.83,12,40.12404
2.79,12,40.131977
2.79,14,40.141121
2.79,12,40.149055
2.79,16,40.160209
2.83,12,40.16845
2.79,12,40.17664
2.79,12,40.184984
2.83,18,40.196799
2.79,14,40.206121
2.79,16,40.217712
2.79,16,40.249843
2.79,12,40.25803
2.79,12,40.266073
2.79,14,40.275414
2.79,16,40.28591
2.83,12,40.293981
2.83,14,40.303301
2.79,12,40.311728
2.79,16,40.323476
2.83,12,40.333144
2.79,16,40.344767
2.79,12,40.355632
0.33,16,40.369105
2.83,14,40.381615
2.79,16,40.395028
2.79,24,40.412241
2.79,14,40.4227
0.29,18,40.438243
0.36,18,40.454299
2.83,12,40.463125
2.83,14,40.472763
2.83,14,40.482313
2.79,14,40.492002
2.79,12,40.500273
2.79,12,40.508567
2.83,12,40.516755
2.79,14,40.526324
2.83,14,40.535799
2.83,12,40.544063
2.83,14,40.554008
2.79,12,40.56223
2.79,12,40.570425
2.83,12,40.578722
2.79,14,40.588082
2.79,12,40.596282
0.33,14,40.606206
2.79,12,40.615034
2.79,14,40.624923
2.83,12,40.63326
0.24,16,40.643901
2.79,12,40.651981
2.79,12,40.660503
2.79,16,40.67117
2.83,12,40.679239
2.83,14,40.688474
2.79,20,40.702785
0.36,14,40.712123
2.79,12,40.721021
2.79,16,40.731634
2.83,16,40.742244
2.83,12,40.750366
2.79,12,40.758452
2.83,26,40.775109
0.35,14,40.784462
2.79,12,40.792882
2.79,12,40.801399
0.24,22,40.816627
2.83,16,41.811924
2.79,12,41.820191
2.83,12,41.828486
2.79,14,41.837897
2.83,12,41.846029
2.79,16,41.856634
2.83,18,41.869697
2.79,16,41.880686
2.83,12,41.888855
2.79,14,41.898446
2.83,16,41.909039
2.79,12,41.917225
2.79,14,41.931314
2.79,16,41.963922
2.79,12,41.972234
0.36,22,41.988141
2.79,16,41.998979
2.79,12,42.007177
0.33,28,42.025298
2.83,14,42.034966
2.79,12,42.043206
0.28,20,42.056502
2.83,12,42.067636
2.83,14,42.081306
0.33,18,42.093915
2.79,12,42.102167
0.33,22,42.116524
2.83,12,42.12479
2.83,12,42.133188
2.79,12,42.141444
2.79,16,42.15657
0.33,22,42.171561
2.79,16,42.182603
2.79,12,42.190799
2.83,12,42.199039
2.79,12,42.207229
2.83,12,42.215534
2.83,14,42.227974
2.79,18,42.239894
2.79,12,42.247966
2.79,16,42.258518
2.79,12,42.266826
2.79,12,42.27513
2.83,16,42.285768
2.83,16,42.296492
2.79,12,42.304646
2.79,12,42.312829
2.83,20,42.326075
2.79,14,42.335413
2.79,12,42.343591
2.83,12,42.351687
2.83,12,42.359946
2.79,12,42.36809
2.79,14,42.377522
0.36,14,42.387047
2.79,12,42.395488
2.83,14,42.405096
2.83,18,42.417788
2.83,14,42.431299
2.79,12,42.439677
2.79,12,42.447923
2.83,14,42.457397
2.83,14,42.46741
2.79,14,42.477057
2.79,12,42.485256
2.79,12,42.493433
2.83,20,42.50708
2.83,12,42.515327
2.79,12,42.523484
2.79,14,42.533433
2.83,16,42.544167
2.83,14,42.553611
2.83,14,42.563043
2.79,12,42.571179
0.23,16,42.58185
2.83,12,42.590674
2.83,12,42.599092
2.79,14,42.608634
2.79,12,42.616887
2.79,12,42.625149
2.79,14,42.634914
2.79,18,42.647054
2.83,14,42.657242
2.83,12,42.687393
2.83,16,42.698425
2.79,14,42.708805
2.79,12,42.719221
0.24,16,42.733042
2.79,12,42.743233
2.83,12,42.753433
2.83,12,42.763629
2.79,22,42.781057
2.79,14,42.790665
2.79,12,42.799046
2.83,18,42.811104
2.83,12,42.819496
2.83,12,42.832793
2.83,12,42.843427
2.83,14,42.853124
2.83,12,42.862041
0.23,14,42.875561
2.79,12,42.886468
2.83,16,42.897574
2.79,26,42.914605
2.79,14,42.924073
2.79,12,42.932322
2.79,12,42.940724
2.79,14,42.950526
2.83,16,42.961436
2.79,14,42.971199
2.79,18,42.983915
0.29,14,42.993583
0.27,14,43.003115
2.79,12,43.01127
2.79,16,43.02187
0.36,18,43.03445
2.79,14,43.043811
2.79,14,43.053189
2.79,12,43.061431
2.79,12,43.069558
2.79,14,43.079175
2.83,16,43.09354
0.28,28,43.115639
2.79,14,43.124981
2.83,14,43.134593
2.79,14,43.143906
2.79,14,43.153326
2.79,14,43.163545
2.83,16,43.174522
2.79,12,43.182956
2.83,12,43.191254
0.24,22,43.20586
2.79,14,43.215626
2.79,14,43.228165
2.83,20,43.241487
2.79,12,43.249695
2.83,18,43.26224
2.79,12,43.27054
2.79,12,43.278706
2.79,12,43.286894
2.83,14,43.296339
2.79,12,43.304508
2.83,14,43.313892
2.83,14,44.304432
2.79,14,44.313852
0.27,20,44.327028
2.79,14,44.336684
0.24,22,44.351097
2.79,12,44.360003
0.31,14,44.377302
2.79,12,44.385589
2.83,12,44.393807
2.79,12,44.41126
2.79,12,44.419389
2.79,12,44.428169
2.83,18,44.439972
2.79,20,44.453408
2.79,12,44.461521
2.79,12,44.469646
2.79,12,44.477837
2.79,12,44.485905
2.79,12,44.493989
2.83,12,44.502078
2.79,16,44.512586
2.83,12,44.520695
2.79,14,44.530182
2.79,14,44.539751
2.79,16,44.550275
2.79,14,44.55956
2.83,14,44.56892
2.79,18,44.580917
2.79,14,44.590387
2.83,12,44.598495
0.32,18,44.614449
2.79,12,44.622581
2.83,12,44.632485
2.83,12,44.64091
2.83,12,44.648961
2.79,12,44.657305
2.83,14,44.66672
2.83,14,44.676062
2.83,20,44.689284
2.79,14,44.698678
2.79,12,44.70794
2.79,16,44.718994
2.79,12,44.727798
2.79,12,44.735979
2.79,12,44.74403
2.79,12,44.752135
2.79,14,44.76458
2.83,12,44.77412
2.79,12,44.782273
2.83,12,44.790329
2.83,12,44.798468
2.83,14,44.807787
2.79,16,44.818285
2.79,16,44.828969
2.79,12,44.837044
2.79,12,44.845155
2.79,12,44.853519
2.79,12,44.861667
0.33,16,44.872322
2.79,12,44.88076
2.79,12,44.889385
2.79,12,44.897751
2.79,14,44.907162
2.79,14,44.9165
2.79,12,44.926461
2.79,12,44.936983
2.79,12,44.946886
2.79,12,44.955022
2.79,12,44.963077
2.79,12,44.972862
2.83,14,44.983076
2.79,12,44.991792
2.79,12,45.000013
2.79,12,45.008176
2.83,14,45.017633
0.29,18,45.029608
0.32,14,45.039186
2.83,12,45.047451
2.79,16,45.061598
2.79,14,45.072681
0.28,16,45.083489
2.83,14,45.092943
2.79,12,45.101284
2.79,12,45.131741
0.29,16,45.148131
2.79,14,45.159143
2.83,12,45.167414
2.79,12,45.175758
2.83,16,45.186603
0.23,16,45.197401
2.79,14,45.206782
2.79,12,45.214999
2.83,18,45.22924
2.79,14,45.239048
2.79,12,45.247208
2.83,12,45.255416
2.83,12,45.263706
2.79,14,45.273105
2.79,16,45.283782
0.34,18,45.29569
2.79,12,45.303819
2.83,16,45.314465
2.79,12,45.327392
2.79,12,45.335871
2.79,12,45.346985
2.83,14,45.35643
2.79,12,45.364628
2.83,18,45.376622
2.79,16,45.387941
2.79,14,45.397943
2.83,12,45.406442
2.79,14,45.415868
2.83,16,45.426631
2.79,12,45.43484
2.79,14,45.444271
2.83,14,45.453743
0.3,16,45.464602
2.79,12,45.472707
2.79,14,45.482384
2.79,12,45.490536
2.79,12,45.498746
2.79,12,45.506974
2.79,18,45.518978
2.79,12,45.527441
2.79,14,45.537315
2.79,12,45.545651
2.79,12,45.553766
2.79,12,45.561934
2.83,12,45.570091
0.32,14,45.579612
2.79,12,45.587727
2.83,16,45.599375
2.79,12,45.607675
2.79,12,45.615946
2.79,12,45.624191
2.79,12,45.632574
2.79,14,45.642117
2.83,12,45.650301
2.83,14,45.662809
2.79,12,45.671185
2.79,12,45.679422
2.83,12,45.687601
2.79,12,45.695816
2.79,12,45.704001
2.79,12,45.713022
2.79,12,45.722024
2.83,12,45.730813
2.83,14,45.740315
2.79,12,45.748465
2.79,14,45.757856
2.83,12,45.765939
2.83,12,45.775991
2.79,12,46.860776
2.79,12,46.87388
2.79,14,46.888805
0.28,18,46.908311
2.79,14,46.921854
2.79,12,46.933973
2.79,12,46.959644
2.79,14,46.973692
2.79,14,46.989245
2.79,12,47.003494
2.79,12,47.016243
2.79,14,47.030756
2.79,12,47.043476
2.79,12,47.056646
2.79,12,47.06952
2.79,12,47.081719
2.83,14,47.097988
2.79,12,47.111016
2.79,12,47.124098
2.79,12,47.137091
0.36,14,47.151826
2.79,14,47.172735
2.79,12,47.188936
2.83,12,47.21891
2.79,12,47.235584
2.79,12,47.247565
2.83,14,47.261307
2.79,12,47.273465
2.83,14,47.292271
2.83,12,47.305067
2.79,12,47.318141
2.83,12,47.330927
2.79,12,47.343562
2.83,14,47.358614
2.79,14,47.37361
2.79,14,47.3883
2.79,12,47.400906
2.83,14,47.415779
2.79,12,47.428699
2.79,18,47.447115
2.83,12,47.460201
2.79,12,47.473812
2.79,12,47.486013
2.79,12,47.499772
2.79,12,47.512484
2.83,12,47.525711
0.31,14,47.540242
2.83,16,47.556633
2.83,12,47.569204
2.79,14,47.605792
2.79,14,47.621072
2.83,14,47.635668
2.83,18,47.658215
2.79,12,47.670998
2.79,14,47.685711
2.79,22,47.708632
2.79,12,47.72105
2.79,12,47.733711
2.79,12,47.746401
2.79,14,47.761025
2.79,12,47.77447
2.79,12,47.787621
2.79,12,47.800693
2.83,14,47.815534
2.83,12,47.828748
2.83,12,47.84125
2.79,12,47.853848
2.83,12,47.866245
2.83,12,47.880168
2.83,12,47.893911
2.79,12,47.907055
2.79,14,47.921749
2.79,14,47.93679
0.24,14,47.954555
2.79,12,47.967234
2.79,12,47.980085
2.79,14,47.999409
2.79,12,48.012245
2.79,12,48.024611
2.79,12,48.037647
2.83,12,48.050317
2.79,12,48.06313
2.79,12,48.075949
2.83,12,48.122822
2.79,12,48.138639
2.79,12,48.151537
2.79,14,48.166719
2.79,12,48.180403
2.79,12,48.193689
2.79,12,48.205697
2.83,12,48.236423
2.79,14,48.278339
2.79,12,48.294376
2.79,12,48.312087
2.79,12,48.328935
2.79,12,48.337602
2.79,14,48.347177
2.79,20,48.360457
0.29,18,48.372446
2.83,12,48.380639
2.79,14,48.390645
2.79,12,48.399335
2.79,12,48.407675
2.79,12,48.415952
2.79,14,48.425494
2.79,12,48.433906
2.79,12,48.442231
2.79,14,48.45174
2.79,12,48.460026
2.79,12,48.468244
2.79,16,48.479323
2.83,16,48.490073
2.79,14,48.499513
2.79,12,48.507687
0.24,14,48.517241
2.83,12,48.525501
2.79,12,48.533889
2.79,14,48.54476
2.79,12,48.553415
2.79,16,48.564163
2.79,12,48.572441
2.79,12,48.580626
2.83,18,48.592551
2.79,12,48.600901
2.79,12,48.6091
0.24,16,48.620782
2.83,12,48.629286
2.83,16,48.641284
2.79,12,48.649486
2.79,16,48.660634
2.79,12,48.669691
0.29,20,48.683286
2.79,12,48.691519
0.28,14,48.701059
2.79,12,48.709283
2.79,12,48.71825
2.79,14,48.728288
2.79,14,48.737836
2.83,12,48.746064
2.79,14,48.75561
0.36,14,48.76523
2.79,14,48.775058
2.79,12,48.783399
2.79,12,48.791749
2.83,12,48.79999
2.79,16,48.810618
2.79,12,48.818799
2.79,12,48.826962
2.79,12,48.835277
2.79,18,48.847173
2.79,14,48.862083
2.79,12,48.870613
2.83,12,48.87912
2.79,12,48.887822
2.83,12,48.896652
2.79,12,48.905576
2.79,12,49.937833
2.79,18,49.955942
2.79,12,49.982535
2.79,16,49.99976
2.79,16,50.016725
2.79,16,50.033705
2.83,12,50.046231
2.83,16,50.06396
2.79,12,50.077326
2.79,14,50.092003
2.79,12,50.104839
2.79,12,50.118084
2.79,12,50.13125
2.79,12,50.144038
2.79,16,50.161476
2.79,12,50.174708
2.79,12,50.193788
2.79,12,50.206506
2.79,12,50.218734
2.79,14,50.236831
2.79,12,50.24942
2.83,12,50.262435
2.79,12,50.27559
2.83,12,50.289126
2.79,14,50.304484
2.79,12,50.319566
2.83,12,50.332607
2.79,14,50.348326
2.83,12,50.361828
2.79,12,50.375296
2.83,12,50.388953
2.79,12,50.403097
2.79,12,50.416497
2.79,12,50.429859
2.79,12,50.442393
2.79,12,50.455051
2.79,14,50.470438
2.79,12,50.484233
2.83,14,50.499783
2.79,12,50.513075
2.83,12,50.525906
2.83,12,50.538293
2.83,12,50.556696
2.79,14,50.570155
2.83,12,50.582953
2.79,14,50.597872
2.79,12,50.611278
2.79,12,50.623961
2.83,12,50.636476
2.79,14,50.651758
2.79,16,50.674803
2.79,12,50.687179
2.79,14,50.702099
2.83,14,50.717657
2.79,12,50.734768
2.83,12,50.748177
2.83,12,50.761468
2.83,12,50.774374
2.79,12,50.787079
2.79,14,50.801641
2.79,14,50.815988
2.79,14,50.830144
2.79,12,50.842533
2.79,12,50.85465
2.83,12,50.8671
2.79,12,50.88023
2.79,18,50.899256
2.79,12,50.912429
0.23,14,50.926521
2.83,14,50.941462
2.83,12,50.954388
2.79,14,50.975072
2.79,12,50.98947
2.79,16,51.006486
2.79,12,51.019442
2.79,12,51.030822
2.79,12,51.043725
0.31,14,51.058614
2.79,14,51.073719
2.79,12,51.086892
2.79,12,51.130129
2.83,12,51.142997
2.83,12,51.199503
2.79,12,51.247503
2.83,12,51.286789
2.79,14,51.332302
2.79,12,51.387668
2.79,16,51.440981
2.79,12,51.479434
2.83,12,51.519813
2.79,14,51.568133
2.79,12,51.594867
2.79,12,51.61668
2.79,12,51.636074
2.79,12,51.653965
2.79,14,51.699689
2.83,12,51.746126
2.79,12,51.812836
2.79,12,51.826653
2.79,12,51.839779
2.79,12,51.860321
2.79,12,51.875091
2.83,12,51.886953
2.79,12,51.915657
2.79,14,51.976059
2.79,12,52.012058
2.79,12,52.0499
2.79,18,52.101945
2.83,12,52.114528
2.79,12,52.127394
2.79,12,52.140489
2.83,12,52.15354
2.79,12,52.165802
2.79,14,52.181333
2.83,12,52.193995
2.83,14,52.208754
2.79,14,52.250603
2.79,12,52.285259
2.79,12,52.314152
2.79,12,52.327278
2.79,12,52.34038
2.83,12,52.353472
2.83,12,52.366557
2.79,12,52.380949
2.79,12,52.394155
2.83,12,52.416332
2.83,12,52.429956
2.83,12,52.444262
2.79,12,52.457267
2.79,12,52.469063
2.79,12,52.488479
2.79,12,52.501551
2.79,12,52.514572
2.83,12,52.52755
2.79,12,52.540677
2.79,12,52.553377
2.79,14,52.568477
2.79,12,52.582938
2.79,14,52.597793
2.79,12,52.611896
2.79,12,52.624747
2.79,16,52.643817
2.79,12,52.657514
2.79,14,52.666901
2.83,12,52.675085
2.79,12,52.683277
2.79,14,52.692669
2.79,14,52.702187
2.79,12,52.710193
2.79,12,52.718172
2.79,14,52.729227
2.79,12,52.737428
2.83,12,52.745949
2.79,12,52.75406
0.26,18,52.766943
2.83,12,52.781774
2.79,12,52.789858
0.24,14,52.799187
2.79,12,52.807224
2.79,12,52.822282
2.79,12,55.241564
2.79,12,55.249701
2.79,12,55.2578
2.79,12,55.26583
2.79,12,55.273954
2.83,14,55.283311
2.83,12,55.291435
2.83,12,55.299509
2.79,14,55.309079
2.79,12,55.317263
0.24,16,55.327987
2.83,12,55.336027
2.79,12,55.344076
2.79,12,55.352177
2.79,12,55.360285
2.79,14,55.369692
2.79,12,55.377821
2.83,12,55.386023
2.79,18,55.397989
2.83,12,55.407105
2.79,14,55.420366
2.79,12,55.429786
2.83,12,55.437908
2.79,12,55.446037
2.79,12,55.454106
2.79,12,55.462242
2.79,12,55.470257
2.79,12,55.479572
2.83,12,55.491672
2.79,12,55.502728
2.79,12,55.511052
2.83,12,55.519193
2.79,12,55.527445
2.79,12,55.535488
2.79,12,55.543787
2.79,14,55.553035
0.32,14,55.562424
2.83,14,55.571632
2.79,12,55.581642
2.79,12,55.592064
2.79,12,55.601481
2.79,12,55.6104
2.79,12,55.619153
2.79,12,55.628902
2.79,12,55.639457
2.79,12,55.648317
2.83,12,55.65667
2.79,12,55.664896
2.79,12,55.673074
2.79,12,55.681309
2.79,14,55.691039
2.79,12,55.70056
2.79,12,55.710583
2.79,12,55.719293
2.79,12,55.727622
2.83,12,55.736943
2.79,12,55.745059
2.79,12,55.753319
2.79,12,55.76149
2.79,12,55.769648
2.79,12,55.777813
2.83,12,55.785974
2.83,12,55.79744
2.79,12,55.80543
2.79,12,55.813471
2.79,22,55.827721
2.83,12,55.837384
2.79,12,55.846685
2.79,12,55.855166
2.79,12,55.863225
2.83,12,55.871265
2.79,12,55.879384
2.79,12,55.887604
2.79,12,55.896167
2.79,12,55.904442
2.79,12,55.912552
2.79,12,55.920805
0.28,16,55.931286
2.79,12,55.939336
2.83,12,55.956495
2.79,14,55.966298
2.79,12,55.974803
2.79,12,55.983531
2.83,14,55.993214
2.79,12,56.001249
2.79,12,56.013911
2.79,12,56.022012
2.79,14,56.031313
2.83,12,56.039338
2.79,12,56.047403
2.79,12,56.055405
2.79,12,56.063298
2.83,12,56.071251
2.83,14,56.080811
2.83,12,56.088831
2.83,12,56.097169
2.79,12,56.105254
2.79,14,56.114446
2.79,12,56.124631
2.79,12,56.134272
2.79,14,56.143512
2.79,12,56.151737
0.36,14,56.164707
2.79,12,56.172684
2.79,12,56.18091
2.79,12,56.188882
2.79,12,56.197118
2.79,12,56.205051
2.79,12,56.212977
2.79,12,56.221324
2.79,12,56.231562
2.79,12,56.239515
2.79,12,56.247429
0.33,14,56.256639
2.79,14,56.265819
2.79,14,56.275014
0.29,14,56.284185
2.79,12,56.29554
2.79,12,56.304295
0.36,18,56.316051
2.83,12,56.324042
2.79,12,56.332111
2.79,12,56.340073
2.79,12,56.348056
2.83,16,56.358544
2.79,12,56.366527
2.79,12,56.37448
2.83,12,56.382521
0.24,16,56.393335
2.79,12,56.402838
2.79,12,56.412828
2.79,12,56.420909
2.83,12,56.429014
2.79,12,56.437004
0.3,32,56.459621
2.79,12,56.467692
2.79,12,56.475747
2.79,12,56.484125
2.83,12,56.492178
2.79,12,56.500218
2.79,12,56.51161
2.79,12,56.523057
2.79,12,56.531283
2.83,12,56.539432
2.79,12,56.547444
2.83,12,56.555471
2.83,14,56.564739
2.79,12,56.572754
2.83,14,56.582002
2.83,12,56.59012
2.83,12,56.598172
2.83,12,56.606371
2.79,16,56.616866
2.79,12,56.624903
2.83,12,56.632971
2.79,12,56.640971
2.79,12,56.648931
2.83,12,56.670134
2.79,12,56.67882
2.83,12,56.688108
2.79,12,56.697193
2.83,12,56.705592
2.79,12,57.84428
2.79,12,57.852655
2.79,12,57.860969
2.83,12,57.869394
2.79,12,57.877735
2.79,12,57.885995
2.83,12,57.894332
0.31,18,57.912382
2.79,14,57.921909
2.79,12,57.930144
2.79,12,57.938548
2.83,14,57.948054
2.79,12,57.956274
2.79,14,57.966337
2.79,12,57.974566
2.79,12,57.983513
2.83,12,57.991944
2.79,12,58.000263
2.83,12,58.008706
2.79,12,58.017002
2.83,12,58.025212
2.79,12,58.033534
2.79,12,58.041794
2.79,12,58.050078
2.79,12,58.058315
2.79,12,58.066571
2.79,12,58.074872
2.79,14,58.084331
2.83,12,58.092747
2.79,12,58.101196
2.83,12,58.10953
2.83,12,58.117969
2.83,12,58.126266
2.79,12,58.134499
2.79,14,58.144071
2.79,12,58.152272
2.83,12,58.16062
2.83,12,58.168819
2.83,12,58.177102
2.83,12,58.185465
2.79,14,58.195038
2.79,12,58.203678
2.79,12,58.211892
2.83,14,58.221429
2.83,12,58.232061
2.83,14,58.243754
2.79,12,58.252022
2.79,12,58.260269
2.83,12,58.268542
2.79,12,58.276777
2.83,12,58.285004
2.83,12,58.293202
2.79,12,58.301425
2.79,12,58.309638
2.79,12,58.318095
2.79,12,58.326515
2.79,12,58.334656
2.79,12,58.342917
2.83,12,58.351139
2.79,12,58.359323
2.79,12,58.367498
2.79,14,58.376999
2.79,12,58.385179
2.79,14,58.394929
2.79,12,58.403268
2.83,12,58.411891
2.79,12,58.420111
2.79,12,58.428494
2.83,12,58.43675
2.79,12,58.445329
2.79,12,58.453509
2.79,14,58.462886
2.79,12,58.470972
2.79,12,58.479076
2.83,12,58.487169
2.79,12,58.495292
2.83,12,58.525149
2.79,12,58.533784
2.79,12,58.543193
2.79,12,58.555237
2.83,12,58.567358
2.79,12,58.57634
2.79,12,58.584666
2.79,12,58.592995
2.79,12,58.601367
2.79,14,58.610859
2.79,12,58.619152
2.79,12,58.627558
2.79,14,58.637065
2.79,14,58.646572
2.79,12,58.654788
2.83,12,58.669047
2.79,12,58.686983
2.83,12,58.699248
2.83,12,58.710067
2.79,12,58.720932
2.83,12,58.729382
2.79,12,58.737544
2.83,12,58.746366
2.79,12,58.754482
2.83,12,58.763435
2.79,12,58.771644
2.79,12,58.781051
2.79,12,58.789507
2.79,12,58.798522
2.79,12,58.81097
2.79,12,58.819507
2.79,12,58.827543
2.79,12,58.835563
2.79,12,58.844024
2.79,12,58.853983
2.83,12,58.862323
2.79,12,58.870464
2.79,12,58.878637
2.83,14,58.888053
2.79,12,58.896459
2.83,12,58.905473
2.83,12,58.914111
2.79,12,58.922903
2.79,12,58.931236
2.83,12,58.939568
2.83,12,58.948179
2.83,14,58.959596
2.79,12,58.968328
2.79,12,58.976464
2.79,12,58.985672
2.79,12,58.994152
2.79,12,59.002274
2.83,12,59.01078
2.79,14,59.020482
2.83,14,59.029736
2.83,12,59.038214
2.79,14,59.048148
2.79,12,59.056284
2.79,12,59.064382
2.79,12,59.075181
2.83,12,59.083719
2.79,12,59.091773
2.79,12,59.099821
2.79,12,59.108231
2.83,12,59.116428
2.79,12,59.124613
2.83,12,59.13256
2.79,12,59.140608
2.79,12,59.149061
2.79,14,59.15834
2.79,12,59.166373
2.83,12,59.174487
2.83,12,59.182657
2.79,14,59.191889
2.83,12,59.199963
2.79,12,59.20808
2.79,12,59.216211
2.79,12,59.226334
0.24,14,59.235611
2.79,12,59.243539
2.83,12,59.251488
2.79,12,59.259502
2.83,12,59.280122
0.31,16,59.290858
2.79,12,59.299029
2.79,12,59.30713
2.79,12,59.315226
2.79,12,59.323439
2.79,12,59.331718
2.79,14,59.341017
2.79,12,60.304743
0.29,14,60.314438
2.79,12,60.322641
2.83,12,60.330884
2.83,12,60.338947
2.79,12,60.34695
2.83,12,60.35522
2.79,12,60.363224
2.79,14,60.372613
2.83,12,60.380672
2.79,12,60.388716
2.79,16,60.399475
2.79,12,60.409889
2.83,12,60.421451
2.83,12,60.429672
2.83,12,60.437715
2.83,12,60.445684
2.83,12,60.453682
2.83,12,60.461659
2.79,12,60.469587
2.83,12,60.477557
2.79,12,60.485529
2.83,12,60.493616
2.83,12,60.501608
2.79,12,60.509573
2.83,12,60.517803
2.79,12,60.526033
2.79,12,60.53398
2.79,12,60.542084
2.79,12,60.55042
2.79,12,60.558518
2.79,12,60.566518
2.79,12,60.57459
2.83,12,60.582756
2.79,12,60.591179
2.79,12,60.605143
2.83,12,60.618989
2.83,12,60.627263
2.83,12,60.635317
2.83,12,60.643332
2.79,12,60.651385
2.79,12,60.65956
2.79,12,60.667587
2.83,12,60.675649
2.83,12,60.683665
2.83,12,60.692137
2.79,12,60.700186
2.83,12,60.708189
2.79,12,60.719321
2.79,12,60.728205
2.83,12,60.736503
2.83,12,60.745429
2.79,14,60.755304
2.79,12,60.7634
2.83,12,60.77143
2.83,12,60.779493
2.79,12,60.787575
2.83,12,60.795956
2.79,12,60.804026
2.83,12,60.812157
2.83,12,60.820268
2.79,12,60.828947
2.83,12,60.837681
2.83,12,60.847435
2.83,12,60.85747
2.79,12,60.86623
2.79,14,60.875695
2.83,14,60.885439
2.79,12,60.894039
2.79,12,60.902232
2.79,12,60.913556
2.79,12,60.92363
2.83,12,60.932193
2.79,12,60.949433
2.79,12,60.957719
2.79,12,60.970823
2.79,14,60.980252
2.83,12,60.989416
2.79,12,60.997588
2.79,12,61.005745
2.79,12,61.013847
2.79,14,61.023311
2.83,12,61.031435
2.83,12,61.039605
2.79,12,61.047747
2.79,12,61.055806
2.79,12,61.063826
2.83,12,61.071859
2.83,12,61.079881
2.79,12,61.087874
2.79,12,61.096145
2.79,12,61.104156
2.83,12,61.112709
2.79,12,61.121148
2.83,12,61.129162
2.83,12,61.137188
2.79,12,61.145271
2.79,12,61.15663
2.79,12,61.164735
2.79,12,61.172996
2.79,12,61.181243
2.79,12,61.189335
2.79,12,61.197386
2.79,12,61.206433
2.79,12,61.217409
2.83,12,61.2307
2.83,12,61.242984
2.79,12,61.255528
2.79,12,61.267314
2.83,12,61.279296
2.79,12,61.292266
2.79,14,61.306032
2.79,12,61.318033
0.33,24,61.342768
2.79,12,61.353581
2.79,12,61.366487
2.79,12,61.379519
2.79,12,61.391611
2.83,12,61.411836
2.83,12,61.439149
2.79,12,61.469255
2.79,12,61.495461
2.83,12,61.508312
2.79,12,61.521858
2.83,12,61.534401
2.79,12,61.546665
2.83,12,61.560074
2.83,12,61.573457
0.27,16,61.590189
2.79,12,61.602007
2.79,14,61.648605
2.83,12,61.661163
2.83,12,61.673764
2.83,12,61.687277
2.79,14,61.703099
2.83,12,61.716472
2.79,12,61.730038
2.79,12,61.743253
2.79,12,61.758193
2.83,12,61.780521
2.79,12,61.793753
2.83,14,61.809406
2.83,12,61.82549
2.79,12,61.838722
2.83,16,61.857433
2.79,12,61.870528
2.79,12,61.883713
2.79,14,61.89869
2.83,12,61.911415
2.79,12,61.92451
2.79,12,61.937384
2.83,12,61.950176
2.83,12,61.962864
2.83,12,61.977236
2.83,12,62.006634
2.83,12,62.019756
2.83,12,62.032468
0.33,16,62.049056
2.83,12,62.061669
2.83,12,62.074234
2.83,12,62.085975
2.83,12,62.098128
2.79,12,62.110798
2.83,12,62.130749
2.79,12,62.146549
2.79,12,62.159275
2.79,12,63.486488
2.79,12,63.494604
2.79,12,63.50287
2.79,12,63.5109
2.83,14,63.520186
2.79,12,63.52841
2.79,12,63.536553
2.79,12,63.544665
2.83,12,63.552711
2.79,12,63.560848
2.79,12,63.568871
2.83,12,63.576893
2.79,14,63.586129
2.79,12,63.594223
2.79,12,63.602329
2.83,12,63.61032
2.83,12,63.618392
2.79,12,63.626784
2.79,12,63.634795
2.83,12,63.642804
2.79,12,63.65086
2.79,12,63.658949
2.79,14,63.668161
2.79,12,63.676183
2.79,12,63.684181
2.79,12,63.692673
2.83,12,63.704575
2.79,12,63.715968
2.83,12,63.724064
2.83,12,63.733274
2.79,12,63.741662
2.79,12,63.750438
2.83,12,63.758901
2.79,12,63.7671
2.83,12,63.775241
2.79,12,63.783286
2.83,12,63.791241
2.79,12,63.799601
2.79,12,63.80761
2.79,12,63.815646
2.79,12,63.823651
2.83,12,63.832328
2.83,12,63.840712
2.83,12,63.84924
2.83,12,63.857396
2.83,12,63.865419
2.79,12,63.873456
2.79,12,63.881528
2.79,12,63.889562
2.83,12,63.897978
2.79,12,63.906466
2.79,12,63.91481
2.83,12,63.928159
2.79,12,63.938589
2.79,12,63.946757
2.79,12,63.95491
2.79,12,63.963057
2.83,14,63.972432
2.79,12,63.98089
2.79,12,63.989734
2.79,12,63.997965
2.83,12,64.0066
2.79,12,64.015007
2.79,12,64.023401
2.79,12,64.031676
2.83,12,64.039886
2.83,12,64.048129
2.79,12,64.056409
2.79,12,64.064551
2.83,12,64.072861
2.79,12,64.101432
2.79,12,64.109565
2.83,12,64.117748
2.83,12,64.126019
2.79,12,64.134193
2.83,12,64.14253
2.79,12,64.150688
2.79,12,64.158891
2.83,12,64.167109
2.83,12,64.175244
2.79,12,64.18389
2.79,12,64.192231
2.83,12,64.200439
2.79,12,64.208509
2.79,12,64.216692
2.79,12,64.226838
2.83,12,64.235498
2.83,12,64.243534
2.79,12,64.251614
2.79,12,64.259772
2.79,12,64.267911
2.83,12,64.275979
2.79,12,64.284057
2.83,12,64.296182
2.79,12,64.305605
2.83,12,64.31561
2.83,12,64.328599
2.83,12,64.336928
2.83,12,64.345014
2.79,12,64.353114
2.79,12,64.361369
2.79,12,64.369482
2.83,12,64.377895
2.79,12,64.386231
2.83,14,64.395632
2.83,12,64.40407
2.79,12,64.412423
2.79,12,64.42054
2.79,14,64.430225
2.79,12,64.438323
2.83,12,64.446405
2.79,12,64.454445
2.79,12,64.462537
2.79,12,64.470599
2.83,12,64.478738
2.79,12,64.486829
2.83,14,64.496244
2.79,12,64.50432
2.83,12,64.512832
2.79,12,64.522082
2.79,12,64.530909
2.79,12,64.539447
2.79,12,64.547858
2.79,12,64.556109
2.79,12,64.564325
2.79,12,64.577085
2.83,12,64.590746
2.83,12,64.604324
2.83,12,64.617605
2.79,12,64.63472
2.83,12,64.655545
2.83,12,64.671142
2.83,12,64.689029
2.83,12,64.702485
2.83,12,64.71688
2.83,12,64.741916
2.79,12,64.754969
2.83,12,64.767725
2.79,12,64.780679
2.83,12,64.792929
2.83,12,64.804219
2.83,12,64.817501
2.79,12,64.834591
2.83,12,64.84798
2.83,12,64.861073
2.79,12,64.872977
2.79,12,64.885621
2.79,12,64.89747
2.79,12,64.909533
2.79,12,64.923443
2.83,12,64.93526
2.83,12,64.948815
2.79,12,64.961425
2.79,12,65.030469
2.79,14,65.045674
2.79,16,65.062835
2.83,12,65.075172
2.83,12,65.087873
2.83,12,65.125444
2.79,12,65.158613
2.79,12,65.173156
2.83,12,65.192649
2.83,12,65.205334
2.79,14,65.220215
2.79,12,65.234091
2.83,12,65.247258
2.79,12,65.259719
2.83,12,65.272336
2.83,12,65.285304
2.83,14,66.734527
2.83,12,66.747862
2.83,14,66.765067
2.79,12,66.777587
2.83,12,66.790835
2.83,12,66.805249
2.79,12,66.8188
2.79,12,66.831547
2.83,12,66.844722
2.83,14,66.860115
2.79,12,66.87341
2.83,14,66.888551
0.36,14,66.902515
2.83,12,66.915255
2.83,12,66.927845
2.83,12,66.939781
2.79,14,66.95626
2.83,12,66.969082
2.79,14,66.984773
0.36,14,67.002466
2.79,12,67.015269
0.36,18,67.032698
2.79,14,67.047883
2.83,12,67.061013
2.83,12,67.074084
2.79,12,67.087025
0.26,18,67.106336
2.83,12,67.11853
2.83,12,67.130959
2.83,12,67.143698
2.79,12,67.156691
2.79,16,67.172979
2.79,12,67.185825
2.83,14,67.200526
2.83,12,67.212928
2.79,12,67.228485
2.79,12,67.241529
2.83,12,67.256255
2.83,12,67.271979
2.83,12,67.284798
2.83,12,67.297833
2.79,12,67.310693
2.79,14,67.324117
2.83,14,67.338958
2.79,14,67.352828
2.83,14,67.366488
2.83,12,67.378438
2.79,12,67.390515
2.83,12,67.403524
2.79,12,67.416008
2.83,12,67.439011
2.83,12,67.451736
2.79,12,67.464501
2.79,12,67.47715
2.79,12,67.488625
2.83,12,67.500316
2.79,12,67.512389
2.83,12,67.524751
2.83,14,67.540105
2.83,12,67.549148
2.83,12,67.557516
2.79,12,67.565448
2.83,14,67.574627
2.79,12,67.591739
2.79,12,67.599719
2.79,14,67.615646
2.83,12,67.624265
2.83,12,67.632662
2.79,14,67.64214
2.83,12,67.650423
2.83,12,67.658653
2.83,14,67.668032
2.79,12,67.6766
2.83,12,67.685195
2.83,12,67.693443
2.79,12,67.701488
2.83,12,67.70972
2.79,12,67.718114
2.83,12,67.727237
2.79,12,67.735392
2.79,14,67.744598
2.83,12,67.752694
2.79,12,67.761439
2.83,12,67.769665
2.79,12,67.777737
2.83,12,67.789634
2.83,14,67.801457
2.79,12,67.809587
2.79,12,67.817726
2.79,12,67.826138
2.83,12,67.835277
2.79,12,67.846936
2.83,14,67.868231
2.79,14,67.884126
2.83,12,67.896844
2.83,12,67.910004
2.79,12,67.923067
2.83,12,67.942075
2.79,14,67.957248
2.83,12,67.970478
2.79,12,67.98473
2.83,12,67.998036
2.79,14,68.011596
2.79,12,68.022839
2.79,12,68.036083
2.79,12,68.048949
2.79,14,68.06439
2.79,12,68.077825
2.83,14,68.093501
2.79,18,68.111694
2.83,16,68.131804
2.83,12,68.145084
2.79,12,68.157445
2.79,12,68.170079
2.79,12,68.182158
2.79,12,68.194776
2.83,12,68.207945
2.83,12,68.221128
2.79,12,68.236867
2.83,12,68.2515
2.79,12,68.272646
2.83,12,68.286705
2.79,12,68.299998
2.83,12,68.313476
2.79,12,68.326882
2.79,12,68.341249
2.83,12,68.354639
2.83,12,68.367778
2.79,14,68.382985
2.83,12,68.396096
2.83,12,68.409582
2.79,12,68.422711
2.83,12,68.437414
0.33,14,68.452462
2.79,14,68.468146
2.83,18,68.493268
0.36,16,68.509965
2.79,12,68.522709
2.79,12,68.535995
2.79,12,68.548461
2.83,12,68.560855
2.83,14,68.575109
2.79,12,68.599389
2.79,14,68.614795
2.79,12,68.62787
2.83,12,68.641288
2.79,18,68.661023
2.79,12,68.673456
2.79,12,68.686729
2.79,12,68.699787
2.83,14,68.713765
0.32,14,68.728297
2.79,12,68.771173
2.83,14,68.787035
2.83,12,68.806477
2.79,12,68.819929
2.83,12,68.832932
2.83,12,68.846074
2.79,12,68.860507
2.79,12,68.873158
2.83,12,68.88587
2.83,12,69.977441
2.83,12,69.986104
2.83,12,69.99434
2.83,12,70.002456
2.83,12,70.011504
2.79,12,70.020334
2.79,12,70.028434
2.83,14,70.037814
2.83,12,70.047477
2.83,12,70.056162
2.83,12,70.064793
2.83,12,70.073187
2.83,14,70.082741
2.79,12,70.091005
2.83,12,70.099265
2.79,12,70.107685
2.83,12,70.116134
2.83,14,70.125664
2.83,12,70.133889
2.79,12,70.142528
2.79,12,70.150892
2.83,12,70.159449
2.83,12,70.167628
2.79,12,70.176039
2.83,12,70.184577
2.83,12,70.192868
0.32,14,70.20242
0.28,22,70.216809
2.83,12,70.227005
2.83,12,70.235606
2.79,12,70.246046
2.83,14,70.255754
2.83,12,70.263939
2.79,12,70.272584
2.83,12,70.280856
2.79,12,70.289082
2.79,12,70.297303
2.83,12,70.305514
2.83,12,70.313741
2.83,12,70.32194
2.83,12,70.330318
2.83,12,70.338556
2.79,14,70.347998
2.79,12,70.356266
2.83,14,70.365798
2.79,12,70.373997
2.79,14,70.383445
2.83,12,70.39161
2.83,14,70.401194
2.79,14,70.41084
2.83,12,70.41923
2.83,12,70.427605
2.83,12,70.435788
2.83,12,70.443985
2.83,12,70.452164
2.79,12,70.460325
2.83,12,70.468472
2.83,12,70.476746
2.83,12,70.484871
2.79,12,70.493186
2.79,12,70.512005
2.83,12,70.520505
2.83,12,70.5288
2.83,12,70.537016
2.83,14,70.546639
2.79,12,70.55489
2.83,14,70.564429
2.79,12,70.572947
2.83,12,70.581259
2.83,12,70.589422
2.79,12,70.597668
2.83,12,70.60578
2.83,12,70.614003
2.83,12,70.622243
2.83,12,70.630522
2.83,12,70.638689
2.79,12,70.646837
2.79,12,70.655324
2.83,12,70.663735
2.83,12,70.671913
2.79,12,70.680122
0.36,14,70.68965
2.79,12,70.697931
2.83,12,70.706124
0.36,14,70.720052
2.83,12,70.729262
2.79,12,70.737485
2.83,12,70.745952
2.79,14,70.755944
2.83,12,70.764986
2.83,12,70.774825
2.83,12,70.783748
2.83,12,70.792017
2.83,12,70.80026
2.83,12,70.808695
2.83,12,70.817247
2.83,14,70.826959
2.79,12,70.835266
2.79,12,70.843595
2.83,12,70.851916
2.79,12,70.860218
2.83,12,70.86851
2.83,16,70.885816
2.83,12,70.894557
2.83,12,70.903166
2.79,12,70.913754
2.83,14,70.92748
2.83,12,70.937497
2.79,12,70.945642
2.79,12,70.953753
2.83,12,70.962011
2.79,12,70.970952
2.79,12,70.979231
2.83,16,70.991281
2.83,12,70.999567
2.83,12,71.007926
2.83,12,71.016097
2.83,12,71.024208
2.79,12,71.032286
2.83,14,71.043439
2.83,12,71.0544
2.83,12,71.062701
2.79,12,71.071849
2.79,14,71.081333
2.79,12,71.089753
2.83,14,71.09911
2.83,14,71.108496
2.83,12,71.116667
2.79,12,71.124884
2.83,14,71.134575
2.83,12,71.142744
2.83,12,71.150988
2.79,12,71.159214
2.83,12,71.167301
2.83,12,71.175694
2.79,12,71.184008
2.83,12,71.192091
2.83,12,71.20019
2.83,12,71.208334
2.83,12,71.216695
2.79,12,71.226872
2.83,12,71.243959
2.83,14,71.25329
0.36,14,71.262611
0.36,14,71.271947
2.83,12,71.280703
2.79,12,71.288824
0.32,16,71.299448
2.83,12,71.307868
2.79,12,71.316761
2.83,12,71.325319
2.83,12,71.333596
2.79,12,71.344173
2.83,12,71.352472
2.83,12,71.360775
2.83,12,71.369273
2.83,14,71.378802
2.83,12,71.386965
2.79,12,71.395131
2.83,12,71.403328
2.83,12,71.411453
2.83,12,71.419991
2.79,12,71.428307
2.83,12,71.436434
2.83,12,71.448122
2.83,14,72.413757
2.83,12,72.422022
2.83,12,72.430282
2.83,12,72.438423
2.79,12,72.446452
2.79,12,72.454503
2.83,12,72.462574
2.79,12,72.470576
2.83,12,72.478706
2.83,12,72.486816
2.83,12,72.494866
2.83,14,72.504109
2.83,12,72.512275
2.83,12,72.520333
2.83,12,72.528476
2.79,12,72.536492
2.83,12,72.544599
2.79,12,72.552709
2.79,12,72.560859
2.79,16,72.571277
0.36,14,72.580631
2.83,12,72.588669
2.79,12,72.596741
2.83,12,72.604785
2.83,12,72.612818
2.83,12,72.620817
2.79,12,72.628921
2.79,12,72.636959
2.79,12,72.644994
2.83,12,72.653027
2.79,12,72.661162
2.79,12,72.669202
2.83,12,72.677541
2.83,12,72.685557
2.83,12,72.693626
2.83,12,72.701718
2.79,14,72.710963
2.79,12,72.719035
2.83,12,72.727173
2.83,12,72.735296
2.83,12,72.743329
2.83,12,72.751422
2.83,12,72.763268
2.79,12,72.776312
2.83,12,72.78841
2.79,12,72.800432
2.79,12,72.812669
2.79,12,72.824843
2.83,12,72.837653
2.79,12,72.849774
2.83,14,72.860116
2.83,12,72.868221
2.79,12,72.876315
2.83,12,72.8844
2.83,12,72.892639
2.79,14,72.902091
2.79,12,72.910686
2.79,12,72.927099
2.83,12,72.935223
2.79,12,72.94319
2.83,12,72.95118
2.83,12,72.961817
2.83,12,72.97382
2.83,12,72.985794
2.83,12,72.99407
2.83,12,73.00223
2.79,16,73.012801
2.83,12,73.020887
2.79,14,73.030134
2.79,12,73.038334
2.83,12,73.046424
2.83,14,73.05578
2.83,12,73.063865
2.83,12,73.071944
2.79,12,73.080061
2.83,12,73.088499
2.83,12,73.10021
2.83,12,73.108334
2.83,12,73.116568
0.36,14,73.128749
2.79,14,73.138324
0.21,32,73.160103
2.83,14,73.169457
2.79,12,73.177979
2.83,14,73.18731
2.83,12,73.195433
2.79,12,73.203845
2.83,12,73.214314
2.79,14,73.224719
2.79,14,73.23502
2.79,12,73.243082
2.83,12,73.251079
2.83,12,73.259166
2.83,16,73.270292
2.83,14,73.280108
2.83,12,73.288283
2.83,12,73.296836
2.79,12,73.305015
2.79,12,73.313183
2.83,12,73.321436
2.79,12,73.329791
2.79,14,73.339266
2.79,12,73.347457
2.83,12,73.355668
2.83,12,73.36703
0.32,14,73.376657
2.83,12,73.38483
2.83,12,73.393063
2.79,12,73.402407
2.79,12,73.412154
2.79,12,73.420717
2.79,12,73.429071
2.79,12,73.437378
2.79,12,73.445553
2.83,12,73.453753
2.79,12,73.46319
2.83,12,73.472566
2.79,12,73.480748
2.83,12,73.488886
2.79,12,73.497093
2.79,12,73.505216
2.83,12,73.513631
2.79,12,73.521776
2.83,12,73.530047
2.83,14,73.539476
2.83,12,73.548637
2.83,12,73.557189
2.83,12,73.565472
2.83,12,73.573724
2.83,14,73.583562
2.83,12,73.591704
2.83,12,73.599869
2.83,12,73.608062
2.83,12,73.616189
2.79,12,73.62437
2.83,12,73.632627
2.83,12,73.648893
2.83,12,73.65704
2.79,14,73.666451
2.83,12,73.674581
2.79,12,73.682715
2.79,12,73.69081
2.83,12,73.699016
2.83,12,73.707119
2.83,12,73.715734
2.83,12,73.723974
2.79,12,73.732254
2.83,12,73.74044
2.83,12,73.748618
2.83,12,73.756788
2.79,14,73.766429
2.83,12,73.775445
2.79,12,73.783751
2.83,12,73.791964
2.79,12,73.801508
2.83,12,73.810655
2.83,14,73.820429
2.79,12,73.828829
2.83,12,73.836978
2.83,12,73.84728
2.83,12,73.857908
2.79,12,73.866054
2.83,12,73.874201
2.83,14,73.887165
2.83,12,74.849022
2.79,12,74.857452
2.83,14,74.867108
2.83,12,74.875729
2.83,12,74.883932
2.83,12,74.892411
2.83,12,74.900866
2.83,12,74.909466
2.83,12,74.917779
2.83,12,74.925819
2.83,12,74.933859
2.83,12,74.941978
2.83,12,74.949999
2.79,12,74.958028
2.83,12,74.966023
2.83,12,74.974257
2.83,12,74.982701
2.83,16,74.993671
2.83,12,75.004752
2.83,12,75.016251
2.83,12,75.02463
2.83,12,75.032631
2.83,12,75.040708
2.83,12,75.048785
2.83,12,75.056793
2.79,12,75.064788
2.83,12,75.072788
2.79,12,75.080784
2.83,12,75.089142
2.83,12,75.09715
2.79,12,75.105099
2.83,12,75.11374
2.83,12,75.121737
2.83,12,75.130946
2.83,14,75.141066
2.83,12,75.149037
2.83,12,75.157015
2.83,12,75.166462
2.83,12,75.175086
2.83,12,75.183634
2.83,14,75.193652
2.79,12,75.201877
2.83,12,75.212636
2.79,12,75.223456
2.83,12,75.235598
2.83,12,75.245795
2.79,12,75.254142
2.83,14,75.263901
2.83,12,75.272229
2.83,12,75.280432
2.83,12,75.288594
2.83,14,75.29799
2.83,12,75.30616
2.83,12,75.337627
2.83,14,75.347101
2.83,14,75.356445
2.83,12,75.364494
2.83,12,75.372676
2.79,12,75.380749
2.83,12,75.38917
2.79,12,75.397379
2.83,12,75.405471
2.79,12,75.413582
2.79,12,75.421762
2.83,12,75.430084
2.83,12,75.438231
2.83,12,75.446268
2.83,14,75.45559
2.83,14,75.464944
2.83,12,75.473041
2.79,12,75.481218
2.83,12,75.489306
2.83,12,75.49762
2.79,12,75.506279
2.79,12,75.514594
2.83,12,75.522648
2.79,12,75.535198
2.79,12,75.543487
2.83,12,75.551579
2.83,12,75.559633
2.79,12,75.567631
2.83,12,75.575821
2.79,12,75.584026
2.83,12,75.592566
2.83,12,75.600661
2.83,12,75.609306
2.83,12,75.61801
2.83,12,75.626436
2.79,12,75.634924
2.83,12,75.643296
2.83,12,75.651634
0.36,14,75.661273
2.79,12,75.669927
2.83,16,75.6832
2.83,12,75.693923
2.83,12,75.703151
2.79,12,75.711427
2.79,12,75.720037
2.83,14,75.729823
2.83,12,75.738449
2.83,14,75.747932
2.79,12,75.756196
2.83,12,75.764437
2.79,12,75.772655
2.83,12,75.781837
2.79,12,75.790231
2.83,12,75.798481
2.83,12,75.807163
2.79,12,75.815753
2.83,12,75.823988
2.79,12,75.832798
2.83,14,75.842438
2.79,12,75.852262
2.83,12,75.862004
2.83,12,75.870581
2.79,12,75.878871
2.83,14,75.888316
2.83,12,75.896588
2.83,12,75.904731
2.79,12,75.912874
2.83,12,75.921274
2.83,12,75.929526
2.83,12,75.937867
0.33,20,75.950929
2.83,12,75.959084
2.79,12,75.970597
2.83,12,75.983477
2.79,14,75.998573
2.83,12,76.006796
2.83,14,76.01654
2.79,12,76.028264
2.83,12,76.039879
2.79,12,76.048167
2.79,12,76.056768
2.83,12,76.075075
2.83,14,76.084507
2.79,12,76.092707
2.83,14,76.102237
2.83,14,76.111848
2.83,12,76.120087
2.83,12,76.128388
2.83,12,76.136565
2.83,12,76.144858
2.79,12,76.153177
2.83,12,76.161444
2.79,12,76.169739
2.83,12,76.178056
2.83,12,76.186332
2.83,12,76.194764
2.83,12,76.203023
2.79,12,76.211286
2.79,12,76.219527
2.83,12,76.230274
2.79,12,76.238484
2.79,12,76.246661
2.79,12,76.256244
2.79,12,76.264542
2.79,12,76.275984
2.83,12,76.284801
2.83,12,76.293275
2.83,12,76.301447
2.79,12,76.309612
2.83,12,76.317827
2.83,12,76.32602
2.83,12,76.334272
2.83,12,76.342836
2.79,12,77.348211
2.83,12,77.35634
2.83,12,77.364335
2.83,12,77.372461
2.83,12,77.380504
2.83,12,77.388671
2.83,12,77.396695
2.83,12,77.404742
2.83,12,77.412768
2.83,12,77.421162
2.83,12,77.42925
2.83,14,77.438526
2.79,12,77.446839
2.83,12,77.45503
2.83,12,77.463018
2.83,12,77.470997
2.83,14,77.480247
2.79,12,77.488257
2.83,12,77.496946
2.83,12,77.504925
2.83,14,77.514141
2.83,14,77.523323
2.79,12,77.531428
2.83,12,77.539401
2.83,12,77.547489
2.83,12,77.555515
2.83,12,77.56348
2.83,12,77.571569
2.83,12,77.579543
2.83,12,77.587711
2.83,12,77.595742
2.83,12,77.603764
2.83,12,77.611731
2.79,12,77.619954
2.83,12,77.628046
2.83,12,77.636068
2.83,12,77.64408
2.79,12,77.652062
2.83,12,77.660594
2.83,12,77.668792
2.83,12,77.676831
2.83,12,77.685443
2.83,12,77.693833
2.83,12,77.702164
2.83,12,77.710425
2.83,12,77.718728
2.83,12,77.727255
2.83,12,77.73556
2.83,12,77.744112
2.83,12,77.75234
2.83,12,77.769954
2.83,12,77.778472
2.79,12,77.787846
2.83,12,77.79919
2.79,12,77.808731
2.79,12,77.816873
2.83,12,77.825016
2.83,14,77.834871
2.83,14,77.844483
2.83,12,77.853476
0.32,14,77.862957
2.83,12,77.871118
2.83,12,77.879233
2.83,12,77.887314
2.83,12,77.895532
2.83,12,77.903722
2.83,12,77.911885
2.83,12,77.920136
2.83,12,77.92817
2.79,14,77.93744
2.83,14,77.946661
2.83,12,77.954664
2.83,12,77.963308
2.83,12,77.97548
2.79,14,77.985332
2.83,12,77.993473
2.83,12,78.001537
2.79,12,78.009613
2.83,12,78.018093
2.79,12,78.026261
2.83,12,78.034934
2.83,12,78.043416
2.83,12,78.051958
2.83,12,78.060673
2.83,12,78.072093
2.83,12,78.084339
2.83,12,78.092696
2.83,12,78.101009
2.83,12,78.111266
2.83,12,78.121467
2.83,12,78.12958
2.83,12,78.137669
2.83,12,78.145715
2.83,12,78.153724
2.83,14,78.16306
2.83,12,78.171091
2.83,14,78.180847
2.83,12,78.189027
2.79,12,78.19709
2.79,12,78.205426
2.83,12,78.213607
2.83,12,78.225601
2.83,12,78.235595
2.83,12,78.24383
2.83,12,78.252405
0.36,14,78.262112
2.83,12,78.27026
2.83,12,78.27833
2.83,12,78.286439
2.79,12,78.294481
2.83,14,78.303808
2.83,12,78.312125
2.83,12,78.320247
2.83,12,78.328475
2.83,12,78.336483
2.83,12,78.344538
2.83,14,78.353782
2.83,12,78.361836
2.83,12,78.369901
2.83,12,78.378059
2.83,12,78.386153
2.83,12,78.394221
2.83,12,78.404509
2.83,12,78.413043
2.83,12,78.421526
2.83,12,78.429744
2.83,12,78.437894
2.83,12,78.445935
2.83,12,78.453983
2.83,12,78.462003
2.83,12,78.472081
2.79,12,78.484408
2.83,12,78.514639
2.83,12,78.528525
2.83,12,78.541537
2.83,12,78.554616
2.79,12,78.567621
2.83,12,78.586028
2.83,12,78.599371
2.83,12,78.611998
2.83,12,78.624228
2.83,12,78.637227
2.83,12,78.650166
2.83,12,78.662266
2.83,12,78.675439
2.83,12,78.689231
2.83,12,78.71059
2.79,12,78.723731
2.83,12,78.737041
2.83,12,78.75074
2.83,14,78.765084
2.83,12,78.777772
2.83,14,78.795254
2.83,12,78.808482
2.83,12,78.820674
2.83,12,78.832819
2.83,12,78.845736
2.79,12,78.857931
2.83,12,78.870169
2.83,12,78.883833
2.83,12,78.898817
2.83,12,78.912318
2.83,12,78.925728
2.83,12,78.945453
2.83,12,78.959084
2.83,12,78.971815
2.83,12,78.98658
2.79,12,78.999947
2.83,12,80.389397
2.79,12,80.397614
2.83,12,80.405694
2.83,12,80.413736
2.83,12,80.421936
2.83,12,80.430026
2.83,12,80.43857
2.83,12,80.446706
2.83,12,80.454836
2.79,12,80.462907
2.83,12,80.471012
2.83,12,80.479113
2.83,12,80.487172
2.83,12,80.495232
2.83,12,80.503491
2.83,14,80.51354
2.83,12,80.521924
2.83,12,80.530113
2.83,12,80.538226
2.83,14,80.547663
2.83,12,80.555785
2.83,12,80.563824
2.83,12,80.571856
2.83,12,80.580158
2.83,12,80.588161
2.83,12,80.596215
2.83,12,80.604281
2.79,12,80.612286
2.83,12,80.620457
2.83,12,80.62855
2.83,12,80.636621
2.83,12,80.64466
2.83,12,80.65265
2.83,12,80.660877
2.83,12,80.668917
2.83,12,80.677002
2.83,12,80.685035
2.83,12,80.693054
2.83,12,80.70112
2.83,12,80.709323
2.83,12,80.717395
2.83,12,80.72542
2.83,12,80.733446
2.83,12,80.741647
2.83,12,80.749663
2.83,12,80.757741
2.83,12,80.7849
0.36,14,80.79554
2.83,14,80.804859
2.83,12,80.812933
2.79,12,80.820977
2.83,12,80.832675
2.83,12,80.840758
0.36,14,80.850044
2.83,12,80.858874
2.83,12,80.867904
2.83,12,80.879702
2.83,12,80.888079
2.83,12,80.896365
2.83,12,80.905159
2.83,12,80.913362
2.83,12,80.92246
2.83,12,80.930883
2.83,12,80.939071
2.83,12,80.947628
2.83,14,80.957285
2.83,12,80.965587
2.83,12,80.977584
2.83,12,80.986571
2.83,12,80.994645
2.83,12,81.002691
2.83,12,81.010723
2.83,12,81.018748
2.83,12,81.026914
2.83,12,81.034926
2.83,12,81.042936
2.83,12,81.050981
2.83,12,81.058988
2.83,12,81.067072
2.83,12,81.075114
2.83,12,81.08314
2.83,12,81.091175
2.83,12,81.099168
2.83,12,81.107173
2.83,14,81.116446
2.83,12,81.124581
2.83,12,81.132811
2.83,12,81.141325
2.83,12,81.15306
2.83,12,81.163748
2.83,14,81.17297
2.83,14,81.182667
2.83,12,81.190712
2.83,12,81.19871
2.83,12,81.206703
2.83,12,81.214691
2.83,12,81.22388
2.83,12,81.232751
2.79,12,81.240805
2.83,12,81.248835
2.83,12,81.256992
2.83,12,81.265028
2.83,12,81.273068
2.83,12,81.281123
2.83,12,81.289143
2.83,12,81.297182
2.83,12,81.306276
2.83,12,81.314721
2.83,12,81.323118
2.83,12,81.331525
2.83,12,81.339849
2.83,12,81.348056
2.83,12,81.356313
2.83,12,81.364847
2.83,12,81.373077
2.83,12,81.381243
2.83,12,81.389588
2.83,12,81.397972
2.83,12,81.406559
2.83,12,81.414804
2.83,12,81.422978
2.83,12,81.431473
2.83,12,81.439608
2.83,12,81.447672
2.83,12,81.455776
2.83,12,81.463927
2.83,12,81.472415
2.83,12,81.480512
2.83,12,81.49778
0.36,14,81.50724
2.79,12,81.515681
2.83,12,81.523685
2.83,12,81.531871
2.83,12,81.539932
2.83,12,81.548088
2.83,12,81.556153
2.83,12,81.564167
2.83,12,81.572161
2.83,12,81.580228
2.83,12,81.591123
2.83,12,81.60306
2.83,12,81.615485
2.83,12,81.628784
2.83,12,81.640704
2.79,12,81.652744
2.83,12,81.665431
2.79,12,81.677627
2.83,12,81.690594
2.83,12,81.707139
2.83,12,81.717041
2.83,12,81.725688
2.83,12,81.733806
2.83,12,81.741935
2.83,12,81.750212
2.83,12,81.758842
2.83,12,81.768962
2.83,12,81.778026
2.83,12,81.786486
2.83,12,81.795531
2.79,12,81.803814
2.83,12,81.812071
2.83,12,81.821392
2.83,12,81.829874
0.32,14,81.840228
2.83,12,81.848552
2.83,12,81.85672
2.83,12,81.867323
2.83,12,81.876543
2.83,12,81.885126
2.83,12,82.927567
2.83,12,82.940026
2.83,12,82.950789
0.36,14,82.960672
2.83,12,82.968803
2.83,12,82.978865
2.79,12,82.990165
2.83,12,83.000409
2.83,12,83.010816
2.83,12,83.02117
2.83,12,83.031493
2.83,12,83.04187
2.83,12,83.051963
2.83,12,83.061993
2.83,12,83.072074
2.83,12,83.082158
2.83,12,83.092204
2.83,12,83.102474
2.83,12,83.112655
2.83,12,83.122972
2.83,12,83.133377
2.83,12,83.144644
2.83,12,83.153111
2.83,12,83.161611
2.83,12,83.169879
0.36,14,83.180014
2.83,12,83.19083
2.83,12,83.202609
2.83,12,83.212763
2.83,12,83.221433
2.83,12,83.232282
2.83,12,83.240549
2.83,12,83.248663
2.83,12,83.256864
2.83,14,83.26628
2.83,12,83.274453
2.83,12,83.282575
2.83,12,83.290699
2.83,12,83.298876
2.83,12,83.307267
2.83,12,83.31568
2.83,12,83.323974
2.83,12,83.341915
2.83,12,83.350067
2.83,12,83.35822
2.83,12,83.366446
2.83,12,83.374653
2.83,12,83.382871
2.83,14,83.392498
2.83,12,83.400854
2.83,12,83.409027
2.83,12,83.417198
2.83,12,83.425912
2.83,12,83.434122
2.83,12,83.442369
0.36,14,83.451814
2.83,12,83.459971
2.83,12,83.468138
2.83,12,83.476329
2.83,12,83.484571
2.83,12,83.492742
2.83,12,83.508318
2.83,12,83.518421
2.83,12,83.526711
2.83,12,83.535237
2.83,12,83.547706
2.83,12,83.555989
2.79,12,83.564206
2.83,12,83.572452
2.83,12,83.580652
2.83,12,83.589413
2.83,12,83.597643
2.83,12,83.605914
2.83,12,83.6146
2.83,12,83.628593
2.83,12,83.639064
2.83,12,83.647466
2.83,12,83.656574
2.83,12,83.6652
2.83,12,83.673648
2.83,12,83.683149
0.28,16,83.69569
2.83,12,83.704505
2.83,12,83.71282
2.83,12,83.721074
2.83,12,83.729433
2.83,12,83.737484
2.83,12,83.745643
2.83,12,83.753718
2.83,12,83.762705
2.83,12,83.771903
2.83,12,83.78005
2.79,12,83.788228
2.83,12,83.797494
2.83,12,83.806091
2.83,12,83.814381
2.83,12,83.822556
2.83,12,83.830784
2.83,12,83.842736
2.83,12,83.850919
2.83,12,83.859115
2.83,12,83.867784
2.83,12,83.87602
2.83,12,83.884741
2.83,12,83.893161
2.79,12,83.901616
2.83,12,83.910092
2.83,12,83.919121
2.83,12,83.927536
2.83,12,83.939876
2.83,12,83.948078
2.83,12,83.958403
2.83,12,83.967265
2.83,12,83.975716
2.83,12,83.984898
2.83,12,83.993534
2.83,12,84.002241
2.83,12,84.010538
2.83,12,84.018836
2.83,12,84.027437
2.83,12,84.03582
2.83,12,84.04429
2.83,12,84.052661
2.83,12,84.061013
2.83,12,84.069304
2.83,12,84.088034
2.83,12,84.096427
2.83,12,84.104714
2.83,12,84.112956
2.83,12,84.121274
2.83,12,84.129547
2.83,12,84.138147
2.83,12,84.146672
2.83,12,84.154947
2.83,14,84.164576
2.83,12,84.172849
2.83,12,84.181255
2.83,12,84.189627
2.83,12,84.198002
2.83,12,84.206265
2.83,12,84.218339
2.83,12,84.234397
2.83,12,84.242968
2.83,12,84.251295
2.83,12,84.263048
2.83,12,84.271509
2.83,12,84.281332
2.83,14,84.293439
2.83,12,84.301677
2.83,12,84.30994
2.83,12,84.318268
2.83,12,84.326624
2.83,12,84.33505
2.83,12,84.343585
2.83,12,84.352003
2.83,12,84.360324
2.83,12,84.3686
2.83,12,84.376912
2.83,12,84.385187
2.83,12,84.393598
2.83,12,84.401985
2.83,12,84.410306
2.83,12,84.41866
2.83,12,84.427246
2.83,12,84.436026
2.83,12,84.444369
2.83,14,84.453831
2.83,12,84.462142
2.83,12,84.47045
2.83,12,85.918176
2.83,12,85.926654
2.83,12,85.934774
2.83,12,85.948057
2.83,12,85.956215
2.83,12,85.964382
2.79,12,85.972813
2.83,12,85.980926
2.83,14,85.991048
2.83,12,85.999194
2.83,12,86.007235
2.83,12,86.015282
2.83,12,86.023628
2.83,12,86.032047
2.79,12,86.04041
2.83,12,86.048751
2.83,12,86.057186
2.79,12,86.065471
2.83,12,86.07444
2.83,12,86.082537
2.83,12,86.090512
2.83,12,86.098518
2.83,12,86.106468
2.83,12,86.114467
2.83,12,86.122456
2.83,12,86.130363
2.83,12,86.14377
2.83,12,86.152126
2.83,12,86.160129
2.83,12,86.168199
2.83,12,86.176238
2.83,12,86.184461
2.83,12,86.192574
2.83,12,86.200583
2.79,12,86.208575
2.83,12,86.21656
2.83,12,86.229197
2.83,12,86.237225
2.83,12,86.264922
2.83,12,86.275532
2.83,12,86.287286
2.83,12,86.295901
2.83,12,86.304269
2.83,12,86.312308
2.83,12,86.320549
2.83,12,86.328765
2.83,12,86.33682
2.83,12,86.344816
2.83,12,86.352856
2.83,12,86.360856
2.83,12,86.368877
2.83,12,86.376951
2.79,12,86.384954
2.83,12,86.393053
2.83,12,86.401233
2.83,12,86.409258
2.79,12,86.417329
2.83,12,86.42552
2.83,12,86.433686
2.83,12,86.441724
2.79,12,86.449754
2.83,12,86.461452
2.83,12,86.469498
2.83,12,86.477524
2.83,12,86.485559
2.83,12,86.493535
2.83,12,86.501559
2.83,12,86.510794
2.83,12,86.519226
2.83,12,86.527283
2.79,12,86.535331
2.79,12,86.543261
2.83,12,86.551721
2.83,12,86.559754
2.83,12,86.567735
2.83,12,86.575844
2.83,12,86.583826
2.83,12,86.592083
2.83,12,86.600099
2.83,12,86.608042
2.83,12,86.61637
2.83,12,86.624518
2.83,12,86.632666
2.83,12,86.6407
2.83,12,86.648735
2.83,12,86.65673
2.83,12,86.664821
2.83,12,86.672827
2.83,12,86.681298
2.83,12,86.689511
2.79,12,86.697742
2.83,12,86.70585
2.83,12,86.71443
2.83,12,86.722793
2.83,12,86.730918
2.83,12,86.738975
2.83,12,86.747299
2.79,12,86.755409
2.83,12,86.763402
2.83,12,86.771437
2.83,12,86.779473
2.83,12,86.787446
2.83,12,86.795472
2.83,12,86.806978
2.83,12,86.814993
2.83,12,86.822907
2.83,12,86.830913
2.83,12,86.839047
2.83,12,86.852515
2.83,12,86.860593
2.79,12,86.868441
2.83,12,86.876842
2.79,12,86.884873
2.83,12,86.892969
2.83,12,86.901525
2.83,12,86.909603
2.83,12,86.917601
2.83,12,86.925832
2.83,12,86.933872
2.83,12,86.942186
2.79,12,86.950493
2.83,12,86.959839
2.79,12,86.977168
2.79,12,86.986234
2.79,12,86.994792
2.83,12,87.003435
2.83,12,87.012131
2.83,12,87.020396
2.83,12,87.028879
2.83,12,87.037054
2.83,12,87.045127
2.83,12,87.053328
2.83,12,87.06145
2.83,12,87.069578
2.83,12,87.078158
2.83,12,87.086271
2.83,12,87.094404
2.83,12,87.102418
2.83,12,87.110387
2.83,12,87.119024
2.83,12,87.128568
2.83,12,87.136615
2.83,12,87.144707
2.83,12,87.15307
2.83,12,87.161121
2.83,12,87.170651
2.83,12,87.181066
2.83,12,87.189092
2.83,12,87.197198
2.79,12,87.205228
2.83,12,87.213248
2.83,12,87.221557
2.83,12,87.231484
2.79,12,87.23958
2.83,12,87.24755
2.83,12,87.255693
2.83,12,87.263675
2.83,12,87.271715
2.83,12,87.279722
2.83,12,87.287761
2.83,12,87.299145
2.83,12,87.310195
2.83,12,87.318479
2.83,12,87.326694
2.83,12,87.334781
2.83,12,87.342763
2.83,12,87.350847
2.83,12,87.358876
2.79,12,87.366842
2.83,12,87.375454
2.83,12,88.372739
2.83,12,88.380952
2.83,12,88.389063
2.83,12,88.397293
2.83,12,88.405499
2.83,12,88.413556
2.83,12,88.421739
2.83,12,88.430556
2.83,12,88.438779
2.83,12,88.44688
2.83,12,88.455034
2.79,12,88.463171
2.83,12,88.472157
2.83,12,88.481418
2.83,12,88.489725
2.83,12,88.498024
2.83,12,88.506304
2.83,12,88.514664
2.83,12,88.523187
2.83,12,88.531854
2.83,12,88.539926
2.83,12,88.548077
2.83,12,88.556125
2.83,12,88.564115
2.83,12,88.572089
2.79,12,88.580082
2.83,12,88.588058
2.83,12,88.596113
2.83,12,88.604122
2.83,12,88.612051
2.83,12,88.620039
2.83,12,88.628067
2.83,12,88.636044
2.83,12,88.644009
2.83,12,88.651974
2.83,12,88.67069
2.83,12,88.679076
2.83,12,88.687487
2.83,14,88.696739
2.83,12,88.704724
2.83,12,88.712601
2.83,12,88.720532
2.83,12,88.728735
2.83,12,88.736759
2.83,12,88.744715
2.83,12,88.752809
2.83,12,88.761243
2.83,12,88.76919
2.83,12,88.777185
2.83,12,88.785485
2.83,12,88.79361
2.83,12,88.801601
2.83,12,88.810309
2.83,12,88.818419
2.83,12,88.8265
2.79,12,88.834463
2.83,12,88.842402
2.83,12,88.850367
2.83,12,88.858753
2.83,12,88.869203
2.83,12,88.878622
2.83,12,88.886628
2.83,12,88.894626
2.83,12,88.902695
2.79,12,88.910623
2.83,12,88.918753
2.83,12,88.926925
0.36,14,88.936097
2.83,12,88.944107
2.83,12,88.952076
2.83,12,88.964832
2.83,12,88.972806
2.83,14,88.982137
2.83,12,88.990858
2.83,12,88.998977
2.83,12,89.006966
2.83,12,89.014904
2.83,12,89.022986
2.83,12,89.030925
2.83,12,89.03894
2.83,12,89.04693
2.83,12,89.054953
2.83,12,89.063106
2.83,12,89.071239
2.83,12,89.079287
2.83,12,89.087265
2.83,12,89.095269
2.83,12,89.103194
2.83,12,89.111166
2.83,12,89.119126
2.83,12,89.127083
2.83,12,89.135089
2.83,12,89.143224
2.83,12,89.151191
2.83,12,89.159148
2.83,14,89.169942
2.83,12,89.177953
2.83,12,89.185977
2.83,12,89.194129
2.83,12,89.202089
2.83,12,89.210024
2.83,12,89.218204
2.83,12,89.228373
2.83,12,89.236297
2.83,12,89.244224
2.83,14,89.253853
2.83,12,89.262055
2.83,12,89.269967
2.83,12,89.27792
2.83,12,89.285838
2.83,12,89.293765
2.83,12,89.301673
2.83,12,89.309595
2.83,12,89.317479
2.83,12,89.325642
2.83,12,89.3353
2.83,12,89.346872
2.83,12,89.365071
2.83,12,89.373145
2.83,12,89.381119
2.79,12,89.389071
2.83,12,89.397166
2.83,12,89.405217
2.83,12,89.413203
2.83,12,89.421189
2.83,12,89.429646
2.83,12,89.437652
2.83,12,89.445738
2.83,12,89.453695
2.83,12,89.461758
2.83,14,89.470978
2.83,12,89.481105
2.83,14,89.490312
2.83,12,89.499692
2.83,12,89.50821
2.83,12,89.516697
2.83,12,89.525034
2.83,12,89.533523
2.83,12,89.54189
2.83,12,89.551061
2.83,12,89.559907
2.83,12,89.57179
2.83,12,89.583022
2.83,12,89.593599
2.83,12,89.603177
2.83,12,89.611457
2.83,12,89.61973
2.83,12,89.628647
2.83,12,89.636854
2.83,12,89.645033
2.83,14,89.655257
2.83,12,89.663702
2.83,12,89.672447
2.83,12,89.680657
2.83,12,89.688826
2.83,12,89.697077
2.83,12,89.705195
2.83,12,89.7133
2.83,12,89.721502
2.83,12,89.729789
2.83,12,89.737904
2.83,12,89.746435
2.83,12,89.755137
2.83,12,89.763448
2.83,12,89.771563
2.83,12,89.779869
2.83,12,89.787984
2.83,12,89.796262
2.83,12,89.804404
2.83,12,89.813283
2.83,12,90.835517
2.83,12,90.844191
2.83,12,90.852463
2.83,12,90.861243
2.83,12,90.869971
2.83,12,90.878114
2.83,12,90.886235
2.83,14,90.895747
2.83,12,90.907955
2.83,12,90.917045
2.83,12,90.925437
2.83,12,90.934317
2.83,12,90.942445
2.83,12,90.950575
2.83,12,90.958695
2.83,12,90.966823
2.83,12,90.975659
2.83,12,90.984633
2.83,12,90.992809
2.83,12,91.000998
2.83,12,91.008965
2.83,12,91.016956
2.83,12,91.025061
2.83,12,91.033187
2.83,12,91.041192
2.83,12,91.050046
2.83,12,91.058077
2.83,12,91.066061
2.83,12,91.074253
2.83,12,91.08229
2.83,12,91.109447
2.83,12,91.117467
2.83,12,91.125636
2.83,12,91.133749
2.83,12,91.141869
2.83,12,91.149876
2.83,12,91.157935
2.83,12,91.165968
2.83,12,91.17415
2.83,12,91.182239
2.83,12,91.190297
2.83,12,91.198517
2.83,12,91.206492
2.83,12,91.214496
2.83,12,91.223791
2.83,12,91.232922
2.83,12,91.240944
2.83,12,91.248927
2.83,12,91.25693
2.83,12,91.264918
2.83,12,91.272983
2.83,12,91.281422
2.83,12,91.289503
2.83,12,91.301509
2.83,12,91.309733
2.83,12,91.317726
2.83,12,91.325828
2.83,12,91.333835
2.83,12,91.341899
2.83,12,91.349895
2.83,12,91.357909
2.83,12,91.365891
2.83,12,91.37412
2.83,12,91.385163
2.83,12,91.396834
2.83,12,91.405002
2.83,12,91.412997
2.83,12,91.421003
2.83,12,91.429624
2.83,12,91.437662
2.83,12,91.445663
2.83,12,91.453628
2.83,12,91.461629
2.83,12,91.469605
2.83,12,91.477564
2.83,12,91.485537
2.83,12,91.493501
2.83,12,91.501573
2.83,12,91.509536
2.83,12,91.517575
2.83,12,91.525512
2.83,12,91.533584
2.83,12,91.541515
2.83,12,91.549584
2.83,12,91.557551
2.83,12,91.56548
2.83,14,91.574763
2.83,12,91.582705
2.83,12,91.590662
2.83,12,91.598734
2.83,12,91.606704
2.83,12,91.615153
2.83,12,91.623192
2.83,12,91.631422
2.83,12,91.639317
2.83,12,91.6475
2.83,12,91.655882
2.83,12,91.664428
2.83,12,91.67452
2.83,12,91.683246
2.83,12,91.691466
2.83,12,91.699723
2.83,12,91.707906
2.83,12,91.716405
2.83,12,91.724533
2.83,12,91.732857
2.83,12,91.741282
2.83,12,91.749438
2.83,12,91.757563
2.83,14,91.766883
2.83,12,91.775266
2.83,12,91.783334
2.83,12,91.791975
2.83,14,91.823023
2.83,12,91.831413
2.83,12,91.839545
2.83,12,91.847612
2.83,12,91.855706
2.83,12,91.86419
2.83,12,91.872529
2.83,12,91.880646
2.83,12,91.889334
2.83,12,91.897705
2.83,12,91.906012
2.83,12,91.914782
2.83,12,91.923131
2.83,12,91.931908
2.83,12,91.940047
2.83,12,91.948079
2.83,12,91.956185
2.83,12,91.964267
2.83,12,91.978215
2.83,12,91.987463
2.83,12,91.995748
2.83,12,92.00402
2.83,12,92.016592
2.83,12,92.025708
2.83,12,92.033983
2.83,12,92.042465
2.83,12,92.050654
2.83,12,92.058799
2.83,12,92.066824
2.83,12,92.074897
2.83,12,92.083037
2.83,12,92.091063
2.83,12,92.099518
2.83,12,92.107594
2.83,12,92.115628
2.83,12,92.12359
2.83,12,92.131574
2.83,12,92.139571
2.83,12,92.147879
2.83,12,92.155932
2.83,12,92.163924
2.83,12,92.172035
2.83,12,92.180288
2.83,12,92.188417
2.83,12,92.196453
2.83,12,92.20453
2.83,12,92.212522
2.83,14,92.221776
2.83,12,92.231623
2.83,12,92.239611
2.83,12,92.251388
2.83,12,92.25989
2.83,12,92.267911
2.83,12,92.276139
2.83,12,92.284129
2.83,12,92.292075
2.83,12,93.334578
2.83,12,93.344915
2.83,14,93.356548
2.83,12,93.36661
2.83,12,93.376739
2.83,12,93.386865
2.83,12,93.396983
2.83,12,93.407182
2.79,12,93.415663
2.83,12,93.428638
2.83,14,93.441894
2.83,12,93.450248
2.79,12,93.458497
2.79,12,93.466699
2.83,12,93.474985
2.83,12,93.4836
2.83,12,93.491826
2.83,12,93.500093
2.83,12,93.508338
2.83,12,93.516622
2.79,12,93.524881
2.83,12,93.533526
2.83,12,93.541964
2.83,12,93.550364
2.79,12,93.558662
2.83,12,93.566896
2.83,12,93.575227
2.83,12,93.595457
2.83,12,93.604205
2.83,12,93.612388
2.83,12,93.620442
2.79,12,93.629192
2.83,12,93.638026
2.79,12,93.646233
2.83,12,93.654431
2.79,12,93.662673
2.79,12,93.670823
2.83,12,93.67898
2.83,12,93.687135
2.83,12,93.695313
2.83,12,93.703831
2.83,12,93.712389
2.83,12,93.721335
2.83,12,93.730044
2.83,12,93.738282
2.83,12,93.74641
2.83,12,93.754554
2.83,12,93.762791
2.83,12,93.771021
2.83,12,93.783818
2.83,12,93.796965
2.83,12,93.805317
2.79,12,93.81392
2.83,12,93.823112
2.83,12,93.832083
2.83,12,93.840272
2.83,12,93.848614
2.79,12,93.856826
2.79,12,93.864881
2.79,12,93.873293
2.83,12,93.881394
2.83,12,93.889934
2.83,12,93.898136
2.83,12,93.906659
2.83,12,93.915234
2.79,12,93.92344
2.83,12,93.931649
2.79,12,93.939877
2.83,12,93.948045
2.83,12,93.956237
2.83,12,93.965228
2.79,12,93.973658
2.83,12,93.982263
2.83,12,93.991421
2.79,12,93.999884
2.83,12,94.008544
2.83,12,94.017509
2.83,12,94.025966
2.83,12,94.034304
2.83,12,94.042659
2.83,12,94.050964
2.83,12,94.059272
2.83,12,94.067517
2.83,12,94.078405
2.79,12,94.087028
2.79,12,94.095243
2.79,14,94.104716
2.83,12,94.112967
2.83,12,94.121192
2.83,12,94.12961
2.83,12,94.137912
2.79,12,94.146172
2.79,12,94.1548
2.83,12,94.163443
2.79,12,94.171532
2.83,12,94.179705
2.83,12,94.188468
2.83,12,94.196764
2.79,12,94.204957
2.83,12,94.213514
2.83,12,94.222478
2.79,12,94.23309
2.83,12,94.241374
2.79,12,94.249567
2.83,12,94.257791
2.83,12,94.266019
2.83,14,94.275509
2.83,12,94.283681
2.83,12,94.291867
2.83,12,94.300045
2.83,12,94.317513
2.79,12,94.325691
2.83,12,94.333957
2.83,12,94.342143
2.83,12,94.350336
2.79,12,94.358479
2.83,12,94.366627
2.83,12,94.374845
2.83,12,94.383312
2.83,12,94.392416
2.83,12,94.401643
2.83,12,94.410535
2.79,12,94.418735
2.83,12,94.428236
2.79,12,94.437056
2.83,12,94.447378
2.79,12,94.461036
2.83,12,94.469612
2.83,12,94.477805
2.83,12,94.48646
2.83,12,94.494766
2.83,12,94.502886
2.83,12,94.512924
2.79,12,94.525453
2.79,12,94.533944
2.83,12,94.542029
2.79,12,94.55016
2.79,12,94.558237
2.79,14,94.567777
2.83,12,94.576206
2.79,12,94.584283
2.83,12,94.59229
2.79,12,94.600281
2.79,12,94.608315
2.83,12,94.616435
2.83,12,94.624405
2.83,12,94.63507
2.83,12,94.643025
2.79,12,94.650966
2.83,12,94.658983
2.83,12,94.667083
2.83,12,94.677649
2.83,12,94.685889
2.83,12,94.694418
2.83,12,94.702586
2.79,12,94.710702
2.79,12,94.718873
2.79,12,94.727155
2.83,12,94.735482
2.83,12,94.743561
2.83,12,94.751777
2.83,12,94.759891
2.79,12,94.768013
2.83,12,94.776208
2.83,12,94.784408
2.83,12,94.792498
2.83,12,94.800685
2.83,12,94.809242
2.83,14,94.818634
2.79,12,94.827781
2.83,12,95.8208
2.83,12,95.829946
2.79,12,95.838087
2.83,12,95.846119
2.83,12,95.854168
2.83,12,95.862274
2.83,12,95.870331
2.83,12,95.878799
2.79,12,95.888489
2.83,12,95.899952
2.83,12,95.908152
2.83,12,95.917066
2.83,12,95.925263
2.83,12,95.934988
2.79,12,95.945063
2.83,12,95.953616
2.83,12,95.962008
2.79,12,95.970589
2.83,12,95.979157
2.83,12,95.988856
2.83,12,95.997491
2.83,12,96.005823
2.83,14,96.015273
2.83,12,96.032537
2.83,12,96.040639
2.83,12,96.048744
2.83,12,96.05761
2.83,12,96.065997
2.83,12,96.074252
2.83,12,96.082611
2.83,12,96.090916
2.83,12,96.099444
2.83,12,96.10796
2.83,12,96.116308
2.79,12,96.124593
2.83,12,96.132854
2.83,12,96.141792
2.83,12,96.150131
2.83,12,96.158688
2.83,12,96.167116
2.83,12,96.175418
2.83,12,96.183713
2.83,12,96.192122
2.83,12,96.200385
2.79,12,96.20861
2.83,12,96.216834
2.83,12,96.228147
2.83,12,96.238568
2.83,12,96.248804
2.83,12,96.257003
2.83,12,96.265045
2.83,12,96.273134
2.83,12,96.281301
2.83,12,96.289394
2.83,12,96.297459
2.83,12,96.305522
2.83,12,96.313627
2.79,12,96.322425
2.83,12,96.330722
2.83,12,96.338861
2.83,12,96.34703
2.83,12,96.355138
2.83,12,96.363254
2.83,12,96.371821
2.83,12,96.380474
2.83,12,96.388506
2.83,12,96.396628
2.83,12,96.404698
2.83,12,96.412766
2.83,12,96.420747
2.79,12,96.429133
2.83,12,96.43714
2.83,12,96.445167
2.83,12,96.453115
2.83,12,96.461169
2.83,12,96.469113
2.83,12,96.477092
2.83,12,96.486927
2.83,12,96.499211
2.83,12,96.509005
2.83,12,96.517273
2.83,12,96.525536
2.83,12,96.533886
2.83,12,96.541972
2.83,12,96.551947
2.83,12,96.560615
2.83,12,96.569309
2.83,12,96.577477
2.83,12,96.585712
2.83,12,96.593698
2.83,12,96.601753
2.83,12,96.611649
2.79,12,96.623128
2.83,12,96.634636
2.83,12,96.644101
2.83,12,96.652151
2.79,12,96.660113
2.79,12,96.668946
2.83,12,96.677253
2.83,12,96.685479
2.83,12,96.693788
2.83,12,96.70203
2.83,14,96.711465
2.83,12,96.720497
2.79,12,96.728891
2.83,12,96.737412
2.83,12,96.754663
2.79,12,96.76271
2.83,12,96.77073
2.83,12,96.778823
2.79,12,96.786826
2.79,12,96.800279
2.83,12,96.808587
2.83,12,96.816655
2.83,12,96.825312
2.79,12,96.833631
2.83,12,96.841711
2.83,12,96.849787
2.83,12,96.858518
2.79,12,96.866689
2.83,12,96.87488
2.83,12,96.883873
2.83,12,96.892487
2.83,12,96.900922
2.83,12,96.909501
2.83,12,96.917671
2.83,12,96.925807
2.83,12,96.933975
2.83,12,96.942104
2.83,12,96.952416
2.83,12,96.961699
2.83,12,96.96984
2.83,12,96.978026
2.83,12,96.986935
2.83,12,96.995309
2.79,12,97.003516
2.83,12,97.011796
2.83,12,97.019956
2.83,12,97.028098
2.83,12,97.036245
2.83,12,97.044439
2.83,12,97.052612
2.83,12,97.060776
2.83,12,97.068936
2.83,12,97.077081
2.83,12,97.085217
2.79,12,97.093369
2.83,12,97.101943
2.83,12,97.110076
2.83,12,97.11818
2.83,12,97.126333
2.83,12,97.134732
2.83,12,97.142824
2.83,12,97.150999
2.83,12,97.159163
2.83,12,97.169797
2.83,12,97.178729
2.83,12,97.186925
2.83,12,97.19514
2.83,12,97.203383
2.79,12,97.211628
2.83,12,97.220036
2.83,12,97.23027
2.83,12,97.238481
2.83,12,97.24664
2.79,12,97.254843
2.83,12,97.263498
2.83,12,97.271672
2.83,12,97.279835
2.83,12,97.288004


