#{"t_start": 1663431224.1284723, "env_id": "SizeThreeGridRoadEnv-v0"}
r,l,t
0.26,22,0.11425
0.25,32,0.184886
0.29,14,0.219249
0.26,18,0.295541
0.3,14,0.338771
0.3,18,0.363954
0.25,22,0.398506
0.35,14,0.417711
0.26,18,0.441871
0.31,22,0.467648
0.25,16,0.487648
0.21,20,0.513278
0.23,20,0.543525
0.3,26,0.578705
0.24,20,0.609473
0.3,20,0.643045
0.25,16,0.668684
0.35,14,0.68872
0.24,16,0.711181
0.3,28,0.75218
0.21,14,0.770787
0.35,22,0.808088
0.25,24,0.836818
0.24,24,0.872018
0.27,20,0.898744
0.3,20,0.925691
0.31,14,0.944393
0.25,26,0.976468
0.28,20,1.001995
0.26,24,1.033005
0.25,26,1.065366
0.21,18,1.090092
0.26,32,1.133871
0.27,14,1.152941
0.27,18,1.178017
0.31,16,1.197776
0.25,16,1.221125
0.26,18,1.246926
0.33,24,1.275188
0.33,16,1.298138
0.35,14,1.314656
0.24,22,1.349948
0.28,20,1.376457
0.29,26,1.410631
0.34,14,1.430657
0.25,18,1.459841
0.31,20,1.487915
0.28,16,1.513832
0.26,14,1.53138
0.23,16,1.55623
0.24,18,1.584332
0.24,18,1.630768
0.27,20,1.657355
0.25,32,1.700275
0.19,32,1.744373
0.28,14,1.760221
0.3,18,1.789307
0.26,14,1.820139
0.33,18,1.846035
0.34,28,1.887228
0.28,18,1.914654
0.21,18,1.938558
0.26,18,1.96778
0.29,20,1.995053
0.35,18,2.018933
0.21,24,2.0612
0.25,30,2.116201
0.35,14,2.138758
0.25,26,2.17986
0.21,26,2.266661
0.23,14,2.369844
0.23,24,2.541221
0.25,14,2.644198
0.29,20,2.70975
0.29,14,2.737141
0.28,22,2.825269
0.21,16,2.871258
0.33,30,2.915912
0.3,20,2.942632
0.31,18,2.967553
0.25,32,3.007763
0.2,32,3.051513
0.35,14,3.067679
0.26,15,3.087528
0.25,18,3.112911
0.34,16,3.133437
0.23,16,3.153702
0.35,24,3.184692
0.27,16,3.204737
0.3,14,3.22837
0.29,20,3.259782
0.31,14,3.278677
0.25,32,3.319628
0.28,16,3.343005
0.25,16,3.363967
0.4,16,3.38971
0.33,20,3.41552
0.25,26,3.4583
0.33,16,3.483352
0.27,20,3.517226
0.33,22,3.580633
0.26,16,3.60668
0.28,16,3.632829
0.24,24,3.67321
0.24,18,3.70571
0.33,22,3.739765
0.24,22,3.77879
0.29,22,3.817351
0.4,32,3.880157
0.26,22,3.91763
0.29,18,3.938968
0.26,28,3.974681
0.3,26,4.00675
0.3,16,4.026748
0.4,20,4.052267
0.24,14,4.070913
0.38,18,4.101093
0.27,20,4.12704
0.29,22,4.154005
0.27,32,4.194229
0.24,20,4.219728
0.23,18,4.243851
0.28,22,4.270393
0.25,26,4.310164
0.29,14,4.325577
0.27,26,4.360863
0.36,14,4.376463
0.4,16,4.404293
0.28,20,4.430222
0.29,28,4.470754
0.26,18,4.495983
0.33,32,4.539576
0.29,16,4.559648
0.31,26,4.595476
0.3,16,4.61586
0.38,14,4.634986
0.25,22,4.668928
0.23,16,4.689975
0.25,24,4.720971
0.24,22,4.751575
0.29,16,4.775209
0.29,24,4.80285
0.26,14,4.820894
0.29,16,4.840443
0.33,22,4.869901
0.27,16,4.89441
0.35,32,4.939577
0.31,18,4.963081
0.33,30,5.020351
0.33,24,5.050864
0.35,32,5.097913
0.33,22,5.127611
0.31,20,5.158137
0.29,14,5.173872
0.25,30,5.211555
0.21,32,5.254735
0.3,14,5.273327
0.31,14,5.288736
0.3,14,5.30741
0.3,14,5.325863
0.29,24,5.356467
0.28,16,5.377195
0.25,18,5.401188
0.24,14,5.417388
0.29,22,5.446976
0.4,14,5.470519
0.29,22,5.498805
0.31,16,5.519723
0.27,18,5.544422
0.23,16,5.564308
0.24,18,5.588526
0.29,28,5.625061
0.38,28,5.66628
0.36,16,5.689634
0.27,26,5.724923
0.31,18,5.758658
0.29,22,5.791013
0.3,32,5.833213
0.25,14,5.848448
0.27,32,5.891962
0.3,28,5.934325
0.33,26,5.96799
0.25,29,6.000309
0.2,32,6.045268
0.29,14,6.063154
0.26,30,6.099268
0.26,24,6.126094
0.25,16,6.147872
0.35,28,6.179792
0.16,32,6.221122
0.29,30,6.261497
0.27,16,6.280885
0.24,22,6.306394
0.29,32,6.365853
0.29,20,6.390381
0.25,26,6.42193
0.29,24,6.45159
0.4,28,6.483257
0.24,18,6.507619
0.4,32,6.552386
0.31,26,6.588875
0.25,32,6.630564
0.27,16,6.649959
0.4,32,6.68996
0.3,22,6.71855
0.29,32,6.766049
0.33,32,6.821484
0.25,22,6.855246
0.24,22,6.886212
0.29,20,6.91295
0.29,32,6.967431
0.27,20,6.996682
0.16,32,7.039939
0.4,22,7.069522
0.3,22,7.095942
0.35,28,7.132766
0.22,22,7.159322
0.35,26,7.195867
0.3,32,7.240936
0.19,32,7.28386
0.29,20,7.309636
0.21,32,7.353214
0.29,32,7.397282
0.2,32,7.441127
0.31,18,7.468195
0.35,32,7.512021
0.25,32,7.559386
0.2,32,7.599339
0.2,32,7.640216
0.33,24,7.671201
0.4,18,7.696963
0.35,16,7.729783
0.35,32,7.770304
0.4,32,7.813425
0.4,32,7.853201
0.25,32,7.90414
0.25,28,7.945825
0.25,32,7.998406
0.26,30,8.036913
0.35,32,8.077962
0.3,32,8.120145
0.29,32,8.165844
0.4,24,8.198299
0.35,24,8.232857
0.25,32,8.276488
0.3,32,8.31725
0.29,32,8.373007
0.3,32,8.426316
0.38,18,8.458225
0.16,32,8.517063
0.25,32,8.569716
0.31,32,8.629584
0.2,32,8.686424
0.4,30,8.729643
0.32,14,8.748079
0.16,32,8.788571
0.16,32,8.831775
0.27,32,8.869995
0.16,32,8.916325
0.29,18,8.938583
0.4,32,8.9813
0.21,32,9.030025
0.25,32,9.067814
0.3,32,9.108937
0.21,32,9.147504
0.27,26,9.187583
0.19,32,9.2323
0.23,32,9.273737
0.25,32,9.315428
0.29,22,9.342256
0.29,22,9.368613
0.31,32,9.41074
0.23,32,9.455913
0.38,20,9.480472
0.26,32,9.523844
0.35,32,9.562867
0.2,32,9.606668
0.26,16,9.628823
0.16,32,9.671635
0.35,32,9.711053
0.3,32,9.751867
0.2,32,9.789794
0.2,32,9.833721
0.23,30,9.878381
0.35,32,9.931456
0.19,32,9.972261
0.26,32,10.024213
0.33,22,10.055213
0.3,28,10.092442
0.25,32,10.136931
0.2,32,10.180553
0.31,32,10.221011
0.33,24,10.252302
0.31,26,10.288817
0.38,32,10.331676
0.3,32,10.387668
0.35,32,10.433026
0.29,24,10.466567
0.27,20,10.49704
0.26,14,10.516082
0.31,14,10.545089
0.35,32,10.585464
0.22,30,10.633881
0.4,32,10.67569
0.29,14,10.69578
0.3,32,10.744061
0.3,32,10.785041
0.3,32,10.828059
0.35,26,10.863464
0.3,24,10.913094
0.4,32,10.959973
0.29,26,10.99274
0.2,32,11.043447
0.2,32,11.089268
0.35,32,11.131221
0.29,18,11.155329
0.3,24,11.190475
0.33,30,11.228222
0.29,22,11.255238
0.33,32,11.295872
0.4,32,11.34389
0.35,18,11.366004
0.29,32,11.409583
0.24,32,11.451746
0.28,20,11.47692
0.3,28,11.518794
0.2,32,11.558449
0.25,32,11.606724
0.3,22,11.633744
0.35,22,11.662652
0.33,20,11.689052
0.24,22,11.724256
0.27,32,11.770762
0.38,32,11.81465
0.3,18,11.835742
0.25,20,11.861034
0.3,32,11.906964
0.27,26,11.950758
0.35,32,11.999234
0.27,32,12.042032
0.27,16,12.06853
0.29,16,12.091455
0.33,32,12.132268
0.32,16,12.156041
0.26,32,12.196997
0.3,24,12.232807
0.33,16,12.254071
0.29,18,12.278721
0.16,32,12.320339
0.29,22,12.354989
0.3,32,12.411037
0.35,32,12.462751
0.16,32,12.519131
0.29,26,12.556311
0.3,32,12.596682
0.27,22,12.633841
0.3,32,12.674165
0.16,32,12.715286
0.31,30,12.753193
0.32,20,12.785638
0.29,20,12.817066
0.29,32,12.862941
0.33,18,12.890476
0.32,14,12.913296
0.27,32,12.958215
0.27,32,12.998094
0.38,16,13.01701
0.16,32,13.058072
0.4,32,13.108343
0.38,26,13.139309
0.34,20,13.163244
0.23,28,13.197824
0.34,28,13.230453
0.32,30,13.266333
0.27,14,13.284864
0.3,22,13.316083
0.25,14,13.331066
0.27,24,13.379505
0.34,18,13.404501
0.28,22,13.431191
0.31,30,13.468221
0.4,32,13.514403
0.33,14,13.530242
0.33,18,13.557672
0.35,30,13.594629
0.28,14,13.61301
0.33,32,13.652151
0.29,20,13.676767
0.3,18,13.703559
0.38,32,13.742911
0.31,32,13.784618
0.31,20,13.809522
0.24,32,13.847995
0.29,20,13.876305
0.3,14,13.89465
0.38,32,13.936453
0.31,18,13.959433
0.33,20,13.983778
0.3,32,14.024786
0.28,20,14.048895
0.33,16,14.067818
0.24,32,14.115626
0.33,32,14.15894
0.25,32,14.199887
0.34,26,14.230944
0.24,22,14.256696
0.33,32,14.297617
0.29,32,14.336208
0.24,32,14.37853
0.29,32,14.427316
0.31,22,14.454313
0.38,32,14.496193
0.23,32,14.535702
0.3,32,14.574963
0.3,32,14.626269
0.28,32,14.684365
0.31,14,14.70279
0.38,32,14.74938
0.25,32,14.791059
0.29,16,14.810592
0.27,18,14.837678
0.33,14,14.853259
0.35,32,14.895152
0.23,20,14.925075
0.38,30,14.965128
0.3,14,14.985896
0.24,32,15.027613
0.35,32,15.068874
0.3,14,15.088062
0.35,32,15.149687
0.33,24,15.178711
0.25,18,15.202996
0.24,32,15.244962
0.28,32,15.291242
0.35,32,15.333198
0.33,32,15.396369
0.27,14,15.416503
0.25,32,15.475289
0.25,32,15.527548
0.2,32,15.571178
0.29,32,15.621052
0.38,30,15.659339
0.2,32,15.700085
0.26,14,15.718862
0.19,32,15.763758
0.2,32,15.804256
0.35,32,15.84948
0.4,30,15.88819
0.22,26,15.928619
0.35,32,15.968198
0.38,32,16.007456
0.29,16,16.045269
0.4,32,16.098516
0.31,32,16.166155
0.32,18,16.196798
0.31,24,16.228631
0.31,16,16.250637
0.2,32,16.303142
0.3,32,16.35045
0.25,32,16.390912
0.21,32,16.434745
0.25,32,16.475792
0.25,32,16.523427
0.4,16,16.547469
0.31,18,16.571228
0.28,24,16.603924
0.2,32,16.646062
0.38,32,16.692303
0.31,16,16.716021
0.35,32,16.764301
0.3,32,16.808211
0.29,32,16.848878
0.4,26,16.882321
0.29,28,16.924311
0.31,14,16.943179
0.4,22,16.974053
0.4,22,17.006818
0.4,32,17.047788
0.36,14,17.06762
0.27,24,17.099568
0.35,18,17.122286
0.33,22,17.153839
0.18,32,17.203142
0.29,18,17.22776
0.34,26,17.265649
0.3,22,17.295296
0.26,22,17.330627
0.31,20,17.357429
0.4,22,17.385956
0.25,32,17.428684
0.25,32,17.473666
0.4,28,17.512142
0.4,20,17.558813
0.4,24,17.592277
0.25,14,17.611622
0.26,20,17.644319
0.28,14,17.663754
0.26,32,17.706018
0.35,32,17.756003
0.4,22,17.784288
0.35,32,17.825201
0.29,32,17.868962
0.31,14,17.889312
0.38,32,17.942278
0.2,32,17.982807
0.35,22,18.014337
0.35,32,18.055305
0.4,32,18.100014
0.35,32,18.14372
0.35,32,18.18923
0.4,32,18.243177
0.35,14,18.262436
0.3,32,18.303485
0.33,32,18.348904
0.26,16,18.372573
0.2,32,18.418958
0.28,32,18.460359
0.33,30,18.499689
0.29,24,18.531575
0.33,22,18.561469
0.38,16,18.581355
0.38,32,18.634278
0.33,16,18.655752
0.34,20,18.682796
0.38,32,18.726772
0.25,20,18.752665
0.25,30,18.790619
0.28,30,18.829173
0.31,16,18.854533
0.33,32,18.896958
0.4,20,18.931333
0.38,28,18.987785
0.28,16,19.007998
0.27,32,19.051002
0.4,24,19.0792
0.27,32,19.129465
0.4,18,19.151538
0.35,16,19.175164
0.38,32,19.215357
0.4,22,19.254548
0.4,18,19.279142
0.25,16,19.299759
0.36,22,19.335616
0.3,24,19.369453
0.31,14,19.388389
0.27,32,19.435723
0.25,32,19.486022
0.3,28,19.524548
0.18,32,19.573897
0.27,30,19.612931
0.18,32,19.660131
0.4,30,19.699302
0.25,32,19.744218
0.18,32,19.790391
0.24,20,19.819668
0.38,32,19.864424
0.36,20,19.895382
0.2,16,19.916679
0.35,16,19.938781
0.3,16,19.958743
0.31,32,20.001311
0.36,32,20.041822
0.3,16,20.062246
0.3,16,20.081857
0.31,18,20.106009
0.4,32,20.146524
0.3,20,20.171979
0.3,24,20.204678
0.29,20,20.232811
0.3,28,20.277828
0.4,20,20.306457
0.33,18,20.329191
0.36,14,20.348305
0.29,14,20.387781
0.26,16,20.408065
0.25,18,20.436232
0.31,24,20.46848
0.25,18,20.489972
0.4,32,20.542365
0.4,26,20.588223
0.24,26,20.63008
0.4,22,20.667414
0.24,32,20.719613
0.4,26,20.7559
0.3,16,20.783801
0.26,14,20.80293
0.33,22,20.829682
0.35,24,20.861782
0.33,16,20.882849
0.27,16,20.906618
0.33,24,20.944641
0.23,16,20.967943
0.3,16,20.991773
0.38,24,21.023476
0.3,18,21.045307
0.2,32,21.089452
0.25,22,21.116765
0.35,18,21.141509
0.33,18,21.165631
0.31,24,21.197628
0.3,26,21.235442
0.33,16,21.255234
0.3,22,21.300172
0.24,32,21.343388
0.38,32,21.388897
0.29,14,21.405297
0.3,24,21.437638
0.29,32,21.483237
0.3,20,21.508893
0.3,28,21.550564
0.25,30,21.591138
0.4,22,21.628222
0.4,14,21.650932
0.33,24,21.683844
0.33,16,21.70447
0.3,16,21.72835
0.33,18,21.750215
0.35,26,21.782024
0.35,26,21.824214
0.3,18,21.845827
0.25,14,21.864329
0.26,14,21.887167
0.3,16,21.908376
0.35,14,21.93136
0.4,24,21.962323
0.31,28,21.996257
0.4,20,22.026361
0.38,24,22.057912
0.3,26,22.090401
0.3,28,22.127615
0.4,16,22.147506
0.35,24,22.17776
0.21,24,22.211329
0.35,32,22.252803
0.4,32,22.292437
0.3,30,22.339722
0.33,18,22.364583
0.3,14,22.38336
0.3,24,22.414921
0.4,20,22.4429
0.21,22,22.476427
0.38,24,22.510857
0.3,18,22.532212
0.31,20,22.562425
0.25,32,22.605026
0.38,24,22.64055
0.28,32,22.683263
0.26,20,22.708979
0.3,22,22.73814
0.35,14,22.757835
0.25,22,22.788739
0.3,14,22.805053
0.3,16,22.831321
0.3,14,22.847202
0.4,32,22.898001
0.4,32,22.955072
0.3,14,22.979237
0.23,32,23.033886
0.3,18,23.065252
0.28,26,23.108552
0.35,32,23.16572
0.3,16,23.191568
0.4,26,23.225311
0.4,32,23.274344
0.35,18,23.298795
0.3,18,23.328684
0.4,30,23.380169
0.38,18,23.402666
0.38,32,23.452537
0.4,18,23.474348
0.3,32,23.519225
0.4,28,23.55318
0.4,28,23.589411
0.3,20,23.615229
0.3,16,23.640702
0.4,32,23.689722
0.4,22,23.719453
0.38,32,23.760383
0.23,28,23.797665
0.35,28,23.831299
0.35,28,23.869208
0.3,32,23.916342
0.26,16,23.943026
0.3,14,23.961606
0.25,32,24.004379
0.4,26,24.036211
0.4,32,24.07717
0.3,16,24.100969
0.38,26,24.138758
0.4,24,24.169702
0.3,16,24.189519
0.4,26,24.221653
0.3,16,24.241571
0.3,18,24.26554
0.4,32,24.308414
0.3,16,24.329185
0.23,20,24.358929
0.4,28,24.400429
0.33,32,24.447311
0.25,32,24.491935
0.4,32,24.538503
0.38,32,24.581208
0.23,20,24.606333
0.4,16,24.646848
0.4,30,24.689791
0.4,32,24.72958
0.4,32,24.780431
0.4,32,24.820913
0.4,16,24.841009
0.4,32,24.887552
0.4,32,24.935573
0.35,32,24.982152
0.3,32,25.029312
0.4,24,25.060761
0.4,28,25.097642
0.4,32,25.140974
0.25,32,25.180689
0.35,32,25.22002
0.38,24,25.256073
0.4,32,25.299091
0.35,32,25.340321
0.35,32,25.390512
0.2,32,25.43756
0.4,32,25.479017
0.38,32,25.5285
0.4,32,25.573353
0.35,32,25.615164
0.4,18,25.639768
0.4,16,25.659306
0.35,32,25.706304
0.3,16,25.726065
0.35,32,25.771451
0.4,22,25.801331
0.35,32,25.840843
0.4,32,25.882216
0.31,18,25.906789
0.36,20,25.937094
0.33,16,25.957173
0.34,32,26.00701
0.4,32,26.06735
0.25,24,26.098967
0.38,32,26.139256
0.38,32,26.182888
0.4,30,26.225022
0.3,14,26.24094
0.31,26,26.276747
0.35,32,26.316924
0.35,32,26.362649
0.4,32,26.413548
0.35,32,26.458225
0.4,26,26.49441
0.35,32,26.54437
0.33,32,26.585966
0.35,30,26.642225
0.4,24,26.689093
0.35,32,26.741433
0.4,28,26.794482
0.35,32,26.846042
0.33,22,26.88583
0.35,32,26.947905
0.35,32,27.004183
0.35,32,27.060208
0.3,22,27.095302
0.29,20,27.128909
0.33,26,27.175263
0.38,32,27.23014
0.23,20,27.267251
0.4,32,27.315422
0.35,32,27.359589
0.35,32,27.400428
0.35,32,27.454423
0.35,32,27.496702
0.35,32,27.545919
0.4,24,27.578009
0.38,24,27.629572
0.4,24,27.660462
0.38,32,27.705445
0.38,28,27.742598
0.4,32,27.787666
0.4,32,27.835583
0.38,26,27.867931
0.4,32,27.909391
0.28,24,27.943896
0.35,32,27.983993
0.33,22,28.018971
0.31,20,28.045011
0.3,18,28.066442
0.4,32,28.112451
0.3,16,28.133808
0.33,26,28.170019
0.4,32,28.212593
0.4,24,28.241072
0.38,32,28.298437
0.25,32,28.348687
0.29,32,28.39254
0.38,20,28.4185
0.4,32,28.468374
0.4,32,28.509848
0.4,30,28.554774
0.38,28,28.597916
0.4,20,28.624367
0.35,32,28.666508
0.4,32,28.71167
0.24,32,28.753036
0.4,18,28.777542
0.25,32,28.817768
0.4,32,28.864901
0.4,30,28.926229
0.33,14,28.948365
0.38,32,28.999857
0.31,20,29.044904
0.38,32,29.085046
0.35,32,29.129066
0.3,32,29.173539
0.35,32,29.218423
0.35,32,29.262293
0.35,32,29.302379
0.4,32,29.34569
0.38,32,29.386042
0.23,14,29.404969
0.3,26,29.442561
0.36,28,29.495882
0.4,18,29.518715
0.35,20,29.545085
0.4,16,29.565073
0.3,32,29.611414
0.4,32,29.654032
0.38,32,29.703096
0.3,32,29.747001
0.35,32,29.791404
0.38,32,29.841091
0.38,32,29.892051
0.4,24,29.931847
0.27,32,29.978533
0.35,32,30.021521
0.3,30,30.064305
0.38,32,30.10955
0.4,32,30.153138
0.4,28,30.186986
0.3,28,30.223635
0.35,32,30.264466
0.3,16,30.284796
0.35,32,30.333547
0.38,32,30.374859
0.35,32,30.43477
0.4,20,30.477015
0.35,32,30.528519
0.4,30,30.572001
0.4,24,30.603523
0.35,28,30.637237
0.35,32,30.695706
0.35,32,30.736583
0.35,32,30.780552
0.35,32,30.820519
0.4,32,30.860082
0.35,32,30.908261
0.4,24,30.943826
0.38,32,30.983646
0.35,32,31.030309
0.35,32,31.073137
0.35,32,31.117463
0.35,32,31.161425
0.4,22,31.188088
0.35,32,31.228283
0.23,32,31.271886
0.38,32,31.329378
0.38,32,31.379956
0.35,14,31.399337
0.35,32,31.444047
0.38,32,31.486938
0.3,32,31.545312
0.35,32,31.589979
0.3,26,31.623651
0.25,32,31.66823
0.4,32,31.710007
0.4,18,31.733887
0.4,28,31.772442
0.3,26,31.804375
0.38,32,31.846398
0.38,32,31.896218
0.2,32,31.943192
0.38,30,31.981321
0.25,32,32.021037
0.4,28,32.066807
0.38,20,32.092792
0.15,32,32.135135
0.4,28,32.17233
0.38,32,32.212957
0.4,30,32.251833
0.35,32,32.29273
0.38,32,32.341142
0.35,32,32.385849
0.35,32,32.428129
0.38,32,32.467287
0.29,30,32.507222
0.35,32,32.551833
0.3,18,32.583045
0.33,22,32.609682
0.33,20,32.634299
0.35,32,32.676346
0.35,32,32.717097
0.35,32,32.764302
0.35,32,32.80405
0.38,32,32.843301
0.35,32,32.884907
0.38,32,32.927043
0.38,32,32.974097
0.38,32,33.013272
0.38,32,33.055178
0.25,32,33.096623
0.2,32,33.135636
0.4,14,33.153718
0.3,26,33.18924
0.23,22,33.226622
0.35,32,33.266651
0.33,32,33.306402
0.35,32,33.349195
0.33,24,33.386026
0.36,18,33.408652
0.35,32,33.460835
0.35,32,33.509886
0.28,16,33.53137
0.35,32,33.58193
0.35,32,33.62782
0.35,32,33.686645
0.35,32,33.747362
0.35,14,33.771923
0.35,32,33.824334
0.38,32,33.87459
0.35,28,33.919328
0.4,32,33.963054
0.3,32,34.010949
0.33,24,34.042687
0.35,14,34.059245
0.35,32,34.102983
0.35,32,34.144079
0.35,32,34.194719
0.38,32,34.235608
0.35,32,34.281368
0.35,32,34.327604
0.35,32,34.369518
0.35,32,34.418751
0.25,32,34.462312
0.35,32,34.507092
0.35,32,34.553613
0.4,26,34.587091
0.35,32,34.647237
0.33,28,34.68632
0.35,32,34.736271
0.29,32,34.780006
0.35,32,34.820936
0.33,18,34.846021
0.38,32,34.892576
0.28,20,34.921727
0.35,32,34.969487
0.35,32,35.009532
0.35,32,35.049874
0.35,32,35.093751
0.35,32,35.139393
0.35,32,35.183033
0.35,32,35.224093
0.35,32,35.263822
0.28,32,35.312359
0.35,32,35.35437
0.35,32,35.399205
0.33,20,35.424882
0.3,26,35.456757
0.35,32,35.49726
0.38,32,35.551702
0.35,32,35.593843
0.35,32,35.644122
0.35,16,35.668139
0.4,26,35.702482
0.38,32,35.742952
0.3,30,35.789738
0.35,32,35.838738
0.35,32,35.879406
0.4,32,35.923007
0.4,16,35.94607
0.25,18,35.968307
0.25,32,36.011212
0.4,32,36.056025
0.38,32,36.105551
0.4,32,36.149213
0.4,28,36.182913
0.38,32,36.225683
0.35,30,36.269543
0.4,32,36.310923
0.35,32,36.356905
0.38,22,36.384348
0.38,24,36.416533
0.38,32,36.45713
0.35,32,36.500422
0.35,32,36.548966
0.35,32,36.58952
0.35,32,36.636035
0.35,32,36.68587
0.4,30,36.72761
0.35,32,36.775385
0.35,32,36.815685
0.35,32,36.855539
0.35,32,36.899429
0.38,32,36.942219
0.33,24,36.974801
0.35,32,37.020753
0.35,32,37.064135
0.38,32,37.105387
0.35,32,37.149829
0.35,32,37.189651
0.35,32,37.234069
0.35,32,37.277992
0.35,32,37.319741
0.35,32,37.364518
0.35,32,37.42473
0.35,32,37.481415
0.4,32,37.530338
0.35,32,37.570562
0.35,32,37.619976
0.35,32,37.662904
0.35,32,37.7193
0.35,32,37.763073
0.35,32,37.803667
0.35,32,37.848788
0.29,18,37.870372
0.35,32,37.924677
0.35,32,37.970371
0.35,32,38.018614
0.35,32,38.074758
0.38,32,38.129385
0.35,32,38.191271
0.35,32,38.233136
0.35,32,38.276056
0.25,32,38.324732
0.3,32,38.370152
0.35,32,38.420613
0.35,32,38.46803
0.35,32,38.517705
0.35,32,38.564507
0.35,32,38.602794
0.35,32,38.648931
0.35,32,38.690139
0.35,32,38.739285
0.35,32,38.782234
0.35,32,38.820853
0.35,32,38.867822
0.35,32,38.908814
0.35,32,38.958047
0.26,32,38.999939
0.25,32,39.038136
0.35,32,39.083492
0.35,32,39.122565
0.4,32,39.16181
0.35,32,39.202496
0.35,32,39.243817
0.25,32,39.287357
0.35,32,39.328223
0.35,32,39.368215
0.3,32,39.41118
0.35,32,39.450866
0.35,32,39.492239
0.35,32,39.541188
0.35,32,39.58322
0.35,32,39.629136
0.31,18,39.651617
0.35,32,39.699031
0.35,32,39.760679
0.35,32,39.805294
0.31,18,39.829903
0.35,32,39.877008
0.35,32,39.926666
0.35,32,39.969085
0.16,32,40.012871
0.35,32,40.053677
0.35,32,40.097277
0.35,32,40.148261
0.35,32,40.190167
0.35,32,40.233954
0.35,32,40.274752
0.16,32,40.329379
0.25,32,40.380501
0.35,32,40.422245
0.35,32,40.471325
0.25,32,40.514225
0.35,32,40.559781
0.35,32,40.603686
0.35,32,40.644604
0.35,32,40.687842
0.35,32,40.726673
0.35,32,40.778507
0.35,32,40.82331
0.35,32,40.862051
0.4,28,40.897665
0.25,32,40.939302
0.38,32,40.981505
0.4,32,41.019945
0.21,32,41.065596
0.4,32,41.107251
0.35,32,41.145932
0.3,18,41.169858
0.3,14,41.187882
0.35,32,41.226224
0.35,32,41.271282
0.4,32,41.31071
0.35,32,41.349461
0.4,30,41.388543
0.33,20,41.414349
0.35,32,41.458749
0.35,32,41.505238
0.29,14,41.524652
0.38,32,41.568173
0.4,28,41.605193
0.38,32,41.644232
0.29,30,41.690096
0.35,32,41.736213
0.35,32,41.783991
0.4,32,41.826976
0.35,32,41.866699
0.38,32,41.906491
0.3,14,41.927263
0.3,24,41.961183
0.31,22,41.98861
0.35,30,42.025274
0.35,32,42.06655
0.4,32,42.109914
0.38,22,42.138728
0.4,32,42.177244
0.25,32,42.215512
0.4,28,42.250447
0.4,32,42.293492
0.4,32,42.33715
0.4,32,42.388803
0.4,32,42.43263
0.2,32,42.475282
0.21,32,42.518855
0.4,32,42.561846
0.4,32,42.60367
0.21,32,42.648376
0.33,18,42.670823
0.4,14,42.699158
0.4,26,42.739413
0.4,32,42.783932
0.3,32,42.833075
0.38,32,42.873471
0.31,16,42.897455
0.4,32,42.941363
0.35,32,42.984816
0.38,32,43.043978
0.38,32,43.084568
0.35,32,43.131663
0.38,32,43.173631
0.35,32,43.214329
0.35,32,43.271497
0.35,32,43.31424
0.38,32,43.36066
0.35,32,43.404865
0.35,32,43.451741
0.38,32,43.502405
0.35,32,43.544674
0.4,32,43.589625
0.35,32,43.635032
0.35,32,43.676918
0.38,20,43.706898
0.35,32,43.751558
0.35,32,43.791875
0.38,32,43.842681
0.35,32,43.882935
0.35,32,43.925209
0.35,32,43.971235
0.35,32,44.013322
0.35,32,44.054692
0.4,32,44.093884
0.35,32,44.132505
0.3,24,44.162312
0.35,32,44.207511
0.38,18,44.228183
0.35,32,44.26941
0.38,32,44.310711
0.26,20,44.335366
0.38,32,44.374569
0.26,14,44.401175
0.38,32,44.448735
0.38,32,44.487172
0.4,16,44.506469
0.3,16,44.525842
0.3,30,44.568828
0.38,32,44.612137
0.38,32,44.664832
0.29,16,44.693235
0.38,32,44.747433
0.38,16,44.772207
0.4,32,44.814058
0.38,32,44.868692
0.38,28,44.906027
0.4,20,44.935009
0.38,32,44.983029
0.25,32,45.025287
0.35,32,45.070293
0.38,32,45.112877
0.38,32,45.154198
0.4,32,45.196464
0.3,30,45.237007
0.35,32,45.276632
0.35,32,45.324074
0.35,32,45.366059
0.35,32,45.409137
0.35,32,45.457001
0.3,18,45.481257
0.35,32,45.526595
0.35,32,45.577458
0.38,32,45.620906
0.38,32,45.663341
0.38,32,45.703146
0.35,32,45.744187
0.35,32,45.787235
0.35,32,45.835386
0.35,32,45.885012
0.38,32,45.925964
0.35,32,45.966684
0.4,32,46.010325
0.35,32,46.051651
0.38,32,46.09048
0.35,32,46.129187
0.35,32,46.173972
0.4,32,46.212935
0.35,32,46.257519
0.2,32,46.298998
0.38,32,46.337517
0.35,32,46.379819
0.35,32,46.41957
0.35,32,46.464697
0.35,32,46.506528
0.38,32,46.545365
0.38,22,46.575408
0.4,32,46.613507
0.4,20,46.637701
0.4,16,46.661044
0.38,26,46.702736
0.4,16,46.722844
0.4,32,46.764492
0.3,22,46.794883
0.29,30,46.832603
0.4,24,46.86126
0.3,14,46.883353
0.4,32,46.940537
0.35,32,46.987675
0.38,28,47.024287
0.38,18,47.044842
0.35,32,47.087605
0.38,32,47.128274
0.4,32,47.188426
0.4,32,47.234689
0.4,32,47.27828
0.4,32,47.32197
0.4,32,47.363933
0.4,22,47.392053
0.35,32,47.440175
0.31,16,47.464667
0.4,32,47.505203
0.35,32,47.551212
0.38,32,47.599077
0.4,32,47.651545
0.4,32,47.709609
0.38,32,47.763931
0.4,32,47.806479
0.35,32,47.845679
0.38,24,47.881211
0.38,32,47.93488
0.38,32,47.978169
0.4,32,48.016947
0.3,16,48.036192
0.38,32,48.077072
0.38,32,48.115163
0.31,24,48.148666
0.38,18,48.171738
0.4,32,48.210188
0.4,32,48.248498
0.38,32,48.289794
0.4,14,48.307693
0.4,16,48.328071
0.4,32,48.36822
0.4,32,48.414328
0.38,30,48.460809
0.38,32,48.500088
0.4,32,48.559618
0.38,32,48.60247
0.2,32,48.649217
0.35,32,48.691706
0.4,32,48.730599
0.38,32,48.770082
0.35,32,48.812805
0.35,32,48.85149
0.4,32,48.897278
0.38,32,48.943186
0.4,32,48.986609
0.35,32,49.027628
0.35,32,49.072218
0.35,32,49.113088
0.4,32,49.151017
0.38,32,49.189378
0.35,32,49.230623
0.35,32,49.268947
0.4,32,49.315549
0.38,32,49.354209
0.31,32,49.39645
0.4,32,49.438131
0.35,32,49.476837
0.35,32,49.519356
0.38,28,49.553275
0.35,32,49.595054
0.4,32,49.636004
0.4,24,49.670674
0.3,32,49.711078
0.4,32,49.758461
0.38,32,49.799543
0.35,32,49.839419
0.35,32,49.90455
0.35,32,49.951192
0.35,32,50.008704
0.35,32,50.048566
0.4,32,50.087993
0.35,32,50.131269
0.35,32,50.171725
0.35,32,50.218707
0.35,32,50.259531
0.35,32,50.299209
0.35,32,50.344259
0.35,32,50.384692
0.4,24,50.418391
0.4,32,50.474653
0.35,32,50.530132
0.35,32,50.587363
0.35,32,50.631563
0.35,32,50.672208
0.35,32,50.718046
0.35,32,50.76113
0.35,32,50.800546
0.35,32,50.842956
0.35,32,50.890776
0.35,32,50.937978
0.4,32,50.985011
0.35,32,51.030976
0.4,32,51.073548
0.35,32,51.113251
0.35,32,51.159137
0.35,32,51.206513
0.35,32,51.24655
0.35,32,51.301476
0.35,32,51.34218
0.35,32,51.38853
0.4,32,51.432441
0.4,32,51.476032
0.35,32,51.534767
0.35,32,51.577184
0.35,32,51.623048
0.35,32,51.666876
0.35,32,51.708304
0.35,32,51.751578
0.4,32,51.794921
0.35,32,51.839996
0.35,32,51.884784
0.35,32,51.928246
0.35,32,51.971428
0.35,32,52.022687
0.35,32,52.069293
0.35,32,52.117936
0.35,32,52.160259
0.4,28,52.198856
0.35,32,52.241548
0.35,32,52.290025
0.38,32,52.331194
0.35,32,52.371835
0.35,32,52.421424
0.4,32,52.46183
0.35,32,52.510573
0.4,32,52.551723
0.35,32,52.593137
0.35,32,52.635839
0.35,32,52.680974
0.35,32,52.742696
0.35,32,52.783918
0.35,32,52.823678
0.35,32,52.865842
0.35,32,52.906595
0.35,32,52.9556
0.35,32,53.000188
0.35,32,53.0525
0.35,32,53.095946
0.35,32,53.136061
0.35,32,53.18345
0.35,32,53.223357
0.35,32,53.26297
0.35,32,53.306036
0.35,32,53.350227
0.35,32,53.399408
0.35,32,53.439525
0.3,32,53.480264
0.35,32,53.523082
0.35,32,53.562553
0.4,32,53.613733
0.35,32,53.655319
0.35,32,53.696266
0.35,32,53.739618
0.4,32,53.779049
0.3,16,53.799726
0.4,16,53.827398
0.4,28,53.861348
0.4,32,53.907555
0.4,30,53.948206
0.4,32,53.988279
0.4,32,54.030803
0.4,32,54.095788
0.4,32,54.14305
0.4,32,54.18822
0.4,32,54.230168
0.4,22,54.266096
0.35,32,54.314214
0.4,32,54.364361
0.35,32,54.409127
0.3,20,54.43609
0.4,32,54.479468
0.4,32,54.521287
0.4,32,54.56921
0.4,32,54.611055
0.4,32,54.655724
0.4,26,54.691688
0.4,32,54.731563
0.4,32,54.779397
0.35,32,54.819918
0.4,32,54.859437
0.35,32,54.903274
0.4,32,54.94923
0.35,32,55.000066
0.4,32,55.043378
0.3,14,55.062506
0.4,32,55.112417
0.4,32,55.155977
0.4,32,55.196724
0.35,32,55.24129
0.35,32,55.286942
0.35,32,55.328552
0.35,32,55.372022
0.35,32,55.41313
0.3,14,55.432015
0.35,32,55.488133
0.35,32,55.532336
0.35,32,55.572475
0.35,32,55.615249
0.35,32,55.661141
0.35,32,55.712574
0.4,32,55.756884
0.4,32,55.797397
0.4,32,55.837666
0.4,32,55.881604
0.4,32,55.931641
0.4,22,55.960173
0.4,32,56.002859
0.4,32,56.040888
0.4,32,56.081358
0.4,32,56.126886
0.4,32,56.172669
0.4,32,56.211279
0.4,22,56.237908
0.4,32,56.278665
0.4,32,56.316889
0.4,32,56.357897
0.4,32,56.402859
0.21,32,56.441618
0.4,32,56.482698
0.4,32,56.525472
0.4,20,56.550334
0.4,32,56.59559
0.4,20,56.624817
0.4,32,56.663691
0.4,32,56.704956
0.4,32,56.749349
0.4,32,56.789211
0.4,32,56.855517
0.38,32,56.900301
0.35,32,56.940784
0.35,32,56.981554
0.35,32,57.0212
0.4,32,57.062229
0.35,32,57.103528
0.35,32,57.1546
0.3,32,57.198289
0.4,32,57.237655
0.35,32,57.279836
0.35,32,57.318864
0.35,32,57.361675
0.35,32,57.404197
0.35,32,57.446549
0.35,32,57.48929
0.35,32,57.5302
0.35,32,57.575881
0.3,32,57.618956
0.35,32,57.657172
0.35,32,57.701385
0.35,32,57.739299
0.35,32,57.777887
0.35,32,57.822059
0.35,32,57.860199
0.35,32,57.902394
0.35,32,57.94207
0.35,32,57.995822
0.35,32,58.039833
0.35,32,58.083337
0.35,32,58.12666
0.35,32,58.180759
0.35,32,58.224506
0.35,32,58.266033
0.35,32,58.303836
0.35,32,58.347508
0.35,32,58.387006
0.35,32,58.427512
0.35,32,58.473205
0.4,32,58.511858
0.4,32,58.55619
0.35,32,58.596578
0.35,32,58.640616
0.4,32,58.687276
0.35,32,58.73229
0.35,32,58.774179
0.4,32,58.81297
0.35,32,58.856693
0.4,32,58.899038
0.35,32,58.939859
0.35,32,58.983929
0.4,32,59.026582
0.35,32,59.075368
0.35,32,59.120463
0.35,32,59.16548
0.35,32,59.214335
0.35,32,59.254712
0.35,32,59.301275
0.35,32,59.348464
0.35,32,59.392218
0.35,32,59.436994
0.35,32,59.477252
0.35,32,59.521603
0.3,16,59.555297
0.35,32,59.596206
0.35,32,59.644392
0.35,32,59.698209
0.35,32,59.749521
0.35,32,59.797552
0.35,32,59.838712
0.35,32,59.880322
0.35,32,59.927193
0.4,32,59.973037
0.4,32,60.021155
0.4,32,60.061332
0.35,32,60.10216
0.35,32,60.145671
0.35,32,60.199174
0.35,32,60.248035
0.35,32,60.291412
0.35,32,60.338506
0.35,32,60.383926
0.35,32,60.431548
0.35,32,60.475335
0.35,32,60.519932
0.35,32,60.562064
0.35,32,60.608822
0.35,32,60.653848
0.35,32,60.698582
0.35,32,60.73928
0.35,32,60.780065
0.35,32,60.823429
0.35,32,60.868942
0.35,32,60.918363
0.35,32,60.969882
0.35,32,61.011928
0.35,32,61.055023
0.35,32,61.098478
0.3,32,61.139848
0.35,32,61.17819
0.35,32,61.223808
0.35,32,61.26684
0.35,32,61.309164
0.35,32,61.350661
0.35,32,61.389172
0.35,32,61.429119
0.35,32,61.471157
0.35,32,61.510586
0.35,32,61.558581
0.35,32,61.597792
0.35,32,61.636527
0.35,32,61.677163
0.35,32,61.721219
0.35,32,61.764302
0.35,32,61.804811
0.35,32,61.842841
0.35,32,61.883914
0.35,32,61.924588
0.35,32,61.96586
0.35,32,62.00929
0.35,32,62.051226
0.35,32,62.095264
0.35,32,62.136091
0.35,32,62.180563
0.35,32,62.227649
0.35,32,62.276237
0.35,32,62.328479
0.35,32,62.369201
0.35,32,62.41343
0.35,32,62.459209
0.35,32,62.499175
0.35,32,62.541811
0.35,32,62.581326
0.35,32,62.629897
0.35,32,62.674451
0.35,32,62.715626
0.35,32,62.759676
0.35,32,62.802451
0.35,32,62.844773
0.35,32,62.892647
0.35,32,62.938724
0.35,32,62.982549
0.35,32,63.023204
0.38,18,63.047092
0.35,32,63.086676
0.4,32,63.1358
0.35,32,63.177764
0.35,32,63.217756
0.4,32,63.269605
0.35,32,63.312261
0.38,32,63.365294
0.4,32,63.407262
0.4,32,63.449028
0.38,32,63.494323
0.38,32,63.540253
0.35,32,63.592296
0.35,32,63.633879
0.35,32,63.685181
0.38,32,63.728549
0.38,22,63.755399
0.38,32,63.803443
0.38,32,63.844308
0.29,32,63.887581
0.35,32,63.935275
0.38,32,63.976956
0.4,16,63.998183
0.4,32,64.051492
0.4,28,64.085752
0.35,32,64.130246
0.38,24,64.162164
0.35,32,64.202438
0.38,32,64.243191
0.35,32,64.301708
0.35,32,64.346894
0.4,30,64.389586
0.35,32,64.438229
0.35,32,64.482004
0.35,32,64.529438
0.35,32,64.573973
0.35,32,64.614479
0.35,32,64.657176
0.35,32,64.697196
0.35,32,64.741524
0.35,32,64.792201
0.35,32,64.831764
0.38,32,64.874579
0.35,32,64.915755
0.35,32,64.964667
0.4,32,65.008132
0.38,32,65.050313
0.35,32,65.103749
0.38,32,65.144526
0.38,32,65.193303
0.38,32,65.239851
0.38,32,65.281009
0.4,22,65.316735
0.4,26,65.353007
0.4,32,65.394566
0.35,32,65.442041
0.35,32,65.483072
0.35,32,65.52387
0.35,32,65.566673
0.35,32,65.611367
0.35,32,65.659201
0.35,32,65.70022
0.35,32,65.739554
0.35,32,65.782186
0.35,32,65.828724
0.35,32,65.872368
0.35,32,65.913372
0.35,32,65.955344
0.35,32,65.998144
0.35,32,66.046199
0.4,32,66.097183
0.4,32,66.139163
0.35,32,66.178263
0.4,32,66.220634
0.38,26,66.256207
0.4,32,66.295577
0.4,32,66.348205
0.35,32,66.387429
0.4,32,66.430523
0.3,14,66.453917
0.35,32,66.498271
0.4,32,66.544196
0.4,32,66.585454
0.4,32,66.623984
0.4,32,66.662291
0.4,32,66.704057
0.4,32,66.742227
0.4,32,66.787233
0.4,32,66.825597
0.4,32,66.86393
0.35,32,66.905334
0.4,32,66.946259
0.35,32,66.988221
0.35,32,67.030373
0.35,32,67.068588
0.35,32,67.109595
0.35,32,67.147639
0.35,32,67.195018
0.35,32,67.241454
0.35,32,67.280549
0.35,32,67.325957
0.35,32,67.374004
0.35,32,67.416961
0.35,32,67.465187
0.35,32,67.51132
0.35,32,67.559859
0.35,32,67.600023
0.35,32,67.643879
0.35,32,67.691722
0.35,32,67.731419
0.35,32,67.783065
0.35,32,67.822994
0.35,32,67.867364
0.35,32,67.915554
0.35,32,67.959679
0.35,32,68.005138
0.35,32,68.047445
0.35,32,68.091584
0.35,32,68.140924
0.35,32,68.195544
0.35,32,68.243082
0.35,32,68.285926
0.35,32,68.352932
0.35,32,68.403193
0.35,32,68.448785
0.35,32,68.49169
0.35,32,68.532443
0.35,32,68.581592
0.35,32,68.621744
0.3,14,68.643833
0.35,32,68.685796
0.35,32,68.729541
0.35,32,68.771349
0.35,32,68.816198
0.35,32,68.8602
0.35,32,68.906004
0.35,32,68.965268
0.35,32,69.017068
0.35,32,69.064225
0.35,32,69.111297
0.35,32,69.15307
0.35,32,69.198001
0.35,32,69.248034
0.35,32,69.296016
0.35,32,69.339571
0.35,32,69.380346
0.35,32,69.449257
0.35,32,69.494228
0.35,32,69.544085
0.35,32,69.590271
0.35,32,69.631478
0.35,32,69.677332
0.35,32,69.72032
0.35,32,69.765482
0.38,32,69.808417
0.35,32,69.848238
0.4,32,69.892941
0.35,32,69.936359
0.35,32,69.980716
0.35,32,70.024456
0.4,32,70.069363
0.38,32,70.113566
0.4,32,70.156202
0.4,32,70.202856
0.4,32,70.24776
0.35,32,70.297756
0.4,32,70.345096
0.4,32,70.386299
0.4,32,70.438215
0.4,32,70.490184
0.4,32,70.530662
0.4,32,70.574063
0.4,32,70.614322
0.4,32,70.660214
0.4,32,70.714343
0.35,32,70.757696
0.4,32,70.801211
0.35,32,70.841197
0.35,32,70.887911
0.4,32,70.938245
0.3,16,70.966348
0.4,16,70.986587
0.4,32,71.030573
0.38,32,71.075655
0.4,32,71.122822
0.4,32,71.167294
0.35,32,71.207091
0.4,32,71.250225
0.4,32,71.294774
0.16,32,71.342548
0.4,32,71.397146
0.4,32,71.450984
0.4,32,71.514875
0.4,32,71.572081
0.4,32,71.625042
0.4,32,71.689762
0.4,32,71.741512
0.4,32,71.802809
0.38,32,71.854208
0.4,32,71.906474
0.4,32,71.964786
0.4,32,72.021734
0.35,32,72.083839
0.3,14,72.101642
0.4,32,72.147271
0.35,32,72.187325
0.35,32,72.244377
0.4,32,72.284732
0.4,32,72.324186
0.35,32,72.366358
0.4,32,72.414956
0.35,32,72.465279
0.35,32,72.513097
0.35,32,72.557359
0.35,32,72.600267
0.35,32,72.639982
0.4,32,72.691413
0.4,32,72.732478
0.4,32,72.773586
0.4,32,72.816374
0.35,32,72.856553
0.4,32,72.90589
0.4,32,72.94922
0.4,32,72.991839
0.35,32,73.035165
0.35,32,73.0752
0.35,32,73.12665
0.35,32,73.167523
0.35,32,73.207693
0.35,32,73.25071
0.35,32,73.290525
0.35,32,73.338027
0.35,32,73.37826
0.35,32,73.427293
0.35,32,73.478056
0.35,32,73.533188
0.4,32,73.58584
0.35,32,73.629174
0.35,32,73.679343
0.35,32,73.722273
0.35,32,73.762311
0.35,32,73.811351
0.35,32,73.8513
0.4,32,73.897882
0.35,32,73.943201
0.4,32,73.983616
0.35,32,74.031736
0.4,32,74.072663
0.35,32,74.113152
0.35,32,74.156315
0.35,32,74.196406
0.35,32,74.248493
0.4,32,74.288536
0.35,32,74.328968
0.35,32,74.373204
0.35,32,74.41402
0.35,32,74.470567
0.35,32,74.515213
0.35,32,74.57873
0.35,32,74.623443
0.35,32,74.668899
0.3,14,74.695192
0.35,32,74.736544
0.35,32,74.790275
0.16,32,74.831247
0.35,32,74.875854
0.35,32,74.917276
0.35,32,74.965674
0.35,32,75.009961
0.15,32,75.060307
0.15,32,75.104169
0.35,32,75.151013
0.35,32,75.196659
0.35,32,75.242006
0.35,32,75.282326
0.35,32,75.327507
0.35,32,75.367668
0.35,32,75.417651
0.35,32,75.461769
0.35,32,75.509021
0.35,32,75.569848
0.35,32,75.612277
0.35,32,75.666499
0.35,32,75.710673
0.35,32,75.750541
0.35,32,75.794471
0.35,32,75.834553
0.35,32,75.879237
0.35,32,75.925553
0.3,14,75.944129
0.35,32,75.987242
0.35,32,76.027433
0.35,32,76.071263
0.35,32,76.121716
0.35,32,76.165021
0.35,32,76.205339
0.35,32,76.244798
0.35,32,76.287738
0.35,32,76.329578
0.35,32,76.375441
0.35,32,76.418825
0.35,32,76.469806
0.35,32,76.512535
0.3,14,76.530993
0.3,14,76.550767
0.3,14,76.569058
0.35,32,76.619538
0.35,32,76.659427
0.35,32,76.699903
0.3,16,76.722048
0.35,32,76.760872
0.3,14,76.779402
0.3,14,76.800716
0.35,32,76.84375
0.35,32,76.883054
0.35,32,76.927201
0.35,32,76.966629
0.35,32,77.007287
0.35,32,77.047317
0.35,32,77.092056
0.35,32,77.133026
0.35,32,77.171059
0.3,14,77.18898
0.26,24,77.218517
0.35,32,77.260714
0.35,32,77.302318
0.35,32,77.340382
0.35,32,77.379017
0.35,32,77.428549
0.35,32,77.47479
0.3,14,77.494058
0.3,14,77.513024
0.35,32,77.555524
0.35,32,77.601398
0.35,32,77.649073
0.35,32,77.700793
0.35,32,77.750231
0.35,32,77.796888
0.35,32,77.84928
0.3,14,77.864874
0.35,32,77.914498
0.35,32,77.957467
0.35,32,78.00173
0.15,32,78.046156
0.35,32,78.086339
0.35,32,78.136649
0.35,32,78.176728
0.35,32,78.218872
0.35,32,78.258892
0.35,32,78.299014
0.35,32,78.350822
0.35,32,78.39207
0.35,32,78.43628
0.35,32,78.476147
0.2,32,78.516544
0.35,32,78.56561
0.35,32,78.610351
0.35,32,78.662944
0.35,32,78.711889
0.35,32,78.769483
0.35,32,78.821076
0.35,32,78.864822
0.35,32,78.910033
0.35,32,78.953207
0.35,32,78.998895
0.35,32,79.042082
0.3,32,79.083202
0.35,32,79.127333
0.35,32,79.172077
0.35,32,79.217564
0.35,32,79.269859
0.35,32,79.30907
0.35,32,79.352529
0.35,32,79.39323
0.35,32,79.438816
0.35,32,79.491254
0.35,32,79.535346
0.35,32,79.590459
0.35,32,79.64409
0.35,32,79.711869
0.35,32,79.770315
0.35,32,79.822858
0.35,32,79.88586
0.35,32,79.932671
0.35,32,79.972925
0.35,32,80.016346
0.25,32,80.05721
0.35,32,80.108877
0.25,32,80.149728
0.35,32,80.19012
0.35,32,80.233221
0.25,32,80.27388
0.35,32,80.322166
0.35,32,80.363045
0.35,32,80.406888
0.35,32,80.452726
0.35,32,80.494625
0.35,32,80.547988
0.35,32,80.594423
0.35,32,80.636651
0.35,32,80.686811
0.35,32,80.744771
0.35,32,80.796511
0.35,32,80.836169
0.35,32,80.876673
0.35,32,80.920988
0.35,32,80.962255
0.35,32,81.011457
0.35,32,81.051193
0.35,32,81.095659
0.35,32,81.138447
0.35,32,81.178984
0.35,32,81.226835
0.35,32,81.266652
0.35,32,81.306864
0.35,32,81.350914
0.35,32,81.39606
0.35,32,81.450922
0.35,32,81.491756
0.35,32,81.53202
0.35,32,81.574717
0.35,32,81.619507
0.35,32,81.671441
0.35,32,81.727127
0.35,32,81.772573
0.35,32,81.815435
0.35,32,81.854931
0.35,32,81.904594
0.35,32,81.946697
0.35,32,81.986378
0.35,32,82.033667
0.35,32,82.074533
0.35,32,82.134264
0.35,32,82.175426
0.35,32,82.215523
0.35,32,82.258165
0.35,32,82.297084
0.35,32,82.346169
0.35,32,82.387394
0.35,32,82.427525
0.35,32,82.471989
0.35,32,82.518803
0.35,32,82.567093
0.35,32,82.617128
0.35,32,82.657734
0.35,32,82.702291
0.35,32,82.750374
0.35,32,82.799453
0.35,32,82.839197
0.35,32,82.879246
0.35,32,82.927949
0.35,32,82.968365
0.35,32,83.016879
0.35,32,83.056535
0.35,32,83.0983
0.35,32,83.141553
0.35,32,83.182553
0.35,32,83.233902
0.35,32,83.27395
0.35,32,83.315392
0.35,32,83.360934
0.35,32,83.402549
0.35,32,83.452442
0.35,32,83.503088
0.35,32,83.546818
0.35,32,83.59013
0.35,32,83.631005
0.35,32,83.679555
0.35,32,83.724706
0.35,32,83.772805
0.35,32,83.816244
0.35,32,83.860199
0.35,32,83.912905
0.35,32,83.956003
0.35,32,83.995942
0.35,32,84.038885
0.35,32,84.08019
0.35,32,84.128737
0.35,32,84.173975
0.35,32,84.214331
0.35,32,84.258816
0.35,32,84.301739
0.35,32,84.350836
0.35,32,84.390949
0.35,32,84.431368
0.35,32,84.479843
0.35,32,84.520293
0.35,32,84.57004
0.35,32,84.614131
0.35,32,84.657078
0.35,32,84.701851
0.35,32,84.742278
0.35,32,84.808203
0.35,32,84.850954
0.35,32,84.893664
0.35,32,84.950866
0.35,32,84.991665
0.35,32,85.040686
0.25,14,85.056826
0.35,32,85.105896
0.35,32,85.147951
0.35,32,85.191767
0.21,20,85.218275
0.35,32,85.265668
0.35,32,85.308043
0.35,32,85.354524
0.35,32,85.398036
0.35,32,85.442133
0.35,32,85.487828
0.35,32,85.531403
0.35,32,85.57427
0.35,32,85.6154
0.35,32,85.65721
0.35,32,85.706144
0.35,32,85.744765
0.35,32,85.786233
0.35,32,85.831926
0.35,32,85.87306
0.35,32,85.917789
0.35,32,85.961138
0.35,32,86.005987
0.35,32,86.043884
0.35,32,86.086237
0.35,32,86.130178
0.35,32,86.170535
0.35,32,86.212473
0.11,32,86.25193
0.35,32,86.302752
0.35,32,86.346477
0.35,32,86.385716
0.35,32,86.428273
0.35,32,86.467528
0.35,32,86.514925
0.35,32,86.557983
0.35,32,86.59785
0.35,32,86.643859
0.35,32,86.68674
0.35,32,86.733021
0.3,32,86.785659
0.35,32,86.837805
0.35,32,86.882768
0.35,32,86.927191
0.35,32,86.971824
0.35,32,87.018753
0.35,32,87.059309
0.35,32,87.106734
0.35,32,87.152867
0.35,32,87.196384
0.35,32,87.241029
0.35,32,87.281992
0.35,32,87.326582
0.35,32,87.368195
0.35,32,87.422148
0.35,32,87.487601
0.35,32,87.535957
0.35,32,87.58036
0.35,32,87.625196
0.35,32,87.674222
0.35,32,87.736326
0.35,32,87.781247
0.35,32,87.825347
0.35,32,87.875182
0.35,32,87.932371
0.35,32,87.972944
0.35,32,88.013726
0.35,32,88.060705
0.15,32,88.103354
0.35,32,88.152961
0.35,32,88.19352
0.35,32,88.235878
0.35,32,88.281231
0.28,32,88.322801
0.35,32,88.375788
0.35,32,88.421845
0.35,32,88.464535
0.35,32,88.510368
0.35,32,88.552872
0.35,32,88.605797
0.35,32,88.64693
0.35,32,88.693655
0.35,32,88.736929
0.35,32,88.777193
0.35,32,88.825303
0.35,32,88.867334
0.35,32,88.913759
0.35,32,88.958962
0.35,32,89.003165
0.35,32,89.050301
0.35,32,89.108382
0.15,32,89.159077
0.35,32,89.201208
0.35,32,89.240816
0.35,32,89.29166
0.25,32,89.331782
0.35,32,89.37155
0.35,32,89.414904
0.35,32,89.457352
0.35,32,89.505212
0.25,32,89.545141
0.35,32,89.588605
0.35,32,89.632913
0.35,32,89.673707
0.35,32,89.725837
0.35,32,89.765977
0.33,16,89.78625
0.35,32,89.830245
0.35,32,89.870791
0.35,32,89.9265
0.35,32,89.974674
0.35,32,90.014974
0.35,32,90.057783
0.35,32,90.099236
0.35,32,90.144871
0.35,32,90.193995
0.35,32,90.23428
0.35,32,90.277062
0.35,32,90.318232
0.35,32,90.368539
0.35,32,90.414387
0.35,32,90.455257
0.35,32,90.503214
0.35,32,90.552853
0.35,32,90.599481
0.35,32,90.648385
0.35,32,90.690947
0.35,32,90.735935
0.35,32,90.777204
0.35,32,90.822066
0.35,32,90.864956
0.4,32,90.908954
0.35,32,90.963195
0.35,32,91.003657
0.35,32,91.048206
0.28,16,91.070753
0.35,32,91.11442
0.35,32,91.154405
0.35,32,91.197068
0.35,32,91.237607
0.35,32,91.285341
0.35,32,91.325726
0.35,32,91.370215
0.35,32,91.419569
0.35,32,91.464692
0.35,32,91.516531
0.35,32,91.562853
0.35,32,91.607731
0.35,32,91.652605
0.35,32,91.69468
0.35,32,91.744821
0.35,32,91.784963
0.35,32,91.824793
0.35,32,91.867835
0.35,32,91.908066
0.35,32,91.974564
0.35,32,92.016773
0.35,32,92.060654
0.35,32,92.104475
0.35,32,92.143258
0.35,32,92.189744
0.35,32,92.228544
0.35,32,92.267196
0.35,32,92.308813
0.35,32,92.348066
0.35,32,92.390656
0.35,32,92.438199
0.35,32,92.480433
0.35,32,92.522983
0.35,32,92.562353
0.35,32,92.607245
0.35,32,92.651584
0.35,32,92.694584
0.35,32,92.737205
0.35,32,92.778816
0.35,32,92.822265
0.35,32,92.867718
0.35,32,92.910802
0.35,32,92.957725
0.35,32,93.006201
0.35,32,93.049679
0.35,32,93.098331
0.4,22,93.125517
0.35,32,93.168875
0.35,32,93.208817
0.35,32,93.252516
0.4,28,93.295892
0.35,32,93.346341
0.35,32,93.38801
0.35,32,93.428922
0.35,32,93.47288
0.35,32,93.513429
0.35,32,93.560477
0.35,32,93.601022
0.35,32,93.647141
0.35,32,93.692036
0.35,32,93.73124
0.35,32,93.778447
0.35,32,93.818227
0.35,32,93.858179
0.35,32,93.902155
0.35,32,93.945188
0.35,32,93.991925
0.35,32,94.039931
0.35,32,94.079648
0.35,32,94.123543
0.35,32,94.163595
0.35,32,94.210635
0.35,32,94.255225
0.35,32,94.29591
0.35,32,94.341258
0.35,32,94.381896
0.35,32,94.434374
0.35,32,94.475059
0.35,32,94.516975
0.35,32,94.567082
0.35,32,94.607886
0.35,32,94.656847
0.35,32,94.707885
0.35,32,94.747829
0.35,32,94.790198
0.35,32,94.831354
0.35,32,94.878942
0.35,32,94.91794
0.35,32,94.958822
0.35,32,95.000218
0.35,32,95.045775
0.35,32,95.091653
0.35,32,95.130648
0.35,32,95.169718
0.35,32,95.214869
0.35,32,95.253495
0.35,32,95.297895
0.35,32,95.339627
0.35,32,95.378183
0.35,32,95.423055
0.35,32,95.465624
0.35,32,95.515649
0.35,32,95.556935
0.35,32,95.59786
0.35,32,95.639945
0.35,32,95.679979
0.35,32,95.726415
0.35,32,95.765493
0.35,32,95.804006
0.35,32,95.848561
0.35,32,95.893482
0.35,32,95.949414
0.35,32,95.990797
0.35,32,96.044287
0.35,32,96.097086
0.35,32,96.140255
0.35,32,96.193933
0.35,32,96.236249
0.35,32,96.278322
0.35,32,96.322668
0.35,32,96.367604
0.35,32,96.418709
0.35,32,96.460153
0.35,32,96.50121
0.35,32,96.546043
0.35,32,96.588311
0.35,32,96.641181
0.35,32,96.690767
0.35,32,96.732211
0.35,32,96.775889
0.35,32,96.815354
0.35,32,96.863538
0.35,32,96.905353
0.35,32,96.948316
0.35,32,96.992187
0.35,32,97.032208
0.35,32,97.090459
0.35,32,97.132798
0.35,32,97.173429
0.35,32,97.22016
0.35,32,97.262094
0.35,32,97.313017
0.35,32,97.355155
0.35,32,97.397212
0.35,32,97.456391
0.35,32,97.498924
0.35,32,97.552631
0.35,32,97.600242
0.35,32,97.641627
0.35,32,97.686809
0.35,32,97.727998
0.35,32,97.778632
0.35,32,97.820232
0.35,32,97.865294
0.35,32,97.913331
0.35,32,97.959946
0.35,32,98.007606
0.35,32,98.047486
0.35,32,98.086884
0.35,32,98.140676
0.35,32,98.181175
0.35,32,98.231596
0.35,32,98.272061
0.35,32,98.310868
0.25,32,98.354195
0.25,32,98.393522
0.25,32,98.44129
0.25,32,98.484121
0.25,32,98.528926
0.25,32,98.572875
0.25,32,98.614355
0.25,32,98.662543
0.25,32,98.703722
0.25,32,98.74267
0.25,32,98.78559
0.25,32,98.836503
0.25,32,98.884601
0.25,32,98.926496
0.25,32,98.965835
0.25,32,99.007637
0.25,32,99.0469
0.25,32,99.095604
0.25,32,99.150767
0.25,32,99.191624
0.25,32,99.234347
0.25,32,99.273255
0.25,32,99.31969
0.25,32,99.374342
0.35,32,99.414253
0.25,32,99.458826
0.25,32,99.500134
0.25,32,99.547926
0.25,32,99.587094
0.35,32,99.626843
0.35,32,99.674422
0.25,32,99.719254
0.25,32,99.766423
0.25,32,99.806485
0.25,32,99.845676
0.25,32,99.888885
0.25,32,99.92994
0.25,32,99.979492
0.25,32,100.018179
0.25,32,100.056796
0.25,32,100.099379
0.25,32,100.14099
0.25,32,100.190316
0.25,32,100.235931
0.25,32,100.27461
0.25,32,100.316377
0.25,32,100.357664
0.35,32,100.411053
0.35,32,100.453895
0.35,32,100.492872
0.35,32,100.535742
0.25,32,100.579948
0.25,32,100.626768
0.25,32,100.666301
0.35,32,100.705578
0.25,32,100.74595
0.35,32,100.786726
0.35,32,100.828016
0.35,32,100.869775
0.25,32,100.908834
0.35,32,100.951989
0.35,32,100.990712
0.35,32,101.032361
0.35,32,101.079263
0.35,32,101.120206
0.35,32,101.168123
0.35,32,101.208994
0.35,32,101.250281
0.35,32,101.29232
0.35,32,101.331394
0.35,32,101.377809
0.35,32,101.418706
0.35,32,101.461816
0.35,32,101.508248
0.35,32,101.559737
0.35,32,101.603654
0.35,32,101.643063
0.35,32,101.693201
0.35,32,101.738753
0.35,32,101.778975
0.35,32,101.822659
0.35,32,101.862498
0.35,32,101.910389
0.35,32,101.957335
0.35,32,102.002573
0.35,32,102.048072
0.35,32,102.090241
0.35,32,102.136452
0.35,32,102.189687
0.35,32,102.232231
0.35,32,102.278963
0.35,32,102.320008
0.35,32,102.363976
0.3,14,102.38024
0.35,32,102.43002
0.35,32,102.471739
0.35,32,102.515136
0.35,32,102.557032
0.35,32,102.601513
0.35,32,102.650421
0.35,32,102.697124
0.35,32,102.741038
0.35,32,102.781499
0.35,32,102.8216
0.35,32,102.869582
0.35,32,102.912193
0.35,32,102.970221
0.35,32,103.011582
0.35,32,103.053223
0.35,32,103.103371
0.35,32,103.148319
0.35,32,103.193448
0.35,32,103.243038
0.35,32,103.284272
0.35,32,103.340298
0.35,32,103.383214
0.35,32,103.429447
0.35,32,103.471267
0.35,32,103.513271
0.25,32,103.564813
0.25,32,103.611253
0.25,32,103.656911
0.25,32,103.700003
0.25,32,103.745488
0.25,32,103.79683
0.25,32,103.838322
0.25,32,103.884379
0.2,32,103.929013
0.25,32,103.970548
0.25,32,104.023338
0.25,32,104.064686
0.25,32,104.107674
0.25,32,104.149942
0.25,32,104.190006
0.25,32,104.244773
0.25,32,104.284135
0.25,32,104.326297
0.25,32,104.373606
0.25,32,104.41412
0.25,32,104.462918
0.25,32,104.506044
0.25,32,104.551573
0.25,32,104.590982
0.25,32,104.630073
0.25,32,104.680494
0.25,32,104.723493
0.25,32,104.765322
0.25,32,104.804618
0.25,32,104.843676
0.25,32,104.890661
0.25,32,104.93293
0.25,32,104.975638
0.25,32,105.024239
0.25,32,105.065622
0.25,32,105.114926
0.25,32,105.15531
0.25,32,105.196983
0.25,32,105.235827
0.25,32,105.281507
0.25,32,105.327759
0.25,32,105.368343
0.25,32,105.412204
0.25,32,105.453202
0.25,32,105.493026
0.25,32,105.541817
0.25,32,105.581965
0.25,32,105.624264
0.25,32,105.665361


